site_id,opcode,type_kind,bitwidth,operand_index,function
1,call,int,64,-1,__assert_fail
2,load,int,8,-1,__assert_fail
3,icmp,int,1,-1,__assert_fail
4,ptrtoint,int,64,-1,__assert_fail
5,ptrtoint,int,64,-1,__assert_fail
6,sub,int,64,-1,__assert_fail
7,trunc,int,32,-1,__assert_fail
8,load,int,64,-1,__assert_fail
9,load,int,32,-1,__assert_fail
10,sext,int,64,-1,__assert_fail
11,call,int,64,-1,__assert_fail
12,load,int,8,-1,__assert_fail
13,icmp,int,1,-1,__assert_fail
14,ptrtoint,int,64,-1,__assert_fail
15,ptrtoint,int,64,-1,__assert_fail
16,sub,int,64,-1,__assert_fail
17,trunc,int,32,-1,__assert_fail
18,load,int,64,-1,__assert_fail
19,load,int,32,-1,__assert_fail
20,sext,int,64,-1,__assert_fail
21,call,int,64,-1,__assert_fail
22,load,int,64,-1,__assert_fail
23,load,int,32,-1,__assert_fail
24,zext,int,64,-1,__assert_fail
25,call,int,64,-1,__assert_fail
26,load,int,8,-1,__assert_fail
27,icmp,int,1,-1,__assert_fail
28,ptrtoint,int,64,-1,__assert_fail
29,ptrtoint,int,64,-1,__assert_fail
30,sub,int,64,-1,__assert_fail
31,trunc,int,32,-1,__assert_fail
32,load,int,64,-1,__assert_fail
33,load,int,32,-1,__assert_fail
34,sext,int,64,-1,__assert_fail
35,call,int,64,-1,__assert_fail
36,load,int,8,-1,__assert_fail
37,icmp,int,1,-1,__assert_fail
38,ptrtoint,int,64,-1,__assert_fail
39,ptrtoint,int,64,-1,__assert_fail
40,sub,int,64,-1,__assert_fail
41,trunc,int,32,-1,__assert_fail
42,load,int,64,-1,__assert_fail
43,load,int,32,-1,__assert_fail
44,sext,int,64,-1,__assert_fail
45,call,int,64,-1,__assert_fail
46,call,int,64,-1,_Z10pathfinderPKiS0_PiS1_P21Trace029RuntimeRecordPjS4_S4_iiiii
47,trunc,int,32,-1,_Z10pathfinderPKiS0_PiS1_P21Trace029RuntimeRecordPjS4_S4_iiiii
48,call,int,64,-1,_Z10pathfinderPKiS0_PiS1_P21Trace029RuntimeRecordPjS4_S4_iiiii
49,trunc,int,32,-1,_Z10pathfinderPKiS0_PiS1_P21Trace029RuntimeRecordPjS4_S4_iiiii
50,call,int,64,-1,_Z10pathfinderPKiS0_PiS1_P21Trace029RuntimeRecordPjS4_S4_iiiii
51,trunc,int,32,-1,_Z10pathfinderPKiS0_PiS1_P21Trace029RuntimeRecordPjS4_S4_iiiii
52,load,int,32,-1,_Z10pathfinderPKiS0_PiS1_P21Trace029RuntimeRecordPjS4_S4_iiiii
53,load,int,32,-1,_Z10pathfinderPKiS0_PiS1_P21Trace029RuntimeRecordPjS4_S4_iiiii
54,load,int,32,-1,_Z10pathfinderPKiS0_PiS1_P21Trace029RuntimeRecordPjS4_S4_iiiii
55,mul,int,32,-1,_Z10pathfinderPKiS0_PiS1_P21Trace029RuntimeRecordPjS4_S4_iiiii
56,mul,int,32,-1,_Z10pathfinderPKiS0_PiS1_P21Trace029RuntimeRecordPjS4_S4_iiiii
57,sub,int,32,-1,_Z10pathfinderPKiS0_PiS1_P21Trace029RuntimeRecordPjS4_S4_iiiii
58,load,int,32,-1,_Z10pathfinderPKiS0_PiS1_P21Trace029RuntimeRecordPjS4_S4_iiiii
59,load,int,32,-1,_Z10pathfinderPKiS0_PiS1_P21Trace029RuntimeRecordPjS4_S4_iiiii
60,load,int,32,-1,_Z10pathfinderPKiS0_PiS1_P21Trace029RuntimeRecordPjS4_S4_iiiii
61,mul,int,32,-1,_Z10pathfinderPKiS0_PiS1_P21Trace029RuntimeRecordPjS4_S4_iiiii
62,mul,int,32,-1,_Z10pathfinderPKiS0_PiS1_P21Trace029RuntimeRecordPjS4_S4_iiiii
63,sub,int,32,-1,_Z10pathfinderPKiS0_PiS1_P21Trace029RuntimeRecordPjS4_S4_iiiii
64,load,int,32,-1,_Z10pathfinderPKiS0_PiS1_P21Trace029RuntimeRecordPjS4_S4_iiiii
65,load,int,32,-1,_Z10pathfinderPKiS0_PiS1_P21Trace029RuntimeRecordPjS4_S4_iiiii
66,mul,int,32,-1,_Z10pathfinderPKiS0_PiS1_P21Trace029RuntimeRecordPjS4_S4_iiiii
67,load,int,32,-1,_Z10pathfinderPKiS0_PiS1_P21Trace029RuntimeRecordPjS4_S4_iiiii
68,sub,int,32,-1,_Z10pathfinderPKiS0_PiS1_P21Trace029RuntimeRecordPjS4_S4_iiiii
69,load,int,32,-1,_Z10pathfinderPKiS0_PiS1_P21Trace029RuntimeRecordPjS4_S4_iiiii
70,load,int,32,-1,_Z10pathfinderPKiS0_PiS1_P21Trace029RuntimeRecordPjS4_S4_iiiii
71,add,int,32,-1,_Z10pathfinderPKiS0_PiS1_P21Trace029RuntimeRecordPjS4_S4_iiiii
72,sub,int,32,-1,_Z10pathfinderPKiS0_PiS1_P21Trace029RuntimeRecordPjS4_S4_iiiii
73,load,int,32,-1,_Z10pathfinderPKiS0_PiS1_P21Trace029RuntimeRecordPjS4_S4_iiiii
74,load,int,32,-1,_Z10pathfinderPKiS0_PiS1_P21Trace029RuntimeRecordPjS4_S4_iiiii
75,add,int,32,-1,_Z10pathfinderPKiS0_PiS1_P21Trace029RuntimeRecordPjS4_S4_iiiii
76,load,int,32,-1,_Z10pathfinderPKiS0_PiS1_P21Trace029RuntimeRecordPjS4_S4_iiiii
77,icmp,int,1,-1,_Z10pathfinderPKiS0_PiS1_P21Trace029RuntimeRecordPjS4_S4_iiiii
78,load,int,32,-1,_Z10pathfinderPKiS0_PiS1_P21Trace029RuntimeRecordPjS4_S4_iiiii
79,sub,int,32,-1,_Z10pathfinderPKiS0_PiS1_P21Trace029RuntimeRecordPjS4_S4_iiiii
80,phi,int,32,-1,_Z10pathfinderPKiS0_PiS1_P21Trace029RuntimeRecordPjS4_S4_iiiii
81,load,int,32,-1,_Z10pathfinderPKiS0_PiS1_P21Trace029RuntimeRecordPjS4_S4_iiiii
82,load,int,32,-1,_Z10pathfinderPKiS0_PiS1_P21Trace029RuntimeRecordPjS4_S4_iiiii
83,sub,int,32,-1,_Z10pathfinderPKiS0_PiS1_P21Trace029RuntimeRecordPjS4_S4_iiiii
84,icmp,int,1,-1,_Z10pathfinderPKiS0_PiS1_P21Trace029RuntimeRecordPjS4_S4_iiiii
85,load,int,32,-1,_Z10pathfinderPKiS0_PiS1_P21Trace029RuntimeRecordPjS4_S4_iiiii
86,sub,int,32,-1,_Z10pathfinderPKiS0_PiS1_P21Trace029RuntimeRecordPjS4_S4_iiiii
87,load,int,32,-1,_Z10pathfinderPKiS0_PiS1_P21Trace029RuntimeRecordPjS4_S4_iiiii
88,load,int,32,-1,_Z10pathfinderPKiS0_PiS1_P21Trace029RuntimeRecordPjS4_S4_iiiii
89,sub,int,32,-1,_Z10pathfinderPKiS0_PiS1_P21Trace029RuntimeRecordPjS4_S4_iiiii
90,add,int,32,-1,_Z10pathfinderPKiS0_PiS1_P21Trace029RuntimeRecordPjS4_S4_iiiii
91,sub,int,32,-1,_Z10pathfinderPKiS0_PiS1_P21Trace029RuntimeRecordPjS4_S4_iiiii
92,load,int,32,-1,_Z10pathfinderPKiS0_PiS1_P21Trace029RuntimeRecordPjS4_S4_iiiii
93,sub,int,32,-1,_Z10pathfinderPKiS0_PiS1_P21Trace029RuntimeRecordPjS4_S4_iiiii
94,phi,int,32,-1,_Z10pathfinderPKiS0_PiS1_P21Trace029RuntimeRecordPjS4_S4_iiiii
95,load,int,32,-1,_Z10pathfinderPKiS0_PiS1_P21Trace029RuntimeRecordPjS4_S4_iiiii
96,sub,int,32,-1,_Z10pathfinderPKiS0_PiS1_P21Trace029RuntimeRecordPjS4_S4_iiiii
97,load,int,32,-1,_Z10pathfinderPKiS0_PiS1_P21Trace029RuntimeRecordPjS4_S4_iiiii
98,add,int,32,-1,_Z10pathfinderPKiS0_PiS1_P21Trace029RuntimeRecordPjS4_S4_iiiii
99,load,int,32,-1,_Z10pathfinderPKiS0_PiS1_P21Trace029RuntimeRecordPjS4_S4_iiiii
100,load,int,32,-1,_Z10pathfinderPKiS0_PiS1_P21Trace029RuntimeRecordPjS4_S4_iiiii
101,icmp,int,1,-1,_Z10pathfinderPKiS0_PiS1_P21Trace029RuntimeRecordPjS4_S4_iiiii
102,load,int,32,-1,_Z10pathfinderPKiS0_PiS1_P21Trace029RuntimeRecordPjS4_S4_iiiii
103,load,int,32,-1,_Z10pathfinderPKiS0_PiS1_P21Trace029RuntimeRecordPjS4_S4_iiiii
104,phi,int,32,-1,_Z10pathfinderPKiS0_PiS1_P21Trace029RuntimeRecordPjS4_S4_iiiii
105,load,int,32,-1,_Z10pathfinderPKiS0_PiS1_P21Trace029RuntimeRecordPjS4_S4_iiiii
106,load,int,32,-1,_Z10pathfinderPKiS0_PiS1_P21Trace029RuntimeRecordPjS4_S4_iiiii
107,icmp,int,1,-1,_Z10pathfinderPKiS0_PiS1_P21Trace029RuntimeRecordPjS4_S4_iiiii
108,load,int,32,-1,_Z10pathfinderPKiS0_PiS1_P21Trace029RuntimeRecordPjS4_S4_iiiii
109,load,int,32,-1,_Z10pathfinderPKiS0_PiS1_P21Trace029RuntimeRecordPjS4_S4_iiiii
110,phi,int,32,-1,_Z10pathfinderPKiS0_PiS1_P21Trace029RuntimeRecordPjS4_S4_iiiii
111,load,int,32,-1,_Z10pathfinderPKiS0_PiS1_P21Trace029RuntimeRecordPjS4_S4_iiiii
112,load,int,32,-1,_Z10pathfinderPKiS0_PiS1_P21Trace029RuntimeRecordPjS4_S4_iiiii
113,icmp,int,1,-1,_Z10pathfinderPKiS0_PiS1_P21Trace029RuntimeRecordPjS4_S4_iiiii
114,load,int,32,-1,_Z10pathfinderPKiS0_PiS1_P21Trace029RuntimeRecordPjS4_S4_iiiii
115,load,int,32,-1,_Z10pathfinderPKiS0_PiS1_P21Trace029RuntimeRecordPjS4_S4_iiiii
116,icmp,int,1,-1,_Z10pathfinderPKiS0_PiS1_P21Trace029RuntimeRecordPjS4_S4_iiiii
117,phi,int,1,-1,_Z10pathfinderPKiS0_PiS1_P21Trace029RuntimeRecordPjS4_S4_iiiii
118,zext,int,8,-1,_Z10pathfinderPKiS0_PiS1_P21Trace029RuntimeRecordPjS4_S4_iiiii
119,load,int,32,-1,_Z10pathfinderPKiS0_PiS1_P21Trace029RuntimeRecordPjS4_S4_iiiii
120,icmp,int,1,-1,_Z10pathfinderPKiS0_PiS1_P21Trace029RuntimeRecordPjS4_S4_iiiii
121,load,int,32,-1,_Z10pathfinderPKiS0_PiS1_P21Trace029RuntimeRecordPjS4_S4_iiiii
122,load,int,32,-1,_Z10pathfinderPKiS0_PiS1_P21Trace029RuntimeRecordPjS4_S4_iiiii
123,sub,int,32,-1,_Z10pathfinderPKiS0_PiS1_P21Trace029RuntimeRecordPjS4_S4_iiiii
124,icmp,int,1,-1,_Z10pathfinderPKiS0_PiS1_P21Trace029RuntimeRecordPjS4_S4_iiiii
125,load,int,32,-1,_Z10pathfinderPKiS0_PiS1_P21Trace029RuntimeRecordPjS4_S4_iiiii
126,sext,int,64,-1,_Z10pathfinderPKiS0_PiS1_P21Trace029RuntimeRecordPjS4_S4_iiiii
127,load,int,32,-1,_Z10pathfinderPKiS0_PiS1_P21Trace029RuntimeRecordPjS4_S4_iiiii
128,load,int,32,-1,_Z10pathfinderPKiS0_PiS1_P21Trace029RuntimeRecordPjS4_S4_iiiii
129,sext,int,64,-1,_Z10pathfinderPKiS0_PiS1_P21Trace029RuntimeRecordPjS4_S4_iiiii
130,load,int,32,-1,_Z10pathfinderPKiS0_PiS1_P21Trace029RuntimeRecordPjS4_S4_iiiii
131,load,int,32,-1,_Z10pathfinderPKiS0_PiS1_P21Trace029RuntimeRecordPjS4_S4_iiiii
132,icmp,int,1,-1,_Z10pathfinderPKiS0_PiS1_P21Trace029RuntimeRecordPjS4_S4_iiiii
133,load,int,32,-1,_Z10pathfinderPKiS0_PiS1_P21Trace029RuntimeRecordPjS4_S4_iiiii
134,load,int,32,-1,_Z10pathfinderPKiS0_PiS1_P21Trace029RuntimeRecordPjS4_S4_iiiii
135,add,int,32,-1,_Z10pathfinderPKiS0_PiS1_P21Trace029RuntimeRecordPjS4_S4_iiiii
136,icmp,int,1,-1,_Z10pathfinderPKiS0_PiS1_P21Trace029RuntimeRecordPjS4_S4_iiiii
137,load,int,32,-1,_Z10pathfinderPKiS0_PiS1_P21Trace029RuntimeRecordPjS4_S4_iiiii
138,load,int,32,-1,_Z10pathfinderPKiS0_PiS1_P21Trace029RuntimeRecordPjS4_S4_iiiii
139,load,int,32,-1,_Z10pathfinderPKiS0_PiS1_P21Trace029RuntimeRecordPjS4_S4_iiiii
140,sub,int,32,-1,_Z10pathfinderPKiS0_PiS1_P21Trace029RuntimeRecordPjS4_S4_iiiii
141,sub,int,32,-1,_Z10pathfinderPKiS0_PiS1_P21Trace029RuntimeRecordPjS4_S4_iiiii
142,icmp,int,1,-1,_Z10pathfinderPKiS0_PiS1_P21Trace029RuntimeRecordPjS4_S4_iiiii
143,load,int,8,-1,_Z10pathfinderPKiS0_PiS1_P21Trace029RuntimeRecordPjS4_S4_iiiii
144,trunc,int,1,-1,_Z10pathfinderPKiS0_PiS1_P21Trace029RuntimeRecordPjS4_S4_iiiii
145,load,int,32,-1,_Z10pathfinderPKiS0_PiS1_P21Trace029RuntimeRecordPjS4_S4_iiiii
146,sext,int,64,-1,_Z10pathfinderPKiS0_PiS1_P21Trace029RuntimeRecordPjS4_S4_iiiii
147,load,int,32,-1,_Z10pathfinderPKiS0_PiS1_P21Trace029RuntimeRecordPjS4_S4_iiiii
148,load,int,32,-1,_Z10pathfinderPKiS0_PiS1_P21Trace029RuntimeRecordPjS4_S4_iiiii
149,sext,int,64,-1,_Z10pathfinderPKiS0_PiS1_P21Trace029RuntimeRecordPjS4_S4_iiiii
150,load,int,32,-1,_Z10pathfinderPKiS0_PiS1_P21Trace029RuntimeRecordPjS4_S4_iiiii
151,load,int,32,-1,_Z10pathfinderPKiS0_PiS1_P21Trace029RuntimeRecordPjS4_S4_iiiii
152,sext,int,64,-1,_Z10pathfinderPKiS0_PiS1_P21Trace029RuntimeRecordPjS4_S4_iiiii
153,load,int,32,-1,_Z10pathfinderPKiS0_PiS1_P21Trace029RuntimeRecordPjS4_S4_iiiii
154,load,int,32,-1,_Z10pathfinderPKiS0_PiS1_P21Trace029RuntimeRecordPjS4_S4_iiiii
155,load,int,32,-1,_Z10pathfinderPKiS0_PiS1_P21Trace029RuntimeRecordPjS4_S4_iiiii
156,icmp,int,1,-1,_Z10pathfinderPKiS0_PiS1_P21Trace029RuntimeRecordPjS4_S4_iiiii
157,load,int,32,-1,_Z10pathfinderPKiS0_PiS1_P21Trace029RuntimeRecordPjS4_S4_iiiii
158,load,int,32,-1,_Z10pathfinderPKiS0_PiS1_P21Trace029RuntimeRecordPjS4_S4_iiiii
159,phi,int,32,-1,_Z10pathfinderPKiS0_PiS1_P21Trace029RuntimeRecordPjS4_S4_iiiii
160,load,int,32,-1,_Z10pathfinderPKiS0_PiS1_P21Trace029RuntimeRecordPjS4_S4_iiiii
161,load,int,32,-1,_Z10pathfinderPKiS0_PiS1_P21Trace029RuntimeRecordPjS4_S4_iiiii
162,icmp,int,1,-1,_Z10pathfinderPKiS0_PiS1_P21Trace029RuntimeRecordPjS4_S4_iiiii
163,load,int,32,-1,_Z10pathfinderPKiS0_PiS1_P21Trace029RuntimeRecordPjS4_S4_iiiii
164,load,int,32,-1,_Z10pathfinderPKiS0_PiS1_P21Trace029RuntimeRecordPjS4_S4_iiiii
165,phi,int,32,-1,_Z10pathfinderPKiS0_PiS1_P21Trace029RuntimeRecordPjS4_S4_iiiii
166,load,int,32,-1,_Z10pathfinderPKiS0_PiS1_P21Trace029RuntimeRecordPjS4_S4_iiiii
167,load,int,32,-1,_Z10pathfinderPKiS0_PiS1_P21Trace029RuntimeRecordPjS4_S4_iiiii
168,load,int,32,-1,_Z10pathfinderPKiS0_PiS1_P21Trace029RuntimeRecordPjS4_S4_iiiii
169,add,int,32,-1,_Z10pathfinderPKiS0_PiS1_P21Trace029RuntimeRecordPjS4_S4_iiiii
170,mul,int,32,-1,_Z10pathfinderPKiS0_PiS1_P21Trace029RuntimeRecordPjS4_S4_iiiii
171,load,int,32,-1,_Z10pathfinderPKiS0_PiS1_P21Trace029RuntimeRecordPjS4_S4_iiiii
172,add,int,32,-1,_Z10pathfinderPKiS0_PiS1_P21Trace029RuntimeRecordPjS4_S4_iiiii
173,load,int,32,-1,_Z10pathfinderPKiS0_PiS1_P21Trace029RuntimeRecordPjS4_S4_iiiii
174,load,int,32,-1,_Z10pathfinderPKiS0_PiS1_P21Trace029RuntimeRecordPjS4_S4_iiiii
175,sext,int,64,-1,_Z10pathfinderPKiS0_PiS1_P21Trace029RuntimeRecordPjS4_S4_iiiii
176,load,int,32,-1,_Z10pathfinderPKiS0_PiS1_P21Trace029RuntimeRecordPjS4_S4_iiiii
177,add,int,32,-1,_Z10pathfinderPKiS0_PiS1_P21Trace029RuntimeRecordPjS4_S4_iiiii
178,load,int,32,-1,_Z10pathfinderPKiS0_PiS1_P21Trace029RuntimeRecordPjS4_S4_iiiii
179,sext,int,64,-1,_Z10pathfinderPKiS0_PiS1_P21Trace029RuntimeRecordPjS4_S4_iiiii
180,load,int,32,-1,_Z10pathfinderPKiS0_PiS1_P21Trace029RuntimeRecordPjS4_S4_iiiii
181,load,int,32,-1,_Z10pathfinderPKiS0_PiS1_P21Trace029RuntimeRecordPjS4_S4_iiiii
182,sext,int,64,-1,_Z10pathfinderPKiS0_PiS1_P21Trace029RuntimeRecordPjS4_S4_iiiii
183,load,int,32,-1,_Z10pathfinderPKiS0_PiS1_P21Trace029RuntimeRecordPjS4_S4_iiiii
184,load,int,32,-1,_Z10pathfinderPKiS0_PiS1_P21Trace029RuntimeRecordPjS4_S4_iiiii
185,load,int,32,-1,_Z10pathfinderPKiS0_PiS1_P21Trace029RuntimeRecordPjS4_S4_iiiii
186,call,int,32,-1,_Z10pathfinderPKiS0_PiS1_P21Trace029RuntimeRecordPjS4_S4_iiiii
187,icmp,int,1,-1,_Z10pathfinderPKiS0_PiS1_P21Trace029RuntimeRecordPjS4_S4_iiiii
188,call,int,32,-1,_Z10pathfinderPKiS0_PiS1_P21Trace029RuntimeRecordPjS4_S4_iiiii
189,load,int,32,-1,_Z10pathfinderPKiS0_PiS1_P21Trace029RuntimeRecordPjS4_S4_iiiii
190,icmp,int,1,-1,_Z10pathfinderPKiS0_PiS1_P21Trace029RuntimeRecordPjS4_S4_iiiii
191,load,int,32,-1,_Z10pathfinderPKiS0_PiS1_P21Trace029RuntimeRecordPjS4_S4_iiiii
192,load,int,32,-1,_Z10pathfinderPKiS0_PiS1_P21Trace029RuntimeRecordPjS4_S4_iiiii
193,load,int,32,-1,_Z10pathfinderPKiS0_PiS1_P21Trace029RuntimeRecordPjS4_S4_iiiii
194,load,int,32,-1,_Z10pathfinderPKiS0_PiS1_P21Trace029RuntimeRecordPjS4_S4_iiiii
195,load,int,32,-1,_Z10pathfinderPKiS0_PiS1_P21Trace029RuntimeRecordPjS4_S4_iiiii
196,load,int,32,-1,_Z10pathfinderPKiS0_PiS1_P21Trace029RuntimeRecordPjS4_S4_iiiii
197,load,int,32,-1,_Z10pathfinderPKiS0_PiS1_P21Trace029RuntimeRecordPjS4_S4_iiiii
198,load,int,32,-1,_Z10pathfinderPKiS0_PiS1_P21Trace029RuntimeRecordPjS4_S4_iiiii
199,load,int,32,-1,_Z10pathfinderPKiS0_PiS1_P21Trace029RuntimeRecordPjS4_S4_iiiii
200,load,int,32,-1,_Z10pathfinderPKiS0_PiS1_P21Trace029RuntimeRecordPjS4_S4_iiiii
201,load,int,32,-1,_Z10pathfinderPKiS0_PiS1_P21Trace029RuntimeRecordPjS4_S4_iiiii
202,load,int,8,-1,_Z10pathfinderPKiS0_PiS1_P21Trace029RuntimeRecordPjS4_S4_iiiii
203,trunc,int,1,-1,_Z10pathfinderPKiS0_PiS1_P21Trace029RuntimeRecordPjS4_S4_iiiii
204,zext,int,64,-1,_Z10pathfinderPKiS0_PiS1_P21Trace029RuntimeRecordPjS4_S4_iiiii
205,select,int,32,-1,_Z10pathfinderPKiS0_PiS1_P21Trace029RuntimeRecordPjS4_S4_iiiii
206,load,int,32,-1,_Z10pathfinderPKiS0_PiS1_P21Trace029RuntimeRecordPjS4_S4_iiiii
207,load,int,32,-1,_Z10pathfinderPKiS0_PiS1_P21Trace029RuntimeRecordPjS4_S4_iiiii
208,load,int,32,-1,_Z10pathfinderPKiS0_PiS1_P21Trace029RuntimeRecordPjS4_S4_iiiii
209,zext,int,64,-1,_Z10pathfinderPKiS0_PiS1_P21Trace029RuntimeRecordPjS4_S4_iiiii
210,load,int,32,-1,_Z10pathfinderPKiS0_PiS1_P21Trace029RuntimeRecordPjS4_S4_iiiii
211,icmp,int,1,-1,_Z10pathfinderPKiS0_PiS1_P21Trace029RuntimeRecordPjS4_S4_iiiii
212,load,int,32,-1,_Z10pathfinderPKiS0_PiS1_P21Trace029RuntimeRecordPjS4_S4_iiiii
213,icmp,int,1,-1,_Z10pathfinderPKiS0_PiS1_P21Trace029RuntimeRecordPjS4_S4_iiiii
214,load,int,32,-1,_Z10pathfinderPKiS0_PiS1_P21Trace029RuntimeRecordPjS4_S4_iiiii
215,sext,int,64,-1,_Z10pathfinderPKiS0_PiS1_P21Trace029RuntimeRecordPjS4_S4_iiiii
216,load,int,32,-1,_Z10pathfinderPKiS0_PiS1_P21Trace029RuntimeRecordPjS4_S4_iiiii
217,load,int,32,-1,_Z10pathfinderPKiS0_PiS1_P21Trace029RuntimeRecordPjS4_S4_iiiii
218,sext,int,64,-1,_Z10pathfinderPKiS0_PiS1_P21Trace029RuntimeRecordPjS4_S4_iiiii
219,load,int,32,-1,_Z10pathfinderPKiS0_PiS1_P21Trace029RuntimeRecordPjS4_S4_iiiii
220,load,int,32,-1,_Z10pathfinderPKiS0_PiS1_P21Trace029RuntimeRecordPjS4_S4_iiiii
221,sub,int,32,-1,_Z10pathfinderPKiS0_PiS1_P21Trace029RuntimeRecordPjS4_S4_iiiii
222,icmp,int,1,-1,_Z10pathfinderPKiS0_PiS1_P21Trace029RuntimeRecordPjS4_S4_iiiii
223,load,int,8,-1,_Z10pathfinderPKiS0_PiS1_P21Trace029RuntimeRecordPjS4_S4_iiiii
224,trunc,int,1,-1,_Z10pathfinderPKiS0_PiS1_P21Trace029RuntimeRecordPjS4_S4_iiiii
225,load,int,32,-1,_Z10pathfinderPKiS0_PiS1_P21Trace029RuntimeRecordPjS4_S4_iiiii
226,sext,int,64,-1,_Z10pathfinderPKiS0_PiS1_P21Trace029RuntimeRecordPjS4_S4_iiiii
227,load,int,32,-1,_Z10pathfinderPKiS0_PiS1_P21Trace029RuntimeRecordPjS4_S4_iiiii
228,load,int,32,-1,_Z10pathfinderPKiS0_PiS1_P21Trace029RuntimeRecordPjS4_S4_iiiii
229,sext,int,64,-1,_Z10pathfinderPKiS0_PiS1_P21Trace029RuntimeRecordPjS4_S4_iiiii
230,load,int,32,-1,_Z10pathfinderPKiS0_PiS1_P21Trace029RuntimeRecordPjS4_S4_iiiii
231,add,int,32,-1,_Z10pathfinderPKiS0_PiS1_P21Trace029RuntimeRecordPjS4_S4_iiiii
232,load,int,8,-1,_Z10pathfinderPKiS0_PiS1_P21Trace029RuntimeRecordPjS4_S4_iiiii
233,trunc,int,1,-1,_Z10pathfinderPKiS0_PiS1_P21Trace029RuntimeRecordPjS4_S4_iiiii
234,zext,int,8,-1,_Z10pathfinderPKiS0_PiS1_P21Trace029RuntimeRecordPjS4_S4_iiiii
235,load,int,8,-1,_Z10pathfinderPKiS0_PiS1_P21Trace029RuntimeRecordPjS4_S4_iiiii
236,trunc,int,1,-1,_Z10pathfinderPKiS0_PiS1_P21Trace029RuntimeRecordPjS4_S4_iiiii
237,load,int,32,-1,_Z10pathfinderPKiS0_PiS1_P21Trace029RuntimeRecordPjS4_S4_iiiii
238,sext,int,64,-1,_Z10pathfinderPKiS0_PiS1_P21Trace029RuntimeRecordPjS4_S4_iiiii
239,load,int,32,-1,_Z10pathfinderPKiS0_PiS1_P21Trace029RuntimeRecordPjS4_S4_iiiii
240,load,int,32,-1,_Z10pathfinderPKiS0_PiS1_P21Trace029RuntimeRecordPjS4_S4_iiiii
241,sext,int,64,-1,_Z10pathfinderPKiS0_PiS1_P21Trace029RuntimeRecordPjS4_S4_iiiii
242,call,int,32,-1,_Z10pathfinderPKiS0_PiS1_P21Trace029RuntimeRecordPjS4_S4_iiiii
243,icmp,int,1,-1,_Z10pathfinderPKiS0_PiS1_P21Trace029RuntimeRecordPjS4_S4_iiiii
244,load,int,8,-1,_Z10pathfinderPKiS0_PiS1_P21Trace029RuntimeRecordPjS4_S4_iiiii
245,trunc,int,1,-1,_Z10pathfinderPKiS0_PiS1_P21Trace029RuntimeRecordPjS4_S4_iiiii
246,call,int,32,-1,_Z10pathfinderPKiS0_PiS1_P21Trace029RuntimeRecordPjS4_S4_iiiii
247,load,int,32,-1,_Z10pathfinderPKiS0_PiS1_P21Trace029RuntimeRecordPjS4_S4_iiiii
248,icmp,int,1,-1,_Z10pathfinderPKiS0_PiS1_P21Trace029RuntimeRecordPjS4_S4_iiiii
249,load,int,32,-1,_Z10pathfinderPKiS0_PiS1_P21Trace029RuntimeRecordPjS4_S4_iiiii
250,load,int,32,-1,_Z10pathfinderPKiS0_PiS1_P21Trace029RuntimeRecordPjS4_S4_iiiii
251,sub,int,32,-1,_Z10pathfinderPKiS0_PiS1_P21Trace029RuntimeRecordPjS4_S4_iiiii
252,load,int,32,-1,_Z10pathfinderPKiS0_PiS1_P21Trace029RuntimeRecordPjS4_S4_iiiii
253,load,int,32,-1,_Z10pathfinderPKiS0_PiS1_P21Trace029RuntimeRecordPjS4_S4_iiiii
254,load,int,32,-1,_Z10pathfinderPKiS0_PiS1_P21Trace029RuntimeRecordPjS4_S4_iiiii
255,load,int,32,-1,_Z10pathfinderPKiS0_PiS1_P21Trace029RuntimeRecordPjS4_S4_iiiii
256,load,int,32,-1,_Z10pathfinderPKiS0_PiS1_P21Trace029RuntimeRecordPjS4_S4_iiiii
257,load,int,32,-1,_Z10pathfinderPKiS0_PiS1_P21Trace029RuntimeRecordPjS4_S4_iiiii
258,load,int,32,-1,_Z10pathfinderPKiS0_PiS1_P21Trace029RuntimeRecordPjS4_S4_iiiii
259,load,int,32,-1,_Z10pathfinderPKiS0_PiS1_P21Trace029RuntimeRecordPjS4_S4_iiiii
260,load,int,32,-1,_Z10pathfinderPKiS0_PiS1_P21Trace029RuntimeRecordPjS4_S4_iiiii
261,load,int,8,-1,_Z10pathfinderPKiS0_PiS1_P21Trace029RuntimeRecordPjS4_S4_iiiii
262,trunc,int,1,-1,_Z10pathfinderPKiS0_PiS1_P21Trace029RuntimeRecordPjS4_S4_iiiii
263,zext,int,64,-1,_Z10pathfinderPKiS0_PiS1_P21Trace029RuntimeRecordPjS4_S4_iiiii
264,select,int,32,-1,_Z10pathfinderPKiS0_PiS1_P21Trace029RuntimeRecordPjS4_S4_iiiii
265,load,int,8,-1,_Z10pathfinderPKiS0_PiS1_P21Trace029RuntimeRecordPjS4_S4_iiiii
266,trunc,int,1,-1,_Z10pathfinderPKiS0_PiS1_P21Trace029RuntimeRecordPjS4_S4_iiiii
267,zext,int,64,-1,_Z10pathfinderPKiS0_PiS1_P21Trace029RuntimeRecordPjS4_S4_iiiii
268,select,int,32,-1,_Z10pathfinderPKiS0_PiS1_P21Trace029RuntimeRecordPjS4_S4_iiiii
269,load,int,32,-1,_Z10pathfinderPKiS0_PiS1_P21Trace029RuntimeRecordPjS4_S4_iiiii
270,load,int,32,-1,_Z10pathfinderPKiS0_PiS1_P21Trace029RuntimeRecordPjS4_S4_iiiii
271,load,int,32,-1,_Z10pathfinderPKiS0_PiS1_P21Trace029RuntimeRecordPjS4_S4_iiiii
272,zext,int,64,-1,_Z10pathfinderPKiS0_PiS1_P21Trace029RuntimeRecordPjS4_S4_iiiii
273,load,int,32,-1,_Z9atomicAddPjj
274,load,int,32,-1,_Z9atomicAddPjj
275,atomicrmw,int,32,-1,_Z9atomicAddPjj
276,load,int,32,-1,_Z9atomicAddPjj
277,load,int,32,-1,_ZL9__barrieri
278,load,int,32,-1,_ZL20__work_group_barrierj
279,icmp,int,1,-1,_ZL20__work_group_barrierj
280,call,int,32,-1,__ockl_get_local_id
281,call,int,32,-1,__ockl_get_local_id
282,call,int,32,-1,__ockl_get_local_id
283,phi,int,32,-1,__ockl_get_local_id
284,zext,int,64,-1,__ockl_get_local_id
285,extractelement,int,64,-1,__ockl_fprintf_stderr_begin
286,load,int,32,-1,__ockl_hostcall_preview
287,icmp,int,1,-1,__ockl_hostcall_preview
288,select,int,64,-1,__ockl_hostcall_preview
289,load,int,64,-1,__ockl_hostcall_preview
290,call,int,32,-1,__ockl_hostcall_internal
291,call,int,32,-1,__ockl_hostcall_internal
292,call,int,32,-1,__ockl_hostcall_internal
293,icmp,int,1,-1,__ockl_hostcall_internal
294,load,int,64,-1,__ockl_hostcall_internal
295,load,int,64,-1,__ockl_hostcall_internal
296,and,int,64,-1,__ockl_hostcall_internal
297,load,int,64,-1,__ockl_hostcall_internal
298,extractvalue,int,1,-1,__ockl_hostcall_internal
299,extractvalue,int,64,-1,__ockl_hostcall_internal
300,phi,int,64,-1,__ockl_hostcall_internal
301,load,int,64,-1,__ockl_hostcall_internal
302,and,int,64,-1,__ockl_hostcall_internal
303,load,int,64,-1,__ockl_hostcall_internal
304,extractvalue,int,1,-1,__ockl_hostcall_internal
305,extractvalue,int,64,-1,__ockl_hostcall_internal
306,phi,int,64,-1,__ockl_hostcall_internal
307,trunc,int,32,-1,__ockl_hostcall_internal
308,lshr,int,64,-1,__ockl_hostcall_internal
309,trunc,int,32,-1,__ockl_hostcall_internal
310,call,int,32,-1,__ockl_hostcall_internal
311,call,int,32,-1,__ockl_hostcall_internal
312,zext,int,64,-1,__ockl_hostcall_internal
313,shl,int,64,-1,__ockl_hostcall_internal
314,zext,int,64,-1,__ockl_hostcall_internal
315,or,int,64,-1,__ockl_hostcall_internal
316,load,int,64,-1,__ockl_hostcall_internal
317,and,int,64,-1,__ockl_hostcall_internal
318,call,int,64,-1,__ockl_hostcall_internal
319,zext,int,64,-1,__ockl_hostcall_internal
320,load,int,64,-1,__ockl_hostcall_internal
321,load,int,64,-1,__ockl_hostcall_internal
322,and,int,64,-1,__ockl_hostcall_internal
323,extractvalue,int,1,-1,__ockl_hostcall_internal
324,extractvalue,int,64,-1,__ockl_hostcall_internal
325,extractvalue,int,1,-1,__ockl_hostcall_internal
326,load,int,64,-1,__ockl_hostcall_internal
327,load,int,32,-1,__ockl_hostcall_internal
328,and,int,32,-1,__ockl_hostcall_internal
329,phi,int,32,-1,__ockl_hostcall_internal
330,call,int,32,-1,__ockl_hostcall_internal
331,icmp,int,1,-1,__ockl_hostcall_internal
332,load,int,64,-1,__ockl_hostcall_internal
333,load,int,64,-1,__ockl_hostcall_internal
334,load,int,64,-1,__ockl_hostcall_internal
335,add,int,64,-1,__ockl_hostcall_internal
336,add,int,64,-1,__ockl_hostcall_internal
337,icmp,int,1,-1,__ockl_hostcall_internal
338,select,int,64,-1,__ockl_hostcall_internal
339,load,int,64,-1,__ockl_hostcall_internal
340,and,int,64,-1,__ockl_hostcall_internal
341,extractvalue,int,1,-1,__ockl_hostcall_internal
342,extractvalue,int,64,-1,__ockl_hostcall_internal
343,extractvalue,int,1,-1,__ockl_hostcall_internal
344,atomicrmw,int,64,-1,__ockl_hsa_signal_add
345,atomicrmw,int,64,-1,__ockl_hsa_signal_add
346,atomicrmw,int,64,-1,__ockl_hsa_signal_add
347,atomicrmw,int,64,-1,__ockl_hsa_signal_add
348,atomicrmw,int,64,-1,__ockl_hsa_signal_add
349,load,int,64,-1,__ockl_hsa_signal_add
350,icmp,int,1,-1,__ockl_hsa_signal_add
351,load,int,32,-1,__ockl_hsa_signal_add
352,zext,int,64,-1,__ockl_hsa_signal_add
353,load,int,32,-1,__ockl_hsa_signal_add
354,icmp,int,1,-1,__ockl_hsa_signal_add
355,icmp,int,1,-1,__ockl_hsa_signal_add
356,icmp,int,1,-1,__ockl_hsa_signal_add
357,select,int,32,-1,__ockl_hsa_signal_add
358,select,int,32,-1,__ockl_hsa_signal_add
359,select,int,32,-1,__ockl_hsa_signal_add
360,and,int,32,-1,__ockl_hsa_signal_add
361,call,int,32,-1,__ockl_hsa_signal_add
362,icmp,int,1,-1,__ockl_fprintf_append_args
363,or,int,64,-1,__ockl_fprintf_append_args
364,select,int,64,-1,__ockl_fprintf_append_args
365,and,int,64,-1,__ockl_fprintf_append_args
366,zext,int,64,-1,__ockl_fprintf_append_args
367,shl,int,64,-1,__ockl_fprintf_append_args
368,or,int,64,-1,__ockl_fprintf_append_args
369,extractelement,int,64,-1,__ockl_fprintf_append_args
370,icmp,int,1,-1,__ockl_fprintf_append_string_n
371,or,int,64,-1,__ockl_fprintf_append_string_n
372,select,int,64,-1,__ockl_fprintf_append_string_n
373,icmp,int,1,-1,__ockl_fprintf_append_string_n
374,and,int,64,-1,__ockl_fprintf_append_string_n
375,or,int,64,-1,__ockl_fprintf_append_string_n
376,and,int,64,-1,__ockl_fprintf_append_string_n
377,and,int,64,-1,__ockl_fprintf_append_string_n
378,phi,int,64,-1,__ockl_fprintf_append_string_n
379,icmp,int,1,-1,__ockl_fprintf_append_string_n
380,extractelement,int,64,-1,__ockl_fprintf_append_string_n
381,or,int,64,-1,__ockl_fprintf_append_string_n
382,call,int,64,-1,__ockl_fprintf_append_string_n
383,trunc,int,32,-1,__ockl_fprintf_append_string_n
384,extractelement,int,64,-1,__ockl_fprintf_append_string_n
385,icmp,int,1,-1,__ockl_fprintf_append_string_n
386,icmp,int,1,-1,__ockl_fprintf_append_string_n
387,load,int,8,-1,__ockl_fprintf_append_string_n
388,zext,int,64,-1,__ockl_fprintf_append_string_n
389,load,int,8,-1,__ockl_fprintf_append_string_n
390,zext,int,64,-1,__ockl_fprintf_append_string_n
391,shl,int,64,-1,__ockl_fprintf_append_string_n
392,or,int,64,-1,__ockl_fprintf_append_string_n
393,load,int,8,-1,__ockl_fprintf_append_string_n
394,zext,int,64,-1,__ockl_fprintf_append_string_n
395,shl,int,64,-1,__ockl_fprintf_append_string_n
396,or,int,64,-1,__ockl_fprintf_append_string_n
397,load,int,8,-1,__ockl_fprintf_append_string_n
398,zext,int,64,-1,__ockl_fprintf_append_string_n
399,shl,int,64,-1,__ockl_fprintf_append_string_n
400,or,int,64,-1,__ockl_fprintf_append_string_n
401,load,int,8,-1,__ockl_fprintf_append_string_n
402,zext,int,64,-1,__ockl_fprintf_append_string_n
403,shl,int,64,-1,__ockl_fprintf_append_string_n
404,or,int,64,-1,__ockl_fprintf_append_string_n
405,load,int,8,-1,__ockl_fprintf_append_string_n
406,zext,int,64,-1,__ockl_fprintf_append_string_n
407,shl,int,64,-1,__ockl_fprintf_append_string_n
408,or,int,64,-1,__ockl_fprintf_append_string_n
409,load,int,8,-1,__ockl_fprintf_append_string_n
410,zext,int,64,-1,__ockl_fprintf_append_string_n
411,shl,int,64,-1,__ockl_fprintf_append_string_n
412,or,int,64,-1,__ockl_fprintf_append_string_n
413,load,int,8,-1,__ockl_fprintf_append_string_n
414,zext,int,64,-1,__ockl_fprintf_append_string_n
415,shl,int,64,-1,__ockl_fprintf_append_string_n
416,or,int,64,-1,__ockl_fprintf_append_string_n
417,add,int,32,-1,__ockl_fprintf_append_string_n
418,phi,int,32,-1,__ockl_fprintf_append_string_n
419,phi,int,64,-1,__ockl_fprintf_append_string_n
420,zext,int,64,-1,__ockl_fprintf_append_string_n
421,load,int,8,-1,__ockl_fprintf_append_string_n
422,zext,int,64,-1,__ockl_fprintf_append_string_n
423,shl,int,32,-1,__ockl_fprintf_append_string_n
424,zext,int,64,-1,__ockl_fprintf_append_string_n
425,shl,int,64,-1,__ockl_fprintf_append_string_n
426,or,int,64,-1,__ockl_fprintf_append_string_n
427,add,int,32,-1,__ockl_fprintf_append_string_n
428,icmp,int,1,-1,__ockl_fprintf_append_string_n
429,phi,int,32,-1,__ockl_fprintf_append_string_n
430,phi,int,64,-1,__ockl_fprintf_append_string_n
431,icmp,int,1,-1,__ockl_fprintf_append_string_n
432,icmp,int,1,-1,__ockl_fprintf_append_string_n
433,load,int,8,-1,__ockl_fprintf_append_string_n
434,zext,int,64,-1,__ockl_fprintf_append_string_n
435,load,int,8,-1,__ockl_fprintf_append_string_n
436,zext,int,64,-1,__ockl_fprintf_append_string_n
437,shl,int,64,-1,__ockl_fprintf_append_string_n
438,or,int,64,-1,__ockl_fprintf_append_string_n
439,load,int,8,-1,__ockl_fprintf_append_string_n
440,zext,int,64,-1,__ockl_fprintf_append_string_n
441,shl,int,64,-1,__ockl_fprintf_append_string_n
442,or,int,64,-1,__ockl_fprintf_append_string_n
443,load,int,8,-1,__ockl_fprintf_append_string_n
444,zext,int,64,-1,__ockl_fprintf_append_string_n
445,shl,int,64,-1,__ockl_fprintf_append_string_n
446,or,int,64,-1,__ockl_fprintf_append_string_n
447,load,int,8,-1,__ockl_fprintf_append_string_n
448,zext,int,64,-1,__ockl_fprintf_append_string_n
449,shl,int,64,-1,__ockl_fprintf_append_string_n
450,or,int,64,-1,__ockl_fprintf_append_string_n
451,load,int,8,-1,__ockl_fprintf_append_string_n
452,zext,int,64,-1,__ockl_fprintf_append_string_n
453,shl,int,64,-1,__ockl_fprintf_append_string_n
454,or,int,64,-1,__ockl_fprintf_append_string_n
455,load,int,8,-1,__ockl_fprintf_append_string_n
456,zext,int,64,-1,__ockl_fprintf_append_string_n
457,shl,int,64,-1,__ockl_fprintf_append_string_n
458,or,int,64,-1,__ockl_fprintf_append_string_n
459,load,int,8,-1,__ockl_fprintf_append_string_n
460,zext,int,64,-1,__ockl_fprintf_append_string_n
461,shl,int,64,-1,__ockl_fprintf_append_string_n
462,or,int,64,-1,__ockl_fprintf_append_string_n
463,add,int,32,-1,__ockl_fprintf_append_string_n
464,phi,int,32,-1,__ockl_fprintf_append_string_n
465,phi,int,64,-1,__ockl_fprintf_append_string_n
466,zext,int,64,-1,__ockl_fprintf_append_string_n
467,load,int,8,-1,__ockl_fprintf_append_string_n
468,zext,int,64,-1,__ockl_fprintf_append_string_n
469,shl,int,32,-1,__ockl_fprintf_append_string_n
470,zext,int,64,-1,__ockl_fprintf_append_string_n
471,shl,int,64,-1,__ockl_fprintf_append_string_n
472,or,int,64,-1,__ockl_fprintf_append_string_n
473,add,int,32,-1,__ockl_fprintf_append_string_n
474,icmp,int,1,-1,__ockl_fprintf_append_string_n
475,phi,int,32,-1,__ockl_fprintf_append_string_n
476,phi,int,64,-1,__ockl_fprintf_append_string_n
477,icmp,int,1,-1,__ockl_fprintf_append_string_n
478,icmp,int,1,-1,__ockl_fprintf_append_string_n
479,load,int,8,-1,__ockl_fprintf_append_string_n
480,zext,int,64,-1,__ockl_fprintf_append_string_n
481,load,int,8,-1,__ockl_fprintf_append_string_n
482,zext,int,64,-1,__ockl_fprintf_append_string_n
483,shl,int,64,-1,__ockl_fprintf_append_string_n
484,or,int,64,-1,__ockl_fprintf_append_string_n
485,load,int,8,-1,__ockl_fprintf_append_string_n
486,zext,int,64,-1,__ockl_fprintf_append_string_n
487,shl,int,64,-1,__ockl_fprintf_append_string_n
488,or,int,64,-1,__ockl_fprintf_append_string_n
489,load,int,8,-1,__ockl_fprintf_append_string_n
490,zext,int,64,-1,__ockl_fprintf_append_string_n
491,shl,int,64,-1,__ockl_fprintf_append_string_n
492,or,int,64,-1,__ockl_fprintf_append_string_n
493,load,int,8,-1,__ockl_fprintf_append_string_n
494,zext,int,64,-1,__ockl_fprintf_append_string_n
495,shl,int,64,-1,__ockl_fprintf_append_string_n
496,or,int,64,-1,__ockl_fprintf_append_string_n
497,load,int,8,-1,__ockl_fprintf_append_string_n
498,zext,int,64,-1,__ockl_fprintf_append_string_n
499,shl,int,64,-1,__ockl_fprintf_append_string_n
500,or,int,64,-1,__ockl_fprintf_append_string_n
501,load,int,8,-1,__ockl_fprintf_append_string_n
502,zext,int,64,-1,__ockl_fprintf_append_string_n
503,shl,int,64,-1,__ockl_fprintf_append_string_n
504,or,int,64,-1,__ockl_fprintf_append_string_n
505,load,int,8,-1,__ockl_fprintf_append_string_n
506,zext,int,64,-1,__ockl_fprintf_append_string_n
507,shl,int,64,-1,__ockl_fprintf_append_string_n
508,or,int,64,-1,__ockl_fprintf_append_string_n
509,add,int,32,-1,__ockl_fprintf_append_string_n
510,phi,int,32,-1,__ockl_fprintf_append_string_n
511,phi,int,64,-1,__ockl_fprintf_append_string_n
512,zext,int,64,-1,__ockl_fprintf_append_string_n
513,load,int,8,-1,__ockl_fprintf_append_string_n
514,zext,int,64,-1,__ockl_fprintf_append_string_n
515,shl,int,32,-1,__ockl_fprintf_append_string_n
516,zext,int,64,-1,__ockl_fprintf_append_string_n
517,shl,int,64,-1,__ockl_fprintf_append_string_n
518,or,int,64,-1,__ockl_fprintf_append_string_n
519,add,int,32,-1,__ockl_fprintf_append_string_n
520,icmp,int,1,-1,__ockl_fprintf_append_string_n
521,phi,int,32,-1,__ockl_fprintf_append_string_n
522,phi,int,64,-1,__ockl_fprintf_append_string_n
523,icmp,int,1,-1,__ockl_fprintf_append_string_n
524,icmp,int,1,-1,__ockl_fprintf_append_string_n
525,load,int,8,-1,__ockl_fprintf_append_string_n
526,zext,int,64,-1,__ockl_fprintf_append_string_n
527,load,int,8,-1,__ockl_fprintf_append_string_n
528,zext,int,64,-1,__ockl_fprintf_append_string_n
529,shl,int,64,-1,__ockl_fprintf_append_string_n
530,or,int,64,-1,__ockl_fprintf_append_string_n
531,load,int,8,-1,__ockl_fprintf_append_string_n
532,zext,int,64,-1,__ockl_fprintf_append_string_n
533,shl,int,64,-1,__ockl_fprintf_append_string_n
534,or,int,64,-1,__ockl_fprintf_append_string_n
535,load,int,8,-1,__ockl_fprintf_append_string_n
536,zext,int,64,-1,__ockl_fprintf_append_string_n
537,shl,int,64,-1,__ockl_fprintf_append_string_n
538,or,int,64,-1,__ockl_fprintf_append_string_n
539,load,int,8,-1,__ockl_fprintf_append_string_n
540,zext,int,64,-1,__ockl_fprintf_append_string_n
541,shl,int,64,-1,__ockl_fprintf_append_string_n
542,or,int,64,-1,__ockl_fprintf_append_string_n
543,load,int,8,-1,__ockl_fprintf_append_string_n
544,zext,int,64,-1,__ockl_fprintf_append_string_n
545,shl,int,64,-1,__ockl_fprintf_append_string_n
546,or,int,64,-1,__ockl_fprintf_append_string_n
547,load,int,8,-1,__ockl_fprintf_append_string_n
548,zext,int,64,-1,__ockl_fprintf_append_string_n
549,shl,int,64,-1,__ockl_fprintf_append_string_n
550,or,int,64,-1,__ockl_fprintf_append_string_n
551,load,int,8,-1,__ockl_fprintf_append_string_n
552,zext,int,64,-1,__ockl_fprintf_append_string_n
553,shl,int,64,-1,__ockl_fprintf_append_string_n
554,or,int,64,-1,__ockl_fprintf_append_string_n
555,add,int,32,-1,__ockl_fprintf_append_string_n
556,phi,int,32,-1,__ockl_fprintf_append_string_n
557,phi,int,64,-1,__ockl_fprintf_append_string_n
558,zext,int,64,-1,__ockl_fprintf_append_string_n
559,load,int,8,-1,__ockl_fprintf_append_string_n
560,zext,int,64,-1,__ockl_fprintf_append_string_n
561,shl,int,32,-1,__ockl_fprintf_append_string_n
562,zext,int,64,-1,__ockl_fprintf_append_string_n
563,shl,int,64,-1,__ockl_fprintf_append_string_n
564,or,int,64,-1,__ockl_fprintf_append_string_n
565,add,int,32,-1,__ockl_fprintf_append_string_n
566,icmp,int,1,-1,__ockl_fprintf_append_string_n
567,phi,int,32,-1,__ockl_fprintf_append_string_n
568,phi,int,64,-1,__ockl_fprintf_append_string_n
569,icmp,int,1,-1,__ockl_fprintf_append_string_n
570,icmp,int,1,-1,__ockl_fprintf_append_string_n
571,load,int,8,-1,__ockl_fprintf_append_string_n
572,zext,int,64,-1,__ockl_fprintf_append_string_n
573,load,int,8,-1,__ockl_fprintf_append_string_n
574,zext,int,64,-1,__ockl_fprintf_append_string_n
575,shl,int,64,-1,__ockl_fprintf_append_string_n
576,or,int,64,-1,__ockl_fprintf_append_string_n
577,load,int,8,-1,__ockl_fprintf_append_string_n
578,zext,int,64,-1,__ockl_fprintf_append_string_n
579,shl,int,64,-1,__ockl_fprintf_append_string_n
580,or,int,64,-1,__ockl_fprintf_append_string_n
581,load,int,8,-1,__ockl_fprintf_append_string_n
582,zext,int,64,-1,__ockl_fprintf_append_string_n
583,shl,int,64,-1,__ockl_fprintf_append_string_n
584,or,int,64,-1,__ockl_fprintf_append_string_n
585,load,int,8,-1,__ockl_fprintf_append_string_n
586,zext,int,64,-1,__ockl_fprintf_append_string_n
587,shl,int,64,-1,__ockl_fprintf_append_string_n
588,or,int,64,-1,__ockl_fprintf_append_string_n
589,load,int,8,-1,__ockl_fprintf_append_string_n
590,zext,int,64,-1,__ockl_fprintf_append_string_n
591,shl,int,64,-1,__ockl_fprintf_append_string_n
592,or,int,64,-1,__ockl_fprintf_append_string_n
593,load,int,8,-1,__ockl_fprintf_append_string_n
594,zext,int,64,-1,__ockl_fprintf_append_string_n
595,shl,int,64,-1,__ockl_fprintf_append_string_n
596,or,int,64,-1,__ockl_fprintf_append_string_n
597,load,int,8,-1,__ockl_fprintf_append_string_n
598,zext,int,64,-1,__ockl_fprintf_append_string_n
599,shl,int,64,-1,__ockl_fprintf_append_string_n
600,or,int,64,-1,__ockl_fprintf_append_string_n
601,add,int,32,-1,__ockl_fprintf_append_string_n
602,phi,int,32,-1,__ockl_fprintf_append_string_n
603,phi,int,64,-1,__ockl_fprintf_append_string_n
604,zext,int,64,-1,__ockl_fprintf_append_string_n
605,load,int,8,-1,__ockl_fprintf_append_string_n
606,zext,int,64,-1,__ockl_fprintf_append_string_n
607,shl,int,32,-1,__ockl_fprintf_append_string_n
608,zext,int,64,-1,__ockl_fprintf_append_string_n
609,shl,int,64,-1,__ockl_fprintf_append_string_n
610,or,int,64,-1,__ockl_fprintf_append_string_n
611,add,int,32,-1,__ockl_fprintf_append_string_n
612,icmp,int,1,-1,__ockl_fprintf_append_string_n
613,phi,int,32,-1,__ockl_fprintf_append_string_n
614,phi,int,64,-1,__ockl_fprintf_append_string_n
615,icmp,int,1,-1,__ockl_fprintf_append_string_n
616,icmp,int,1,-1,__ockl_fprintf_append_string_n
617,load,int,8,-1,__ockl_fprintf_append_string_n
618,zext,int,64,-1,__ockl_fprintf_append_string_n
619,load,int,8,-1,__ockl_fprintf_append_string_n
620,zext,int,64,-1,__ockl_fprintf_append_string_n
621,shl,int,64,-1,__ockl_fprintf_append_string_n
622,or,int,64,-1,__ockl_fprintf_append_string_n
623,load,int,8,-1,__ockl_fprintf_append_string_n
624,zext,int,64,-1,__ockl_fprintf_append_string_n
625,shl,int,64,-1,__ockl_fprintf_append_string_n
626,or,int,64,-1,__ockl_fprintf_append_string_n
627,load,int,8,-1,__ockl_fprintf_append_string_n
628,zext,int,64,-1,__ockl_fprintf_append_string_n
629,shl,int,64,-1,__ockl_fprintf_append_string_n
630,or,int,64,-1,__ockl_fprintf_append_string_n
631,load,int,8,-1,__ockl_fprintf_append_string_n
632,zext,int,64,-1,__ockl_fprintf_append_string_n
633,shl,int,64,-1,__ockl_fprintf_append_string_n
634,or,int,64,-1,__ockl_fprintf_append_string_n
635,load,int,8,-1,__ockl_fprintf_append_string_n
636,zext,int,64,-1,__ockl_fprintf_append_string_n
637,shl,int,64,-1,__ockl_fprintf_append_string_n
638,or,int,64,-1,__ockl_fprintf_append_string_n
639,load,int,8,-1,__ockl_fprintf_append_string_n
640,zext,int,64,-1,__ockl_fprintf_append_string_n
641,shl,int,64,-1,__ockl_fprintf_append_string_n
642,or,int,64,-1,__ockl_fprintf_append_string_n
643,load,int,8,-1,__ockl_fprintf_append_string_n
644,zext,int,64,-1,__ockl_fprintf_append_string_n
645,shl,int,64,-1,__ockl_fprintf_append_string_n
646,or,int,64,-1,__ockl_fprintf_append_string_n
647,add,int,32,-1,__ockl_fprintf_append_string_n
648,phi,int,32,-1,__ockl_fprintf_append_string_n
649,phi,int,64,-1,__ockl_fprintf_append_string_n
650,zext,int,64,-1,__ockl_fprintf_append_string_n
651,load,int,8,-1,__ockl_fprintf_append_string_n
652,zext,int,64,-1,__ockl_fprintf_append_string_n
653,shl,int,32,-1,__ockl_fprintf_append_string_n
654,zext,int,64,-1,__ockl_fprintf_append_string_n
655,shl,int,64,-1,__ockl_fprintf_append_string_n
656,or,int,64,-1,__ockl_fprintf_append_string_n
657,add,int,32,-1,__ockl_fprintf_append_string_n
658,icmp,int,1,-1,__ockl_fprintf_append_string_n
659,phi,int,32,-1,__ockl_fprintf_append_string_n
660,phi,int,64,-1,__ockl_fprintf_append_string_n
661,icmp,int,1,-1,__ockl_fprintf_append_string_n
662,icmp,int,1,-1,__ockl_fprintf_append_string_n
663,load,int,8,-1,__ockl_fprintf_append_string_n
664,zext,int,64,-1,__ockl_fprintf_append_string_n
665,load,int,8,-1,__ockl_fprintf_append_string_n
666,zext,int,64,-1,__ockl_fprintf_append_string_n
667,shl,int,64,-1,__ockl_fprintf_append_string_n
668,or,int,64,-1,__ockl_fprintf_append_string_n
669,load,int,8,-1,__ockl_fprintf_append_string_n
670,zext,int,64,-1,__ockl_fprintf_append_string_n
671,shl,int,64,-1,__ockl_fprintf_append_string_n
672,or,int,64,-1,__ockl_fprintf_append_string_n
673,load,int,8,-1,__ockl_fprintf_append_string_n
674,zext,int,64,-1,__ockl_fprintf_append_string_n
675,shl,int,64,-1,__ockl_fprintf_append_string_n
676,or,int,64,-1,__ockl_fprintf_append_string_n
677,load,int,8,-1,__ockl_fprintf_append_string_n
678,zext,int,64,-1,__ockl_fprintf_append_string_n
679,shl,int,64,-1,__ockl_fprintf_append_string_n
680,or,int,64,-1,__ockl_fprintf_append_string_n
681,load,int,8,-1,__ockl_fprintf_append_string_n
682,zext,int,64,-1,__ockl_fprintf_append_string_n
683,shl,int,64,-1,__ockl_fprintf_append_string_n
684,or,int,64,-1,__ockl_fprintf_append_string_n
685,load,int,8,-1,__ockl_fprintf_append_string_n
686,zext,int,64,-1,__ockl_fprintf_append_string_n
687,shl,int,64,-1,__ockl_fprintf_append_string_n
688,or,int,64,-1,__ockl_fprintf_append_string_n
689,load,int,8,-1,__ockl_fprintf_append_string_n
690,zext,int,64,-1,__ockl_fprintf_append_string_n
691,shl,int,64,-1,__ockl_fprintf_append_string_n
692,or,int,64,-1,__ockl_fprintf_append_string_n
693,phi,int,32,-1,__ockl_fprintf_append_string_n
694,phi,int,64,-1,__ockl_fprintf_append_string_n
695,zext,int,64,-1,__ockl_fprintf_append_string_n
696,load,int,8,-1,__ockl_fprintf_append_string_n
697,zext,int,64,-1,__ockl_fprintf_append_string_n
698,shl,int,32,-1,__ockl_fprintf_append_string_n
699,zext,int,64,-1,__ockl_fprintf_append_string_n
700,shl,int,64,-1,__ockl_fprintf_append_string_n
701,or,int,64,-1,__ockl_fprintf_append_string_n
702,add,int,32,-1,__ockl_fprintf_append_string_n
703,icmp,int,1,-1,__ockl_fprintf_append_string_n
704,phi,int,64,-1,__ockl_fprintf_append_string_n
705,shl,int,64,-1,__ockl_fprintf_append_string_n
706,add,int,64,-1,__ockl_fprintf_append_string_n
707,and,int,64,-1,__ockl_fprintf_append_string_n
708,and,int,64,-1,__ockl_fprintf_append_string_n
709,or,int,64,-1,__ockl_fprintf_append_string_n
710,sub,int,64,-1,__ockl_fprintf_append_string_n
711,icmp,int,1,-1,__ockl_fprintf_append_string_n
712,extractelement,int,64,-1,__ockl_fprintf_append_string_n
713,load,int,32,-1,__ockl_get_local_size
714,icmp,int,1,-1,__ockl_get_local_size
715,call,int,32,-1,__ockl_get_local_size
716,load,int,16,-1,__ockl_get_local_size
717,zext,int,32,-1,__ockl_get_local_size
718,load,int,32,-1,__ockl_get_local_size
719,mul,int,32,-1,__ockl_get_local_size
720,sub,int,32,-1,__ockl_get_local_size
721,call,int,32,-1,__ockl_get_local_size
722,zext,int,64,-1,__ockl_get_local_size
723,call,int,32,-1,__ockl_get_local_size
724,load,int,32,-1,__ockl_get_local_size
725,icmp,int,1,-1,__ockl_get_local_size
726,select,int,64,-1,__ockl_get_local_size
727,load,int,16,-1,__ockl_get_local_size
728,zext,int,64,-1,__ockl_get_local_size
729,load,int,32,-1,__ockl_get_local_size
730,icmp,int,1,-1,__ockl_get_local_size
731,call,int,32,-1,__ockl_get_local_size
732,load,int,16,-1,__ockl_get_local_size
733,zext,int,32,-1,__ockl_get_local_size
734,load,int,32,-1,__ockl_get_local_size
735,mul,int,32,-1,__ockl_get_local_size
736,sub,int,32,-1,__ockl_get_local_size
737,call,int,32,-1,__ockl_get_local_size
738,zext,int,64,-1,__ockl_get_local_size
739,call,int,32,-1,__ockl_get_local_size
740,load,int,32,-1,__ockl_get_local_size
741,icmp,int,1,-1,__ockl_get_local_size
742,select,int,64,-1,__ockl_get_local_size
743,load,int,16,-1,__ockl_get_local_size
744,zext,int,64,-1,__ockl_get_local_size
745,load,int,32,-1,__ockl_get_local_size
746,icmp,int,1,-1,__ockl_get_local_size
747,call,int,32,-1,__ockl_get_local_size
748,load,int,16,-1,__ockl_get_local_size
749,zext,int,32,-1,__ockl_get_local_size
750,load,int,32,-1,__ockl_get_local_size
751,mul,int,32,-1,__ockl_get_local_size
752,sub,int,32,-1,__ockl_get_local_size
753,call,int,32,-1,__ockl_get_local_size
754,zext,int,64,-1,__ockl_get_local_size
755,call,int,32,-1,__ockl_get_local_size
756,load,int,32,-1,__ockl_get_local_size
757,icmp,int,1,-1,__ockl_get_local_size
758,select,int,64,-1,__ockl_get_local_size
759,load,int,16,-1,__ockl_get_local_size
760,zext,int,64,-1,__ockl_get_local_size
761,phi,int,64,-1,__ockl_get_local_size
762,call,int,32,-1,__ockl_get_group_id
763,call,int,32,-1,__ockl_get_group_id
764,call,int,32,-1,__ockl_get_group_id
765,phi,int,32,-1,__ockl_get_group_id
766,zext,int,64,-1,__ockl_get_group_id
