site_id,bit_index,result,exit_code,stdout,stderr,dump
1,11,SDC,0,/home/mdunlavy/GPU_FI/HeCBench/results/llvm17_inject/pathfinder/operand/site1_bit11.out,/home/mdunlavy/GPU_FI/HeCBench/results/llvm17_inject/pathfinder/operand/site1_bit11.err,
4,11,SDC,0,/home/mdunlavy/GPU_FI/HeCBench/results/llvm17_inject/pathfinder/operand/site4_bit11.out,/home/mdunlavy/GPU_FI/HeCBench/results/llvm17_inject/pathfinder/operand/site4_bit11.err,
7,11,MASKED,0,/home/mdunlavy/GPU_FI/HeCBench/results/llvm17_inject/pathfinder/operand/site7_bit11.out,/home/mdunlavy/GPU_FI/HeCBench/results/llvm17_inject/pathfinder/operand/site7_bit11.err,
10,11,SDC,0,/home/mdunlavy/GPU_FI/HeCBench/results/llvm17_inject/pathfinder/operand/site10_bit11.out,/home/mdunlavy/GPU_FI/HeCBench/results/llvm17_inject/pathfinder/operand/site10_bit11.err,
24,11,SDC,0,/home/mdunlavy/GPU_FI/HeCBench/results/llvm17_inject/pathfinder/operand/site24_bit11.out,/home/mdunlavy/GPU_FI/HeCBench/results/llvm17_inject/pathfinder/operand/site24_bit11.err,
27,11,MASKED,0,/home/mdunlavy/GPU_FI/HeCBench/results/llvm17_inject/pathfinder/operand/site27_bit11.out,/home/mdunlavy/GPU_FI/HeCBench/results/llvm17_inject/pathfinder/operand/site27_bit11.err,
30,11,SDC,0,/home/mdunlavy/GPU_FI/HeCBench/results/llvm17_inject/pathfinder/operand/site30_bit11.out,/home/mdunlavy/GPU_FI/HeCBench/results/llvm17_inject/pathfinder/operand/site30_bit11.err,
33,11,SDC,0,/home/mdunlavy/GPU_FI/HeCBench/results/llvm17_inject/pathfinder/operand/site33_bit11.out,/home/mdunlavy/GPU_FI/HeCBench/results/llvm17_inject/pathfinder/operand/site33_bit11.err,
36,11,SDC,0,/home/mdunlavy/GPU_FI/HeCBench/results/llvm17_inject/pathfinder/operand/site36_bit11.out,/home/mdunlavy/GPU_FI/HeCBench/results/llvm17_inject/pathfinder/operand/site36_bit11.err,
39,11,SDC,0,/home/mdunlavy/GPU_FI/HeCBench/results/llvm17_inject/pathfinder/operand/site39_bit11.out,/home/mdunlavy/GPU_FI/HeCBench/results/llvm17_inject/pathfinder/operand/site39_bit11.err,
42,11,SDC,0,/home/mdunlavy/GPU_FI/HeCBench/results/llvm17_inject/pathfinder/operand/site42_bit11.out,/home/mdunlavy/GPU_FI/HeCBench/results/llvm17_inject/pathfinder/operand/site42_bit11.err,
46,10,SDC,0,/home/mdunlavy/GPU_FI/HeCBench/results/llvm17_inject/pathfinder/operand/site46_bit10.out,/home/mdunlavy/GPU_FI/HeCBench/results/llvm17_inject/pathfinder/operand/site46_bit10.err,
49,10,SDC,0,/home/mdunlavy/GPU_FI/HeCBench/results/llvm17_inject/pathfinder/operand/site49_bit10.out,/home/mdunlavy/GPU_FI/HeCBench/results/llvm17_inject/pathfinder/operand/site49_bit10.err,
53,9,SDC,0,/home/mdunlavy/GPU_FI/HeCBench/results/llvm17_inject/pathfinder/operand/site53_bit9.out,/home/mdunlavy/GPU_FI/HeCBench/results/llvm17_inject/pathfinder/operand/site53_bit9.err,
56,9,SDC,0,/home/mdunlavy/GPU_FI/HeCBench/results/llvm17_inject/pathfinder/operand/site56_bit9.out,/home/mdunlavy/GPU_FI/HeCBench/results/llvm17_inject/pathfinder/operand/site56_bit9.err,
59,9,MASKED,0,/home/mdunlavy/GPU_FI/HeCBench/results/llvm17_inject/pathfinder/operand/site59_bit9.out,/home/mdunlavy/GPU_FI/HeCBench/results/llvm17_inject/pathfinder/operand/site59_bit9.err,
62,9,MASKED,0,/home/mdunlavy/GPU_FI/HeCBench/results/llvm17_inject/pathfinder/operand/site62_bit9.out,/home/mdunlavy/GPU_FI/HeCBench/results/llvm17_inject/pathfinder/operand/site62_bit9.err,
66,8,SDC,0,/home/mdunlavy/GPU_FI/HeCBench/results/llvm17_inject/pathfinder/operand/site66_bit8.out,/home/mdunlavy/GPU_FI/HeCBench/results/llvm17_inject/pathfinder/operand/site66_bit8.err,
70,7,SDC,0,/home/mdunlavy/GPU_FI/HeCBench/results/llvm17_inject/pathfinder/operand/site70_bit7.out,/home/mdunlavy/GPU_FI/HeCBench/results/llvm17_inject/pathfinder/operand/site70_bit7.err,
74,6,SDC,0,/home/mdunlavy/GPU_FI/HeCBench/results/llvm17_inject/pathfinder/operand/site74_bit6.out,/home/mdunlavy/GPU_FI/HeCBench/results/llvm17_inject/pathfinder/operand/site74_bit6.err,
78,29,SDC,0,/home/mdunlavy/GPU_FI/HeCBench/results/llvm17_inject/pathfinder/operand/site78_bit29.out,/home/mdunlavy/GPU_FI/HeCBench/results/llvm17_inject/pathfinder/operand/site78_bit29.err,
82,28,SDC,0,/home/mdunlavy/GPU_FI/HeCBench/results/llvm17_inject/pathfinder/operand/site82_bit28.out,/home/mdunlavy/GPU_FI/HeCBench/results/llvm17_inject/pathfinder/operand/site82_bit28.err,
85,59,SDC,0,/home/mdunlavy/GPU_FI/HeCBench/results/llvm17_inject/pathfinder/operand/site85_bit59.out,/home/mdunlavy/GPU_FI/HeCBench/results/llvm17_inject/pathfinder/operand/site85_bit59.err,
89,27,SDC,0,/home/mdunlavy/GPU_FI/HeCBench/results/llvm17_inject/pathfinder/operand/site89_bit27.out,/home/mdunlavy/GPU_FI/HeCBench/results/llvm17_inject/pathfinder/operand/site89_bit27.err,
93,26,SDC,0,/home/mdunlavy/GPU_FI/HeCBench/results/llvm17_inject/pathfinder/operand/site93_bit26.out,/home/mdunlavy/GPU_FI/HeCBench/results/llvm17_inject/pathfinder/operand/site93_bit26.err,
97,25,SDC,0,/home/mdunlavy/GPU_FI/HeCBench/results/llvm17_inject/pathfinder/operand/site97_bit25.out,/home/mdunlavy/GPU_FI/HeCBench/results/llvm17_inject/pathfinder/operand/site97_bit25.err,
100,25,SDC,0,/home/mdunlavy/GPU_FI/HeCBench/results/llvm17_inject/pathfinder/operand/site100_bit25.out,/home/mdunlavy/GPU_FI/HeCBench/results/llvm17_inject/pathfinder/operand/site100_bit25.err,
107,15,SDC,0,/home/mdunlavy/GPU_FI/HeCBench/results/llvm17_inject/pathfinder/operand/site107_bit15.out,/home/mdunlavy/GPU_FI/HeCBench/results/llvm17_inject/pathfinder/operand/site107_bit15.err,
112,15,SDC,0,/home/mdunlavy/GPU_FI/HeCBench/results/llvm17_inject/pathfinder/operand/site112_bit15.out,/home/mdunlavy/GPU_FI/HeCBench/results/llvm17_inject/pathfinder/operand/site112_bit15.err,
116,14,SDC,0,/home/mdunlavy/GPU_FI/HeCBench/results/llvm17_inject/pathfinder/operand/site116_bit14.out,/home/mdunlavy/GPU_FI/HeCBench/results/llvm17_inject/pathfinder/operand/site116_bit14.err,
120,13,MASKED,0,/home/mdunlavy/GPU_FI/HeCBench/results/llvm17_inject/pathfinder/operand/site120_bit13.out,/home/mdunlavy/GPU_FI/HeCBench/results/llvm17_inject/pathfinder/operand/site120_bit13.err,
123,13,MASKED,0,/home/mdunlavy/GPU_FI/HeCBench/results/llvm17_inject/pathfinder/operand/site123_bit13.out,/home/mdunlavy/GPU_FI/HeCBench/results/llvm17_inject/pathfinder/operand/site123_bit13.err,
126,13,MASKED,0,/home/mdunlavy/GPU_FI/HeCBench/results/llvm17_inject/pathfinder/operand/site126_bit13.out,/home/mdunlavy/GPU_FI/HeCBench/results/llvm17_inject/pathfinder/operand/site126_bit13.err,
129,13,MASKED,0,/home/mdunlavy/GPU_FI/HeCBench/results/llvm17_inject/pathfinder/operand/site129_bit13.out,/home/mdunlavy/GPU_FI/HeCBench/results/llvm17_inject/pathfinder/operand/site129_bit13.err,
131,13,SDC,0,/home/mdunlavy/GPU_FI/HeCBench/results/llvm17_inject/pathfinder/operand/site131_bit13.out,/home/mdunlavy/GPU_FI/HeCBench/results/llvm17_inject/pathfinder/operand/site131_bit13.err,
137,12,SDC,0,/home/mdunlavy/GPU_FI/HeCBench/results/llvm17_inject/pathfinder/operand/site137_bit12.out,/home/mdunlavy/GPU_FI/HeCBench/results/llvm17_inject/pathfinder/operand/site137_bit12.err,
140,43,SDC,0,/home/mdunlavy/GPU_FI/HeCBench/results/llvm17_inject/pathfinder/operand/site140_bit43.out,/home/mdunlavy/GPU_FI/HeCBench/results/llvm17_inject/pathfinder/operand/site140_bit43.err,
143,43,SDC,0,/home/mdunlavy/GPU_FI/HeCBench/results/llvm17_inject/pathfinder/operand/site143_bit43.out,/home/mdunlavy/GPU_FI/HeCBench/results/llvm17_inject/pathfinder/operand/site143_bit43.err,
146,11,SDC,0,/home/mdunlavy/GPU_FI/HeCBench/results/llvm17_inject/pathfinder/operand/site146_bit11.out,/home/mdunlavy/GPU_FI/HeCBench/results/llvm17_inject/pathfinder/operand/site146_bit11.err,
155,1,MASKED,0,/home/mdunlavy/GPU_FI/HeCBench/results/llvm17_inject/pathfinder/operand/site155_bit1.out,/home/mdunlavy/GPU_FI/HeCBench/results/llvm17_inject/pathfinder/operand/site155_bit1.err,
161,24,MASKED,0,/home/mdunlavy/GPU_FI/HeCBench/results/llvm17_inject/pathfinder/operand/site161_bit24.out,/home/mdunlavy/GPU_FI/HeCBench/results/llvm17_inject/pathfinder/operand/site161_bit24.err,
178,24,MASKED,0,/home/mdunlavy/GPU_FI/HeCBench/results/llvm17_inject/pathfinder/operand/site178_bit24.out,/home/mdunlavy/GPU_FI/HeCBench/results/llvm17_inject/pathfinder/operand/site178_bit24.err,
186,56,MASKED,0,/home/mdunlavy/GPU_FI/HeCBench/results/llvm17_inject/pathfinder/operand/site186_bit56.out,/home/mdunlavy/GPU_FI/HeCBench/results/llvm17_inject/pathfinder/operand/site186_bit56.err,
2,5,SDC,0,/home/mdunlavy/GPU_FI/HeCBench/results/llvm17_inject/pathfinder/operand/site2_bit5.out,/home/mdunlavy/GPU_FI/HeCBench/results/llvm17_inject/pathfinder/operand/site2_bit5.err,,,,,,,,,,,,,5612,2000,4004
4,9,SDC,0,/home/mdunlavy/GPU_FI/HeCBench/results/llvm17_inject/pathfinder/operand/site4_bit9.out,/home/mdunlavy/GPU_FI/HeCBench/results/llvm17_inject/pathfinder/operand/site4_bit9.err,,,,,,,,,,,,,4368,1502,4004
6,11,SDC,0,/home/mdunlavy/GPU_FI/HeCBench/results/llvm17_inject/pathfinder/operand/site6_bit11.out,/home/mdunlavy/GPU_FI/HeCBench/results/llvm17_inject/pathfinder/operand/site6_bit11.err,,,,,,,,,,,,,5563,2000,4004
8,21,SDC,0,/home/mdunlavy/GPU_FI/HeCBench/results/llvm17_inject/pathfinder/operand/site8_bit21.out,/home/mdunlavy/GPU_FI/HeCBench/results/llvm17_inject/pathfinder/operand/site8_bit21.err,,,,,,,,,,,,,5554,2000,4004
10,21,SDC,0,/home/mdunlavy/GPU_FI/HeCBench/results/llvm17_inject/pathfinder/operand/site10_bit21.out,/home/mdunlavy/GPU_FI/HeCBench/results/llvm17_inject/pathfinder/operand/site10_bit21.err,,,,,,,,,,,,,5612,2000,4004
18,31,SDC,0,/home/mdunlavy/GPU_FI/HeCBench/results/llvm17_inject/pathfinder/operand/site18_bit31.out,/home/mdunlavy/GPU_FI/HeCBench/results/llvm17_inject/pathfinder/operand/site18_bit31.err,,,,,,,,,,,,,5561,2000,4004
26,28,SDC,0,/home/mdunlavy/GPU_FI/HeCBench/results/llvm17_inject/pathfinder/operand/site26_bit28.out,/home/mdunlavy/GPU_FI/HeCBench/results/llvm17_inject/pathfinder/operand/site26_bit28.err,,,,,,,,,,,,,5561,2000,4004
30,9,SDC,0,/home/mdunlavy/GPU_FI/HeCBench/results/llvm17_inject/pathfinder/operand/site30_bit9.out,/home/mdunlavy/GPU_FI/HeCBench/results/llvm17_inject/pathfinder/operand/site30_bit9.err,,,,,,,,,,,,,5554,2000,4004
32,31,SDC,0,/home/mdunlavy/GPU_FI/HeCBench/results/llvm17_inject/pathfinder/operand/site32_bit31.out,/home/mdunlavy/GPU_FI/HeCBench/results/llvm17_inject/pathfinder/operand/site32_bit31.err,,,,,,,,,,,,,2383,796,4004
35,29,SDC,0,/home/mdunlavy/GPU_FI/HeCBench/results/llvm17_inject/pathfinder/operand/site35_bit29.out,/home/mdunlavy/GPU_FI/HeCBench/results/llvm17_inject/pathfinder/operand/site35_bit29.err,,,,,,,,,,,,,2320,804,4004
38,22,SDC,0,/home/mdunlavy/GPU_FI/HeCBench/results/llvm17_inject/pathfinder/operand/site38_bit22.out,/home/mdunlavy/GPU_FI/HeCBench/results/llvm17_inject/pathfinder/operand/site38_bit22.err,,,,,,,,,,,,,3060,1065,4004
41,2,MASKED,0,/home/mdunlavy/GPU_FI/HeCBench/results/llvm17_inject/pathfinder/operand/site41_bit2.out,/home/mdunlavy/GPU_FI/HeCBench/results/llvm17_inject/pathfinder/operand/site41_bit2.err,,,,,,,,,,,,,,,
43,16,SDC,0,/home/mdunlavy/GPU_FI/HeCBench/results/llvm17_inject/pathfinder/operand/site43_bit16.out,/home/mdunlavy/GPU_FI/HeCBench/results/llvm17_inject/pathfinder/operand/site43_bit16.err,,,,,,,,,,,,,5561,2000,4004
49,7,SDC,0,/home/mdunlavy/GPU_FI/HeCBench/results/llvm17_inject/pathfinder/operand/site49_bit7.out,/home/mdunlavy/GPU_FI/HeCBench/results/llvm17_inject/pathfinder/operand/site49_bit7.err,,,,,,,,,,,,,5936,2000,4004
52,10,SDC,0,/home/mdunlavy/GPU_FI/HeCBench/results/llvm17_inject/pathfinder/operand/site52_bit10.out,/home/mdunlavy/GPU_FI/HeCBench/results/llvm17_inject/pathfinder/operand/site52_bit10.err,,,,,,,,,,,,,2496,877,4004
54,1,SDC,0,/home/mdunlavy/GPU_FI/HeCBench/results/llvm17_inject/pathfinder/operand/site54_bit1.out,/home/mdunlavy/GPU_FI/HeCBench/results/llvm17_inject/pathfinder/operand/site54_bit1.err,,,,,,,,,,,,,5357,1824,4004
56,10,SDC,0,/home/mdunlavy/GPU_FI/HeCBench/results/llvm17_inject/pathfinder/operand/site56_bit10.out,/home/mdunlavy/GPU_FI/HeCBench/results/llvm17_inject/pathfinder/operand/site56_bit10.err,,,,,,,,,,,,,5554,2000,4004
57,31,SDC,0,/home/mdunlavy/GPU_FI/HeCBench/results/llvm17_inject/pathfinder/operand/site57_bit31.out,/home/mdunlavy/GPU_FI/HeCBench/results/llvm17_inject/pathfinder/operand/site57_bit31.err,,,,,,,,,,,,,5554,2000,4004
60,8,SDC,0,/home/mdunlavy/GPU_FI/HeCBench/results/llvm17_inject/pathfinder/operand/site60_bit8.out,/home/mdunlavy/GPU_FI/HeCBench/results/llvm17_inject/pathfinder/operand/site60_bit8.err,,,,,,,,,,,,,5561,2000,4004
62,31,SDC,0,/home/mdunlavy/GPU_FI/HeCBench/results/llvm17_inject/pathfinder/operand/site62_bit31.out,/home/mdunlavy/GPU_FI/HeCBench/results/llvm17_inject/pathfinder/operand/site62_bit31.err,,,,,,,,,,,,,4847,1985,4004
66,22,MASKED,0,/home/mdunlavy/GPU_FI/HeCBench/results/llvm17_inject/pathfinder/operand/site66_bit22.out,/home/mdunlavy/GPU_FI/HeCBench/results/llvm17_inject/pathfinder/operand/site66_bit22.err,,,,,,,,,,,,,,,
70,11,SDC,0,/home/mdunlavy/GPU_FI/HeCBench/results/llvm17_inject/pathfinder/operand/site70_bit11.out,/home/mdunlavy/GPU_FI/HeCBench/results/llvm17_inject/pathfinder/operand/site70_bit11.err,,,,,,,,,,,,,5561,2000,4004
74,6,SDC,0,/home/mdunlavy/GPU_FI/HeCBench/results/llvm17_inject/pathfinder/operand/site74_bit6.out,/home/mdunlavy/GPU_FI/HeCBench/results/llvm17_inject/pathfinder/operand/site74_bit6.err,,,,,,,,,,,,,5403,2000,4004
80,2,MASKED,0,/home/mdunlavy/GPU_FI/HeCBench/results/llvm17_inject/pathfinder/operand/site80_bit2.out,/home/mdunlavy/GPU_FI/HeCBench/results/llvm17_inject/pathfinder/operand/site80_bit2.err,,,,,,,,,,,,,,,
82,8,SDC,0,/home/mdunlavy/GPU_FI/HeCBench/results/llvm17_inject/pathfinder/operand/site82_bit8.out,/home/mdunlavy/GPU_FI/HeCBench/results/llvm17_inject/pathfinder/operand/site82_bit8.err,,,,,,,,,,,,,824,276,4004
85,10,SDC,0,/home/mdunlavy/GPU_FI/HeCBench/results/llvm17_inject/pathfinder/operand/site85_bit10.out,/home/mdunlavy/GPU_FI/HeCBench/results/llvm17_inject/pathfinder/operand/site85_bit10.err,,,,,,,,,,,,,5671,1984,4004
86,19,MASKED,0,/home/mdunlavy/GPU_FI/HeCBench/results/llvm17_inject/pathfinder/operand/site86_bit19.out,/home/mdunlavy/GPU_FI/HeCBench/results/llvm17_inject/pathfinder/operand/site86_bit19.err,,,,,,,,,,,,,,,
89,26,SDC,0,/home/mdunlavy/GPU_FI/HeCBench/results/llvm17_inject/pathfinder/operand/site89_bit26.out,/home/mdunlavy/GPU_FI/HeCBench/results/llvm17_inject/pathfinder/operand/site89_bit26.err,,,,,,,,,,,,,5561,2000,4004
93,14,SDC,0,/home/mdunlavy/GPU_FI/HeCBench/results/llvm17_inject/pathfinder/operand/site93_bit14.out,/home/mdunlavy/GPU_FI/HeCBench/results/llvm17_inject/pathfinder/operand/site93_bit14.err,,,,,,,,,,,,,6089,2000,4004
94,31,SDC,0,/home/mdunlavy/GPU_FI/HeCBench/results/llvm17_inject/pathfinder/operand/site94_bit31.out,/home/mdunlavy/GPU_FI/HeCBench/results/llvm17_inject/pathfinder/operand/site94_bit31.err,,,,,,,,,,,,,5561,2000,4004
100,13,SDC,0,/home/mdunlavy/GPU_FI/HeCBench/results/llvm17_inject/pathfinder/operand/site100_bit13.out,/home/mdunlavy/GPU_FI/HeCBench/results/llvm17_inject/pathfinder/operand/site100_bit13.err,,,,,,,,,,,,,6042,1996,4004
104,29,SDC,0,/home/mdunlavy/GPU_FI/HeCBench/results/llvm17_inject/pathfinder/operand/site104_bit29.out,/home/mdunlavy/GPU_FI/HeCBench/results/llvm17_inject/pathfinder/operand/site104_bit29.err,,,,,,,,,,,,,1000,1000,4004
109,2,SDC,0,/home/mdunlavy/GPU_FI/HeCBench/results/llvm17_inject/pathfinder/operand/site109_bit2.out,/home/mdunlavy/GPU_FI/HeCBench/results/llvm17_inject/pathfinder/operand/site109_bit2.err,,,,,,,,,,,,,2618,951,4004
112,15,SDC,0,/home/mdunlavy/GPU_FI/HeCBench/results/llvm17_inject/pathfinder/operand/site112_bit15.out,/home/mdunlavy/GPU_FI/HeCBench/results/llvm17_inject/pathfinder/operand/site112_bit15.err,,,,,,,,,,,,,3785,991,4004
114,17,SDC,0,/home/mdunlavy/GPU_FI/HeCBench/results/llvm17_inject/pathfinder/operand/site114_bit17.out,/home/mdunlavy/GPU_FI/HeCBench/results/llvm17_inject/pathfinder/operand/site114_bit17.err,,,,,,,,,,,,,1000,1000,4004
117,0,SDC,0,/home/mdunlavy/GPU_FI/HeCBench/results/llvm17_inject/pathfinder/operand/site117_bit0.out,/home/mdunlavy/GPU_FI/HeCBench/results/llvm17_inject/pathfinder/operand/site117_bit0.err,,,,,,,,,,,,,6595,2000,4004
122,27,MASKED,0,/home/mdunlavy/GPU_FI/HeCBench/results/llvm17_inject/pathfinder/operand/site122_bit27.out,/home/mdunlavy/GPU_FI/HeCBench/results/llvm17_inject/pathfinder/operand/site122_bit27.err,,,,,,,,,,,,,,,
125,24,SDC,0,/home/mdunlavy/GPU_FI/HeCBench/results/llvm17_inject/pathfinder/operand/site125_bit24.out,/home/mdunlavy/GPU_FI/HeCBench/results/llvm17_inject/pathfinder/operand/site125_bit24.err,,,,,,,,,,,,,5561,2000,4004
128,13,MASKED,0,/home/mdunlavy/GPU_FI/HeCBench/results/llvm17_inject/pathfinder/operand/site128_bit13.out,/home/mdunlavy/GPU_FI/HeCBench/results/llvm17_inject/pathfinder/operand/site128_bit13.err,,,,,,,,,,,,,,,
130,2,MASKED,0,/home/mdunlavy/GPU_FI/HeCBench/results/llvm17_inject/pathfinder/operand/site130_bit2.out,/home/mdunlavy/GPU_FI/HeCBench/results/llvm17_inject/pathfinder/operand/site130_bit2.err,,,,,,,,,,,,,,,
135,3,SDC,0,/home/mdunlavy/GPU_FI/HeCBench/results/llvm17_inject/pathfinder/operand/site135_bit3.out,/home/mdunlavy/GPU_FI/HeCBench/results/llvm17_inject/pathfinder/operand/site135_bit3.err,,,,,,,,,,,,,5180,1982,4004
139,24,SDC,0,/home/mdunlavy/GPU_FI/HeCBench/results/llvm17_inject/pathfinder/operand/site139_bit24.out,/home/mdunlavy/GPU_FI/HeCBench/results/llvm17_inject/pathfinder/operand/site139_bit24.err,,,,,,,,,,,,,5661,2000,4004
142,4,SDC,0,/home/mdunlavy/GPU_FI/HeCBench/results/llvm17_inject/pathfinder/operand/site142_bit4.out,/home/mdunlavy/GPU_FI/HeCBench/results/llvm17_inject/pathfinder/operand/site142_bit4.err,,,,,,,,,,,,,5896,1998,4004
144,3,SDC,0,/home/mdunlavy/GPU_FI/HeCBench/results/llvm17_inject/pathfinder/operand/site144_bit3.out,/home/mdunlavy/GPU_FI/HeCBench/results/llvm17_inject/pathfinder/operand/site144_bit3.err,,,,,,,,,,,,,5643,1899,4004
146,7,SDC,0,/home/mdunlavy/GPU_FI/HeCBench/results/llvm17_inject/pathfinder/operand/site146_bit7.out,/home/mdunlavy/GPU_FI/HeCBench/results/llvm17_inject/pathfinder/operand/site146_bit7.err,,,,,,,,,,,,,6074,1999,4004
150,24,MASKED,0,/home/mdunlavy/GPU_FI/HeCBench/results/llvm17_inject/pathfinder/operand/site150_bit24.out,/home/mdunlavy/GPU_FI/HeCBench/results/llvm17_inject/pathfinder/operand/site150_bit24.err,,,,,,,,,,,,,,,
157,1,MASKED,0,/home/mdunlavy/GPU_FI/HeCBench/results/llvm17_inject/pathfinder/operand/site157_bit1.out,/home/mdunlavy/GPU_FI/HeCBench/results/llvm17_inject/pathfinder/operand/site157_bit1.err,,,,,,,,,,,,,,,
162,8,MASKED,0,/home/mdunlavy/GPU_FI/HeCBench/results/llvm17_inject/pathfinder/operand/site162_bit8.out,/home/mdunlavy/GPU_FI/HeCBench/results/llvm17_inject/pathfinder/operand/site162_bit8.err,,,,,,,,,,,,,,,
178,32,MASKED,0,/home/mdunlavy/GPU_FI/HeCBench/results/llvm17_inject/pathfinder/operand/site178_bit32.out,/home/mdunlavy/GPU_FI/HeCBench/results/llvm17_inject/pathfinder/operand/site178_bit32.err,,,,,,,,,,,,,,,
186,38,MASKED,0,/home/mdunlavy/GPU_FI/HeCBench/results/llvm17_inject/pathfinder/operand/site186_bit38.out,/home/mdunlavy/GPU_FI/HeCBench/results/llvm17_inject/pathfinder/operand/site186_bit38.err,,,,,,,,,,,,,,,
