index,site_id,bit_index,bitwidth,type_kind,opcode
1,1,0,32,int,store
2,1,1,32,int,store
3,1,2,32,int,store
4,1,3,32,int,store
5,1,4,32,int,store
6,1,5,32,int,store
7,1,6,32,int,store
8,1,7,32,int,store
9,1,8,32,int,store
10,1,9,32,int,store
11,1,10,32,int,store
12,1,11,32,int,store
13,1,12,32,int,store
14,1,13,32,int,store
15,1,14,32,int,store
16,1,15,32,int,store
17,1,16,32,int,store
18,1,17,32,int,store
19,1,18,32,int,store
20,1,19,32,int,store
21,1,20,32,int,store
22,1,21,32,int,store
23,1,22,32,int,store
24,1,23,32,int,store
25,1,24,32,int,store
26,1,25,32,int,store
27,1,26,32,int,store
28,1,27,32,int,store
29,1,28,32,int,store
30,1,29,32,int,store
31,1,30,32,int,store
32,1,31,32,int,store
33,2,0,32,int,mul
34,2,1,32,int,mul
35,2,2,32,int,mul
36,2,3,32,int,mul
37,2,4,32,int,mul
38,2,5,32,int,mul
39,2,6,32,int,mul
40,2,7,32,int,mul
41,2,8,32,int,mul
42,2,9,32,int,mul
43,2,10,32,int,mul
44,2,11,32,int,mul
45,2,12,32,int,mul
46,2,13,32,int,mul
47,2,14,32,int,mul
48,2,15,32,int,mul
49,2,16,32,int,mul
50,2,17,32,int,mul
51,2,18,32,int,mul
52,2,19,32,int,mul
53,2,20,32,int,mul
54,2,21,32,int,mul
55,2,22,32,int,mul
56,2,23,32,int,mul
57,2,24,32,int,mul
58,2,25,32,int,mul
59,2,26,32,int,mul
60,2,27,32,int,mul
61,2,28,32,int,mul
62,2,29,32,int,mul
63,2,30,32,int,mul
64,2,31,32,int,mul
65,3,0,32,int,mul
66,3,1,32,int,mul
67,3,2,32,int,mul
68,3,3,32,int,mul
69,3,4,32,int,mul
70,3,5,32,int,mul
71,3,6,32,int,mul
72,3,7,32,int,mul
73,3,8,32,int,mul
74,3,9,32,int,mul
75,3,10,32,int,mul
76,3,11,32,int,mul
77,3,12,32,int,mul
78,3,13,32,int,mul
79,3,14,32,int,mul
80,3,15,32,int,mul
81,3,16,32,int,mul
82,3,17,32,int,mul
83,3,18,32,int,mul
84,3,19,32,int,mul
85,3,20,32,int,mul
86,3,21,32,int,mul
87,3,22,32,int,mul
88,3,23,32,int,mul
89,3,24,32,int,mul
90,3,25,32,int,mul
91,3,26,32,int,mul
92,3,27,32,int,mul
93,3,28,32,int,mul
94,3,29,32,int,mul
95,3,30,32,int,mul
96,3,31,32,int,mul
97,4,0,32,int,add
98,4,1,32,int,add
99,4,2,32,int,add
100,4,3,32,int,add
101,4,4,32,int,add
102,4,5,32,int,add
103,4,6,32,int,add
104,4,7,32,int,add
105,4,8,32,int,add
106,4,9,32,int,add
107,4,10,32,int,add
108,4,11,32,int,add
109,4,12,32,int,add
110,4,13,32,int,add
111,4,14,32,int,add
112,4,15,32,int,add
113,4,16,32,int,add
114,4,17,32,int,add
115,4,18,32,int,add
116,4,19,32,int,add
117,4,20,32,int,add
118,4,21,32,int,add
119,4,22,32,int,add
120,4,23,32,int,add
121,4,24,32,int,add
122,4,25,32,int,add
123,4,26,32,int,add
124,4,27,32,int,add
125,4,28,32,int,add
126,4,29,32,int,add
127,4,30,32,int,add
128,4,31,32,int,add
129,5,0,32,int,add
130,5,1,32,int,add
131,5,2,32,int,add
132,5,3,32,int,add
133,5,4,32,int,add
134,5,5,32,int,add
135,5,6,32,int,add
136,5,7,32,int,add
137,5,8,32,int,add
138,5,9,32,int,add
139,5,10,32,int,add
140,5,11,32,int,add
141,5,12,32,int,add
142,5,13,32,int,add
143,5,14,32,int,add
144,5,15,32,int,add
145,5,16,32,int,add
146,5,17,32,int,add
147,5,18,32,int,add
148,5,19,32,int,add
149,5,20,32,int,add
150,5,21,32,int,add
151,5,22,32,int,add
152,5,23,32,int,add
153,5,24,32,int,add
154,5,25,32,int,add
155,5,26,32,int,add
156,5,27,32,int,add
157,5,28,32,int,add
158,5,29,32,int,add
159,5,30,32,int,add
160,5,31,32,int,add
161,6,0,32,int,store
162,6,1,32,int,store
163,6,2,32,int,store
164,6,3,32,int,store
165,6,4,32,int,store
166,6,5,32,int,store
167,6,6,32,int,store
168,6,7,32,int,store
169,6,8,32,int,store
170,6,9,32,int,store
171,6,10,32,int,store
172,6,11,32,int,store
173,6,12,32,int,store
174,6,13,32,int,store
175,6,14,32,int,store
176,6,15,32,int,store
177,6,16,32,int,store
178,6,17,32,int,store
179,6,18,32,int,store
180,6,19,32,int,store
181,6,20,32,int,store
182,6,21,32,int,store
183,6,22,32,int,store
184,6,23,32,int,store
185,6,24,32,int,store
186,6,25,32,int,store
187,6,26,32,int,store
188,6,27,32,int,store
189,6,28,32,int,store
190,6,29,32,int,store
191,6,30,32,int,store
192,6,31,32,int,store
193,7,0,32,int,sdiv
194,7,1,32,int,sdiv
195,7,2,32,int,sdiv
196,7,3,32,int,sdiv
197,7,4,32,int,sdiv
198,7,5,32,int,sdiv
199,7,6,32,int,sdiv
200,7,7,32,int,sdiv
201,7,8,32,int,sdiv
202,7,9,32,int,sdiv
203,7,10,32,int,sdiv
204,7,11,32,int,sdiv
205,7,12,32,int,sdiv
206,7,13,32,int,sdiv
207,7,14,32,int,sdiv
208,7,15,32,int,sdiv
209,7,16,32,int,sdiv
210,7,17,32,int,sdiv
211,7,18,32,int,sdiv
212,7,19,32,int,sdiv
213,7,20,32,int,sdiv
214,7,21,32,int,sdiv
215,7,22,32,int,sdiv
216,7,23,32,int,sdiv
217,7,24,32,int,sdiv
218,7,25,32,int,sdiv
219,7,26,32,int,sdiv
220,7,27,32,int,sdiv
221,7,28,32,int,sdiv
222,7,29,32,int,sdiv
223,7,30,32,int,sdiv
224,7,31,32,int,sdiv
225,8,0,32,int,icmp
226,8,1,32,int,icmp
227,8,2,32,int,icmp
228,8,3,32,int,icmp
229,8,4,32,int,icmp
230,8,5,32,int,icmp
231,8,6,32,int,icmp
232,8,7,32,int,icmp
233,8,8,32,int,icmp
234,8,9,32,int,icmp
235,8,10,32,int,icmp
236,8,11,32,int,icmp
237,8,12,32,int,icmp
238,8,13,32,int,icmp
239,8,14,32,int,icmp
240,8,15,32,int,icmp
241,8,16,32,int,icmp
242,8,17,32,int,icmp
243,8,18,32,int,icmp
244,8,19,32,int,icmp
245,8,20,32,int,icmp
246,8,21,32,int,icmp
247,8,22,32,int,icmp
248,8,23,32,int,icmp
249,8,24,32,int,icmp
250,8,25,32,int,icmp
251,8,26,32,int,icmp
252,8,27,32,int,icmp
253,8,28,32,int,icmp
254,8,29,32,int,icmp
255,8,30,32,int,icmp
256,8,31,32,int,icmp
257,9,0,32,int,icmp
258,9,1,32,int,icmp
259,9,2,32,int,icmp
260,9,3,32,int,icmp
261,9,4,32,int,icmp
262,9,5,32,int,icmp
263,9,6,32,int,icmp
264,9,7,32,int,icmp
265,9,8,32,int,icmp
266,9,9,32,int,icmp
267,9,10,32,int,icmp
268,9,11,32,int,icmp
269,9,12,32,int,icmp
270,9,13,32,int,icmp
271,9,14,32,int,icmp
272,9,15,32,int,icmp
273,9,16,32,int,icmp
274,9,17,32,int,icmp
275,9,18,32,int,icmp
276,9,19,32,int,icmp
277,9,20,32,int,icmp
278,9,21,32,int,icmp
279,9,22,32,int,icmp
280,9,23,32,int,icmp
281,9,24,32,int,icmp
282,9,25,32,int,icmp
283,9,26,32,int,icmp
284,9,27,32,int,icmp
285,9,28,32,int,icmp
286,9,29,32,int,icmp
287,9,30,32,int,icmp
288,9,31,32,int,icmp
289,10,0,1,int,br
290,11,0,32,int,store
291,11,1,32,int,store
292,11,2,32,int,store
293,11,3,32,int,store
294,11,4,32,int,store
295,11,5,32,int,store
296,11,6,32,int,store
297,11,7,32,int,store
298,11,8,32,int,store
299,11,9,32,int,store
300,11,10,32,int,store
301,11,11,32,int,store
302,11,12,32,int,store
303,11,13,32,int,store
304,11,14,32,int,store
305,11,15,32,int,store
306,11,16,32,int,store
307,11,17,32,int,store
308,11,18,32,int,store
309,11,19,32,int,store
310,11,20,32,int,store
311,11,21,32,int,store
312,11,22,32,int,store
313,11,23,32,int,store
314,11,24,32,int,store
315,11,25,32,int,store
316,11,26,32,int,store
317,11,27,32,int,store
318,11,28,32,int,store
319,11,29,32,int,store
320,11,30,32,int,store
321,11,31,32,int,store
322,12,0,32,int,sub
323,12,1,32,int,sub
324,12,2,32,int,sub
325,12,3,32,int,sub
326,12,4,32,int,sub
327,12,5,32,int,sub
328,12,6,32,int,sub
329,12,7,32,int,sub
330,12,8,32,int,sub
331,12,9,32,int,sub
332,12,10,32,int,sub
333,12,11,32,int,sub
334,12,12,32,int,sub
335,12,13,32,int,sub
336,12,14,32,int,sub
337,12,15,32,int,sub
338,12,16,32,int,sub
339,12,17,32,int,sub
340,12,18,32,int,sub
341,12,19,32,int,sub
342,12,20,32,int,sub
343,12,21,32,int,sub
344,12,22,32,int,sub
345,12,23,32,int,sub
346,12,24,32,int,sub
347,12,25,32,int,sub
348,12,26,32,int,sub
349,12,27,32,int,sub
350,12,28,32,int,sub
351,12,29,32,int,sub
352,12,30,32,int,sub
353,12,31,32,int,sub
354,13,0,32,int,sub
355,13,1,32,int,sub
356,13,2,32,int,sub
357,13,3,32,int,sub
358,13,4,32,int,sub
359,13,5,32,int,sub
360,13,6,32,int,sub
361,13,7,32,int,sub
362,13,8,32,int,sub
363,13,9,32,int,sub
364,13,10,32,int,sub
365,13,11,32,int,sub
366,13,12,32,int,sub
367,13,13,32,int,sub
368,13,14,32,int,sub
369,13,15,32,int,sub
370,13,16,32,int,sub
371,13,17,32,int,sub
372,13,18,32,int,sub
373,13,19,32,int,sub
374,13,20,32,int,sub
375,13,21,32,int,sub
376,13,22,32,int,sub
377,13,23,32,int,sub
378,13,24,32,int,sub
379,13,25,32,int,sub
380,13,26,32,int,sub
381,13,27,32,int,sub
382,13,28,32,int,sub
383,13,29,32,int,sub
384,13,30,32,int,sub
385,13,31,32,int,sub
386,14,0,32,int,sub
387,14,1,32,int,sub
388,14,2,32,int,sub
389,14,3,32,int,sub
390,14,4,32,int,sub
391,14,5,32,int,sub
392,14,6,32,int,sub
393,14,7,32,int,sub
394,14,8,32,int,sub
395,14,9,32,int,sub
396,14,10,32,int,sub
397,14,11,32,int,sub
398,14,12,32,int,sub
399,14,13,32,int,sub
400,14,14,32,int,sub
401,14,15,32,int,sub
402,14,16,32,int,sub
403,14,17,32,int,sub
404,14,18,32,int,sub
405,14,19,32,int,sub
406,14,20,32,int,sub
407,14,21,32,int,sub
408,14,22,32,int,sub
409,14,23,32,int,sub
410,14,24,32,int,sub
411,14,25,32,int,sub
412,14,26,32,int,sub
413,14,27,32,int,sub
414,14,28,32,int,sub
415,14,29,32,int,sub
416,14,30,32,int,sub
417,14,31,32,int,sub
418,15,0,32,int,store
419,15,1,32,int,store
420,15,2,32,int,store
421,15,3,32,int,store
422,15,4,32,int,store
423,15,5,32,int,store
424,15,6,32,int,store
425,15,7,32,int,store
426,15,8,32,int,store
427,15,9,32,int,store
428,15,10,32,int,store
429,15,11,32,int,store
430,15,12,32,int,store
431,15,13,32,int,store
432,15,14,32,int,store
433,15,15,32,int,store
434,15,16,32,int,store
435,15,17,32,int,store
436,15,18,32,int,store
437,15,19,32,int,store
438,15,20,32,int,store
439,15,21,32,int,store
440,15,22,32,int,store
441,15,23,32,int,store
442,15,24,32,int,store
443,15,25,32,int,store
444,15,26,32,int,store
445,15,27,32,int,store
446,15,28,32,int,store
447,15,29,32,int,store
448,15,30,32,int,store
449,15,31,32,int,store
450,16,0,32,int,store
451,16,1,32,int,store
452,16,2,32,int,store
453,16,3,32,int,store
454,16,4,32,int,store
455,16,5,32,int,store
456,16,6,32,int,store
457,16,7,32,int,store
458,16,8,32,int,store
459,16,9,32,int,store
460,16,10,32,int,store
461,16,11,32,int,store
462,16,12,32,int,store
463,16,13,32,int,store
464,16,14,32,int,store
465,16,15,32,int,store
466,16,16,32,int,store
467,16,17,32,int,store
468,16,18,32,int,store
469,16,19,32,int,store
470,16,20,32,int,store
471,16,21,32,int,store
472,16,22,32,int,store
473,16,23,32,int,store
474,16,24,32,int,store
475,16,25,32,int,store
476,16,26,32,int,store
477,16,27,32,int,store
478,16,28,32,int,store
479,16,29,32,int,store
480,16,30,32,int,store
481,16,31,32,int,store
482,17,0,32,int,icmp
483,17,1,32,int,icmp
484,17,2,32,int,icmp
485,17,3,32,int,icmp
486,17,4,32,int,icmp
487,17,5,32,int,icmp
488,17,6,32,int,icmp
489,17,7,32,int,icmp
490,17,8,32,int,icmp
491,17,9,32,int,icmp
492,17,10,32,int,icmp
493,17,11,32,int,icmp
494,17,12,32,int,icmp
495,17,13,32,int,icmp
496,17,14,32,int,icmp
497,17,15,32,int,icmp
498,17,16,32,int,icmp
499,17,17,32,int,icmp
500,17,18,32,int,icmp
501,17,19,32,int,icmp
502,17,20,32,int,icmp
503,17,21,32,int,icmp
504,17,22,32,int,icmp
505,17,23,32,int,icmp
506,17,24,32,int,icmp
507,17,25,32,int,icmp
508,17,26,32,int,icmp
509,17,27,32,int,icmp
510,17,28,32,int,icmp
511,17,29,32,int,icmp
512,17,30,32,int,icmp
513,17,31,32,int,icmp
514,18,0,32,int,icmp
515,18,1,32,int,icmp
516,18,2,32,int,icmp
517,18,3,32,int,icmp
518,18,4,32,int,icmp
519,18,5,32,int,icmp
520,18,6,32,int,icmp
521,18,7,32,int,icmp
522,18,8,32,int,icmp
523,18,9,32,int,icmp
524,18,10,32,int,icmp
525,18,11,32,int,icmp
526,18,12,32,int,icmp
527,18,13,32,int,icmp
528,18,14,32,int,icmp
529,18,15,32,int,icmp
530,18,16,32,int,icmp
531,18,17,32,int,icmp
532,18,18,32,int,icmp
533,18,19,32,int,icmp
534,18,20,32,int,icmp
535,18,21,32,int,icmp
536,18,22,32,int,icmp
537,18,23,32,int,icmp
538,18,24,32,int,icmp
539,18,25,32,int,icmp
540,18,26,32,int,icmp
541,18,27,32,int,icmp
542,18,28,32,int,icmp
543,18,29,32,int,icmp
544,18,30,32,int,icmp
545,18,31,32,int,icmp
546,19,0,1,int,br
547,20,0,32,int,sub
548,20,1,32,int,sub
549,20,2,32,int,sub
550,20,3,32,int,sub
551,20,4,32,int,sub
552,20,5,32,int,sub
553,20,6,32,int,sub
554,20,7,32,int,sub
555,20,8,32,int,sub
556,20,9,32,int,sub
557,20,10,32,int,sub
558,20,11,32,int,sub
559,20,12,32,int,sub
560,20,13,32,int,sub
561,20,14,32,int,sub
562,20,15,32,int,sub
563,20,16,32,int,sub
564,20,17,32,int,sub
565,20,18,32,int,sub
566,20,19,32,int,sub
567,20,20,32,int,sub
568,20,21,32,int,sub
569,20,22,32,int,sub
570,20,23,32,int,sub
571,20,24,32,int,sub
572,20,25,32,int,sub
573,20,26,32,int,sub
574,20,27,32,int,sub
575,20,28,32,int,sub
576,20,29,32,int,sub
577,20,30,32,int,sub
578,20,31,32,int,sub
579,21,0,32,int,sub
580,21,1,32,int,sub
581,21,2,32,int,sub
582,21,3,32,int,sub
583,21,4,32,int,sub
584,21,5,32,int,sub
585,21,6,32,int,sub
586,21,7,32,int,sub
587,21,8,32,int,sub
588,21,9,32,int,sub
589,21,10,32,int,sub
590,21,11,32,int,sub
591,21,12,32,int,sub
592,21,13,32,int,sub
593,21,14,32,int,sub
594,21,15,32,int,sub
595,21,16,32,int,sub
596,21,17,32,int,sub
597,21,18,32,int,sub
598,21,19,32,int,sub
599,21,20,32,int,sub
600,21,21,32,int,sub
601,21,22,32,int,sub
602,21,23,32,int,sub
603,21,24,32,int,sub
604,21,25,32,int,sub
605,21,26,32,int,sub
606,21,27,32,int,sub
607,21,28,32,int,sub
608,21,29,32,int,sub
609,21,30,32,int,sub
610,21,31,32,int,sub
611,22,0,32,int,store
612,22,1,32,int,store
613,22,2,32,int,store
614,22,3,32,int,store
615,22,4,32,int,store
616,22,5,32,int,store
617,22,6,32,int,store
618,22,7,32,int,store
619,22,8,32,int,store
620,22,9,32,int,store
621,22,10,32,int,store
622,22,11,32,int,store
623,22,12,32,int,store
624,22,13,32,int,store
625,22,14,32,int,store
626,22,15,32,int,store
627,22,16,32,int,store
628,22,17,32,int,store
629,22,18,32,int,store
630,22,19,32,int,store
631,22,20,32,int,store
632,22,21,32,int,store
633,22,22,32,int,store
634,22,23,32,int,store
635,22,24,32,int,store
636,22,25,32,int,store
637,22,26,32,int,store
638,22,27,32,int,store
639,22,28,32,int,store
640,22,29,32,int,store
641,22,30,32,int,store
642,22,31,32,int,store
643,23,0,32,int,mul
644,23,1,32,int,mul
645,23,2,32,int,mul
646,23,3,32,int,mul
647,23,4,32,int,mul
648,23,5,32,int,mul
649,23,6,32,int,mul
650,23,7,32,int,mul
651,23,8,32,int,mul
652,23,9,32,int,mul
653,23,10,32,int,mul
654,23,11,32,int,mul
655,23,12,32,int,mul
656,23,13,32,int,mul
657,23,14,32,int,mul
658,23,15,32,int,mul
659,23,16,32,int,mul
660,23,17,32,int,mul
661,23,18,32,int,mul
662,23,19,32,int,mul
663,23,20,32,int,mul
664,23,21,32,int,mul
665,23,22,32,int,mul
666,23,23,32,int,mul
667,23,24,32,int,mul
668,23,25,32,int,mul
669,23,26,32,int,mul
670,23,27,32,int,mul
671,23,28,32,int,mul
672,23,29,32,int,mul
673,23,30,32,int,mul
674,23,31,32,int,mul
675,24,0,32,int,mul
676,24,1,32,int,mul
677,24,2,32,int,mul
678,24,3,32,int,mul
679,24,4,32,int,mul
680,24,5,32,int,mul
681,24,6,32,int,mul
682,24,7,32,int,mul
683,24,8,32,int,mul
684,24,9,32,int,mul
685,24,10,32,int,mul
686,24,11,32,int,mul
687,24,12,32,int,mul
688,24,13,32,int,mul
689,24,14,32,int,mul
690,24,15,32,int,mul
691,24,16,32,int,mul
692,24,17,32,int,mul
693,24,18,32,int,mul
694,24,19,32,int,mul
695,24,20,32,int,mul
696,24,21,32,int,mul
697,24,22,32,int,mul
698,24,23,32,int,mul
699,24,24,32,int,mul
700,24,25,32,int,mul
701,24,26,32,int,mul
702,24,27,32,int,mul
703,24,28,32,int,mul
704,24,29,32,int,mul
705,24,30,32,int,mul
706,24,31,32,int,mul
707,25,0,32,int,add
708,25,1,32,int,add
709,25,2,32,int,add
710,25,3,32,int,add
711,25,4,32,int,add
712,25,5,32,int,add
713,25,6,32,int,add
714,25,7,32,int,add
715,25,8,32,int,add
716,25,9,32,int,add
717,25,10,32,int,add
718,25,11,32,int,add
719,25,12,32,int,add
720,25,13,32,int,add
721,25,14,32,int,add
722,25,15,32,int,add
723,25,16,32,int,add
724,25,17,32,int,add
725,25,18,32,int,add
726,25,19,32,int,add
727,25,20,32,int,add
728,25,21,32,int,add
729,25,22,32,int,add
730,25,23,32,int,add
731,25,24,32,int,add
732,25,25,32,int,add
733,25,26,32,int,add
734,25,27,32,int,add
735,25,28,32,int,add
736,25,29,32,int,add
737,25,30,32,int,add
738,25,31,32,int,add
739,26,0,32,int,add
740,26,1,32,int,add
741,26,2,32,int,add
742,26,3,32,int,add
743,26,4,32,int,add
744,26,5,32,int,add
745,26,6,32,int,add
746,26,7,32,int,add
747,26,8,32,int,add
748,26,9,32,int,add
749,26,10,32,int,add
750,26,11,32,int,add
751,26,12,32,int,add
752,26,13,32,int,add
753,26,14,32,int,add
754,26,15,32,int,add
755,26,16,32,int,add
756,26,17,32,int,add
757,26,18,32,int,add
758,26,19,32,int,add
759,26,20,32,int,add
760,26,21,32,int,add
761,26,22,32,int,add
762,26,23,32,int,add
763,26,24,32,int,add
764,26,25,32,int,add
765,26,26,32,int,add
766,26,27,32,int,add
767,26,28,32,int,add
768,26,29,32,int,add
769,26,30,32,int,add
770,26,31,32,int,add
771,27,0,32,int,sext
772,27,1,32,int,sext
773,27,2,32,int,sext
774,27,3,32,int,sext
775,27,4,32,int,sext
776,27,5,32,int,sext
777,27,6,32,int,sext
778,27,7,32,int,sext
779,27,8,32,int,sext
780,27,9,32,int,sext
781,27,10,32,int,sext
782,27,11,32,int,sext
783,27,12,32,int,sext
784,27,13,32,int,sext
785,27,14,32,int,sext
786,27,15,32,int,sext
787,27,16,32,int,sext
788,27,17,32,int,sext
789,27,18,32,int,sext
790,27,19,32,int,sext
791,27,20,32,int,sext
792,27,21,32,int,sext
793,27,22,32,int,sext
794,27,23,32,int,sext
795,27,24,32,int,sext
796,27,25,32,int,sext
797,27,26,32,int,sext
798,27,27,32,int,sext
799,27,28,32,int,sext
800,27,29,32,int,sext
801,27,30,32,int,sext
802,27,31,32,int,sext
803,28,0,64,int,getelementptr
804,28,1,64,int,getelementptr
805,28,2,64,int,getelementptr
806,28,3,64,int,getelementptr
807,28,4,64,int,getelementptr
808,28,5,64,int,getelementptr
809,28,6,64,int,getelementptr
810,28,7,64,int,getelementptr
811,28,8,64,int,getelementptr
812,28,9,64,int,getelementptr
813,28,10,64,int,getelementptr
814,28,11,64,int,getelementptr
815,28,12,64,int,getelementptr
816,28,13,64,int,getelementptr
817,28,14,64,int,getelementptr
818,28,15,64,int,getelementptr
819,28,16,64,int,getelementptr
820,28,17,64,int,getelementptr
821,28,18,64,int,getelementptr
822,28,19,64,int,getelementptr
823,28,20,64,int,getelementptr
824,28,21,64,int,getelementptr
825,28,22,64,int,getelementptr
826,28,23,64,int,getelementptr
827,28,24,64,int,getelementptr
828,28,25,64,int,getelementptr
829,28,26,64,int,getelementptr
830,28,27,64,int,getelementptr
831,28,28,64,int,getelementptr
832,28,29,64,int,getelementptr
833,28,30,64,int,getelementptr
834,28,31,64,int,getelementptr
835,28,32,64,int,getelementptr
836,28,33,64,int,getelementptr
837,28,34,64,int,getelementptr
838,28,35,64,int,getelementptr
839,28,36,64,int,getelementptr
840,28,37,64,int,getelementptr
841,28,38,64,int,getelementptr
842,28,39,64,int,getelementptr
843,28,40,64,int,getelementptr
844,28,41,64,int,getelementptr
845,28,42,64,int,getelementptr
846,28,43,64,int,getelementptr
847,28,44,64,int,getelementptr
848,28,45,64,int,getelementptr
849,28,46,64,int,getelementptr
850,28,47,64,int,getelementptr
851,28,48,64,int,getelementptr
852,28,49,64,int,getelementptr
853,28,50,64,int,getelementptr
854,28,51,64,int,getelementptr
855,28,52,64,int,getelementptr
856,28,53,64,int,getelementptr
857,28,54,64,int,getelementptr
858,28,55,64,int,getelementptr
859,28,56,64,int,getelementptr
860,28,57,64,int,getelementptr
861,28,58,64,int,getelementptr
862,28,59,64,int,getelementptr
863,28,60,64,int,getelementptr
864,28,61,64,int,getelementptr
865,28,62,64,int,getelementptr
866,28,63,64,int,getelementptr
867,29,0,32,float,store
868,29,1,32,float,store
869,29,2,32,float,store
870,29,3,32,float,store
871,29,4,32,float,store
872,29,5,32,float,store
873,29,6,32,float,store
874,29,7,32,float,store
875,29,8,32,float,store
876,29,9,32,float,store
877,29,10,32,float,store
878,29,11,32,float,store
879,29,12,32,float,store
880,29,13,32,float,store
881,29,14,32,float,store
882,29,15,32,float,store
883,29,16,32,float,store
884,29,17,32,float,store
885,29,18,32,float,store
886,29,19,32,float,store
887,29,20,32,float,store
888,29,21,32,float,store
889,29,22,32,float,store
890,29,23,32,float,store
891,29,24,32,float,store
892,29,25,32,float,store
893,29,26,32,float,store
894,29,27,32,float,store
895,29,28,32,float,store
896,29,29,32,float,store
897,29,30,32,float,store
898,29,31,32,float,store
899,30,0,32,int,sub
900,30,1,32,int,sub
901,30,2,32,int,sub
902,30,3,32,int,sub
903,30,4,32,int,sub
904,30,5,32,int,sub
905,30,6,32,int,sub
906,30,7,32,int,sub
907,30,8,32,int,sub
908,30,9,32,int,sub
909,30,10,32,int,sub
910,30,11,32,int,sub
911,30,12,32,int,sub
912,30,13,32,int,sub
913,30,14,32,int,sub
914,30,15,32,int,sub
915,30,16,32,int,sub
916,30,17,32,int,sub
917,30,18,32,int,sub
918,30,19,32,int,sub
919,30,20,32,int,sub
920,30,21,32,int,sub
921,30,22,32,int,sub
922,30,23,32,int,sub
923,30,24,32,int,sub
924,30,25,32,int,sub
925,30,26,32,int,sub
926,30,27,32,int,sub
927,30,28,32,int,sub
928,30,29,32,int,sub
929,30,30,32,int,sub
930,30,31,32,int,sub
931,31,0,32,int,sub
932,31,1,32,int,sub
933,31,2,32,int,sub
934,31,3,32,int,sub
935,31,4,32,int,sub
936,31,5,32,int,sub
937,31,6,32,int,sub
938,31,7,32,int,sub
939,31,8,32,int,sub
940,31,9,32,int,sub
941,31,10,32,int,sub
942,31,11,32,int,sub
943,31,12,32,int,sub
944,31,13,32,int,sub
945,31,14,32,int,sub
946,31,15,32,int,sub
947,31,16,32,int,sub
948,31,17,32,int,sub
949,31,18,32,int,sub
950,31,19,32,int,sub
951,31,20,32,int,sub
952,31,21,32,int,sub
953,31,22,32,int,sub
954,31,23,32,int,sub
955,31,24,32,int,sub
956,31,25,32,int,sub
957,31,26,32,int,sub
958,31,27,32,int,sub
959,31,28,32,int,sub
960,31,29,32,int,sub
961,31,30,32,int,sub
962,31,31,32,int,sub
963,32,0,32,int,mul
964,32,1,32,int,mul
965,32,2,32,int,mul
966,32,3,32,int,mul
967,32,4,32,int,mul
968,32,5,32,int,mul
969,32,6,32,int,mul
970,32,7,32,int,mul
971,32,8,32,int,mul
972,32,9,32,int,mul
973,32,10,32,int,mul
974,32,11,32,int,mul
975,32,12,32,int,mul
976,32,13,32,int,mul
977,32,14,32,int,mul
978,32,15,32,int,mul
979,32,16,32,int,mul
980,32,17,32,int,mul
981,32,18,32,int,mul
982,32,19,32,int,mul
983,32,20,32,int,mul
984,32,21,32,int,mul
985,32,22,32,int,mul
986,32,23,32,int,mul
987,32,24,32,int,mul
988,32,25,32,int,mul
989,32,26,32,int,mul
990,32,27,32,int,mul
991,32,28,32,int,mul
992,32,29,32,int,mul
993,32,30,32,int,mul
994,32,31,32,int,mul
995,33,0,32,int,mul
996,33,1,32,int,mul
997,33,2,32,int,mul
998,33,3,32,int,mul
999,33,4,32,int,mul
1000,33,5,32,int,mul
1001,33,6,32,int,mul
1002,33,7,32,int,mul
1003,33,8,32,int,mul
1004,33,9,32,int,mul
1005,33,10,32,int,mul
1006,33,11,32,int,mul
1007,33,12,32,int,mul
1008,33,13,32,int,mul
1009,33,14,32,int,mul
1010,33,15,32,int,mul
1011,33,16,32,int,mul
1012,33,17,32,int,mul
1013,33,18,32,int,mul
1014,33,19,32,int,mul
1015,33,20,32,int,mul
1016,33,21,32,int,mul
1017,33,22,32,int,mul
1018,33,23,32,int,mul
1019,33,24,32,int,mul
1020,33,25,32,int,mul
1021,33,26,32,int,mul
1022,33,27,32,int,mul
1023,33,28,32,int,mul
1024,33,29,32,int,mul
1025,33,30,32,int,mul
1026,33,31,32,int,mul
1027,34,0,32,int,add
1028,34,1,32,int,add
1029,34,2,32,int,add
1030,34,3,32,int,add
1031,34,4,32,int,add
1032,34,5,32,int,add
1033,34,6,32,int,add
1034,34,7,32,int,add
1035,34,8,32,int,add
1036,34,9,32,int,add
1037,34,10,32,int,add
1038,34,11,32,int,add
1039,34,12,32,int,add
1040,34,13,32,int,add
1041,34,14,32,int,add
1042,34,15,32,int,add
1043,34,16,32,int,add
1044,34,17,32,int,add
1045,34,18,32,int,add
1046,34,19,32,int,add
1047,34,20,32,int,add
1048,34,21,32,int,add
1049,34,22,32,int,add
1050,34,23,32,int,add
1051,34,24,32,int,add
1052,34,25,32,int,add
1053,34,26,32,int,add
1054,34,27,32,int,add
1055,34,28,32,int,add
1056,34,29,32,int,add
1057,34,30,32,int,add
1058,34,31,32,int,add
1059,35,0,32,int,add
1060,35,1,32,int,add
1061,35,2,32,int,add
1062,35,3,32,int,add
1063,35,4,32,int,add
1064,35,5,32,int,add
1065,35,6,32,int,add
1066,35,7,32,int,add
1067,35,8,32,int,add
1068,35,9,32,int,add
1069,35,10,32,int,add
1070,35,11,32,int,add
1071,35,12,32,int,add
1072,35,13,32,int,add
1073,35,14,32,int,add
1074,35,15,32,int,add
1075,35,16,32,int,add
1076,35,17,32,int,add
1077,35,18,32,int,add
1078,35,19,32,int,add
1079,35,20,32,int,add
1080,35,21,32,int,add
1081,35,22,32,int,add
1082,35,23,32,int,add
1083,35,24,32,int,add
1084,35,25,32,int,add
1085,35,26,32,int,add
1086,35,27,32,int,add
1087,35,28,32,int,add
1088,35,29,32,int,add
1089,35,30,32,int,add
1090,35,31,32,int,add
1091,36,0,32,int,sext
1092,36,1,32,int,sext
1093,36,2,32,int,sext
1094,36,3,32,int,sext
1095,36,4,32,int,sext
1096,36,5,32,int,sext
1097,36,6,32,int,sext
1098,36,7,32,int,sext
1099,36,8,32,int,sext
1100,36,9,32,int,sext
1101,36,10,32,int,sext
1102,36,11,32,int,sext
1103,36,12,32,int,sext
1104,36,13,32,int,sext
1105,36,14,32,int,sext
1106,36,15,32,int,sext
1107,36,16,32,int,sext
1108,36,17,32,int,sext
1109,36,18,32,int,sext
1110,36,19,32,int,sext
1111,36,20,32,int,sext
1112,36,21,32,int,sext
1113,36,22,32,int,sext
1114,36,23,32,int,sext
1115,36,24,32,int,sext
1116,36,25,32,int,sext
1117,36,26,32,int,sext
1118,36,27,32,int,sext
1119,36,28,32,int,sext
1120,36,29,32,int,sext
1121,36,30,32,int,sext
1122,36,31,32,int,sext
1123,37,0,64,int,getelementptr
1124,37,1,64,int,getelementptr
1125,37,2,64,int,getelementptr
1126,37,3,64,int,getelementptr
1127,37,4,64,int,getelementptr
1128,37,5,64,int,getelementptr
1129,37,6,64,int,getelementptr
1130,37,7,64,int,getelementptr
1131,37,8,64,int,getelementptr
1132,37,9,64,int,getelementptr
1133,37,10,64,int,getelementptr
1134,37,11,64,int,getelementptr
1135,37,12,64,int,getelementptr
1136,37,13,64,int,getelementptr
1137,37,14,64,int,getelementptr
1138,37,15,64,int,getelementptr
1139,37,16,64,int,getelementptr
1140,37,17,64,int,getelementptr
1141,37,18,64,int,getelementptr
1142,37,19,64,int,getelementptr
1143,37,20,64,int,getelementptr
1144,37,21,64,int,getelementptr
1145,37,22,64,int,getelementptr
1146,37,23,64,int,getelementptr
1147,37,24,64,int,getelementptr
1148,37,25,64,int,getelementptr
1149,37,26,64,int,getelementptr
1150,37,27,64,int,getelementptr
1151,37,28,64,int,getelementptr
1152,37,29,64,int,getelementptr
1153,37,30,64,int,getelementptr
1154,37,31,64,int,getelementptr
1155,37,32,64,int,getelementptr
1156,37,33,64,int,getelementptr
1157,37,34,64,int,getelementptr
1158,37,35,64,int,getelementptr
1159,37,36,64,int,getelementptr
1160,37,37,64,int,getelementptr
1161,37,38,64,int,getelementptr
1162,37,39,64,int,getelementptr
1163,37,40,64,int,getelementptr
1164,37,41,64,int,getelementptr
1165,37,42,64,int,getelementptr
1166,37,43,64,int,getelementptr
1167,37,44,64,int,getelementptr
1168,37,45,64,int,getelementptr
1169,37,46,64,int,getelementptr
1170,37,47,64,int,getelementptr
1171,37,48,64,int,getelementptr
1172,37,49,64,int,getelementptr
1173,37,50,64,int,getelementptr
1174,37,51,64,int,getelementptr
1175,37,52,64,int,getelementptr
1176,37,53,64,int,getelementptr
1177,37,54,64,int,getelementptr
1178,37,55,64,int,getelementptr
1179,37,56,64,int,getelementptr
1180,37,57,64,int,getelementptr
1181,37,58,64,int,getelementptr
1182,37,59,64,int,getelementptr
1183,37,60,64,int,getelementptr
1184,37,61,64,int,getelementptr
1185,37,62,64,int,getelementptr
1186,37,63,64,int,getelementptr
1187,38,0,32,int,mul
1188,38,1,32,int,mul
1189,38,2,32,int,mul
1190,38,3,32,int,mul
1191,38,4,32,int,mul
1192,38,5,32,int,mul
1193,38,6,32,int,mul
1194,38,7,32,int,mul
1195,38,8,32,int,mul
1196,38,9,32,int,mul
1197,38,10,32,int,mul
1198,38,11,32,int,mul
1199,38,12,32,int,mul
1200,38,13,32,int,mul
1201,38,14,32,int,mul
1202,38,15,32,int,mul
1203,38,16,32,int,mul
1204,38,17,32,int,mul
1205,38,18,32,int,mul
1206,38,19,32,int,mul
1207,38,20,32,int,mul
1208,38,21,32,int,mul
1209,38,22,32,int,mul
1210,38,23,32,int,mul
1211,38,24,32,int,mul
1212,38,25,32,int,mul
1213,38,26,32,int,mul
1214,38,27,32,int,mul
1215,38,28,32,int,mul
1216,38,29,32,int,mul
1217,38,30,32,int,mul
1218,38,31,32,int,mul
1219,39,0,32,int,mul
1220,39,1,32,int,mul
1221,39,2,32,int,mul
1222,39,3,32,int,mul
1223,39,4,32,int,mul
1224,39,5,32,int,mul
1225,39,6,32,int,mul
1226,39,7,32,int,mul
1227,39,8,32,int,mul
1228,39,9,32,int,mul
1229,39,10,32,int,mul
1230,39,11,32,int,mul
1231,39,12,32,int,mul
1232,39,13,32,int,mul
1233,39,14,32,int,mul
1234,39,15,32,int,mul
1235,39,16,32,int,mul
1236,39,17,32,int,mul
1237,39,18,32,int,mul
1238,39,19,32,int,mul
1239,39,20,32,int,mul
1240,39,21,32,int,mul
1241,39,22,32,int,mul
1242,39,23,32,int,mul
1243,39,24,32,int,mul
1244,39,25,32,int,mul
1245,39,26,32,int,mul
1246,39,27,32,int,mul
1247,39,28,32,int,mul
1248,39,29,32,int,mul
1249,39,30,32,int,mul
1250,39,31,32,int,mul
1251,40,0,32,int,add
1252,40,1,32,int,add
1253,40,2,32,int,add
1254,40,3,32,int,add
1255,40,4,32,int,add
1256,40,5,32,int,add
1257,40,6,32,int,add
1258,40,7,32,int,add
1259,40,8,32,int,add
1260,40,9,32,int,add
1261,40,10,32,int,add
1262,40,11,32,int,add
1263,40,12,32,int,add
1264,40,13,32,int,add
1265,40,14,32,int,add
1266,40,15,32,int,add
1267,40,16,32,int,add
1268,40,17,32,int,add
1269,40,18,32,int,add
1270,40,19,32,int,add
1271,40,20,32,int,add
1272,40,21,32,int,add
1273,40,22,32,int,add
1274,40,23,32,int,add
1275,40,24,32,int,add
1276,40,25,32,int,add
1277,40,26,32,int,add
1278,40,27,32,int,add
1279,40,28,32,int,add
1280,40,29,32,int,add
1281,40,30,32,int,add
1282,40,31,32,int,add
1283,41,0,32,int,add
1284,41,1,32,int,add
1285,41,2,32,int,add
1286,41,3,32,int,add
1287,41,4,32,int,add
1288,41,5,32,int,add
1289,41,6,32,int,add
1290,41,7,32,int,add
1291,41,8,32,int,add
1292,41,9,32,int,add
1293,41,10,32,int,add
1294,41,11,32,int,add
1295,41,12,32,int,add
1296,41,13,32,int,add
1297,41,14,32,int,add
1298,41,15,32,int,add
1299,41,16,32,int,add
1300,41,17,32,int,add
1301,41,18,32,int,add
1302,41,19,32,int,add
1303,41,20,32,int,add
1304,41,21,32,int,add
1305,41,22,32,int,add
1306,41,23,32,int,add
1307,41,24,32,int,add
1308,41,25,32,int,add
1309,41,26,32,int,add
1310,41,27,32,int,add
1311,41,28,32,int,add
1312,41,29,32,int,add
1313,41,30,32,int,add
1314,41,31,32,int,add
1315,42,0,32,int,sext
1316,42,1,32,int,sext
1317,42,2,32,int,sext
1318,42,3,32,int,sext
1319,42,4,32,int,sext
1320,42,5,32,int,sext
1321,42,6,32,int,sext
1322,42,7,32,int,sext
1323,42,8,32,int,sext
1324,42,9,32,int,sext
1325,42,10,32,int,sext
1326,42,11,32,int,sext
1327,42,12,32,int,sext
1328,42,13,32,int,sext
1329,42,14,32,int,sext
1330,42,15,32,int,sext
1331,42,16,32,int,sext
1332,42,17,32,int,sext
1333,42,18,32,int,sext
1334,42,19,32,int,sext
1335,42,20,32,int,sext
1336,42,21,32,int,sext
1337,42,22,32,int,sext
1338,42,23,32,int,sext
1339,42,24,32,int,sext
1340,42,25,32,int,sext
1341,42,26,32,int,sext
1342,42,27,32,int,sext
1343,42,28,32,int,sext
1344,42,29,32,int,sext
1345,42,30,32,int,sext
1346,42,31,32,int,sext
1347,43,0,64,int,getelementptr
1348,43,1,64,int,getelementptr
1349,43,2,64,int,getelementptr
1350,43,3,64,int,getelementptr
1351,43,4,64,int,getelementptr
1352,43,5,64,int,getelementptr
1353,43,6,64,int,getelementptr
1354,43,7,64,int,getelementptr
1355,43,8,64,int,getelementptr
1356,43,9,64,int,getelementptr
1357,43,10,64,int,getelementptr
1358,43,11,64,int,getelementptr
1359,43,12,64,int,getelementptr
1360,43,13,64,int,getelementptr
1361,43,14,64,int,getelementptr
1362,43,15,64,int,getelementptr
1363,43,16,64,int,getelementptr
1364,43,17,64,int,getelementptr
1365,43,18,64,int,getelementptr
1366,43,19,64,int,getelementptr
1367,43,20,64,int,getelementptr
1368,43,21,64,int,getelementptr
1369,43,22,64,int,getelementptr
1370,43,23,64,int,getelementptr
1371,43,24,64,int,getelementptr
1372,43,25,64,int,getelementptr
1373,43,26,64,int,getelementptr
1374,43,27,64,int,getelementptr
1375,43,28,64,int,getelementptr
1376,43,29,64,int,getelementptr
1377,43,30,64,int,getelementptr
1378,43,31,64,int,getelementptr
1379,43,32,64,int,getelementptr
1380,43,33,64,int,getelementptr
1381,43,34,64,int,getelementptr
1382,43,35,64,int,getelementptr
1383,43,36,64,int,getelementptr
1384,43,37,64,int,getelementptr
1385,43,38,64,int,getelementptr
1386,43,39,64,int,getelementptr
1387,43,40,64,int,getelementptr
1388,43,41,64,int,getelementptr
1389,43,42,64,int,getelementptr
1390,43,43,64,int,getelementptr
1391,43,44,64,int,getelementptr
1392,43,45,64,int,getelementptr
1393,43,46,64,int,getelementptr
1394,43,47,64,int,getelementptr
1395,43,48,64,int,getelementptr
1396,43,49,64,int,getelementptr
1397,43,50,64,int,getelementptr
1398,43,51,64,int,getelementptr
1399,43,52,64,int,getelementptr
1400,43,53,64,int,getelementptr
1401,43,54,64,int,getelementptr
1402,43,55,64,int,getelementptr
1403,43,56,64,int,getelementptr
1404,43,57,64,int,getelementptr
1405,43,58,64,int,getelementptr
1406,43,59,64,int,getelementptr
1407,43,60,64,int,getelementptr
1408,43,61,64,int,getelementptr
1409,43,62,64,int,getelementptr
1410,43,63,64,int,getelementptr
1411,44,0,32,float,store
1412,44,1,32,float,store
1413,44,2,32,float,store
1414,44,3,32,float,store
1415,44,4,32,float,store
1416,44,5,32,float,store
1417,44,6,32,float,store
1418,44,7,32,float,store
1419,44,8,32,float,store
1420,44,9,32,float,store
1421,44,10,32,float,store
1422,44,11,32,float,store
1423,44,12,32,float,store
1424,44,13,32,float,store
1425,44,14,32,float,store
1426,44,15,32,float,store
1427,44,16,32,float,store
1428,44,17,32,float,store
1429,44,18,32,float,store
1430,44,19,32,float,store
1431,44,20,32,float,store
1432,44,21,32,float,store
1433,44,22,32,float,store
1434,44,23,32,float,store
1435,44,24,32,float,store
1436,44,25,32,float,store
1437,44,26,32,float,store
1438,44,27,32,float,store
1439,44,28,32,float,store
1440,44,29,32,float,store
1441,44,30,32,float,store
1442,44,31,32,float,store
1443,45,0,32,int,mul
1444,45,1,32,int,mul
1445,45,2,32,int,mul
1446,45,3,32,int,mul
1447,45,4,32,int,mul
1448,45,5,32,int,mul
1449,45,6,32,int,mul
1450,45,7,32,int,mul
1451,45,8,32,int,mul
1452,45,9,32,int,mul
1453,45,10,32,int,mul
1454,45,11,32,int,mul
1455,45,12,32,int,mul
1456,45,13,32,int,mul
1457,45,14,32,int,mul
1458,45,15,32,int,mul
1459,45,16,32,int,mul
1460,45,17,32,int,mul
1461,45,18,32,int,mul
1462,45,19,32,int,mul
1463,45,20,32,int,mul
1464,45,21,32,int,mul
1465,45,22,32,int,mul
1466,45,23,32,int,mul
1467,45,24,32,int,mul
1468,45,25,32,int,mul
1469,45,26,32,int,mul
1470,45,27,32,int,mul
1471,45,28,32,int,mul
1472,45,29,32,int,mul
1473,45,30,32,int,mul
1474,45,31,32,int,mul
1475,46,0,32,int,mul
1476,46,1,32,int,mul
1477,46,2,32,int,mul
1478,46,3,32,int,mul
1479,46,4,32,int,mul
1480,46,5,32,int,mul
1481,46,6,32,int,mul
1482,46,7,32,int,mul
1483,46,8,32,int,mul
1484,46,9,32,int,mul
1485,46,10,32,int,mul
1486,46,11,32,int,mul
1487,46,12,32,int,mul
1488,46,13,32,int,mul
1489,46,14,32,int,mul
1490,46,15,32,int,mul
1491,46,16,32,int,mul
1492,46,17,32,int,mul
1493,46,18,32,int,mul
1494,46,19,32,int,mul
1495,46,20,32,int,mul
1496,46,21,32,int,mul
1497,46,22,32,int,mul
1498,46,23,32,int,mul
1499,46,24,32,int,mul
1500,46,25,32,int,mul
1501,46,26,32,int,mul
1502,46,27,32,int,mul
1503,46,28,32,int,mul
1504,46,29,32,int,mul
1505,46,30,32,int,mul
1506,46,31,32,int,mul
1507,47,0,32,int,sub
1508,47,1,32,int,sub
1509,47,2,32,int,sub
1510,47,3,32,int,sub
1511,47,4,32,int,sub
1512,47,5,32,int,sub
1513,47,6,32,int,sub
1514,47,7,32,int,sub
1515,47,8,32,int,sub
1516,47,9,32,int,sub
1517,47,10,32,int,sub
1518,47,11,32,int,sub
1519,47,12,32,int,sub
1520,47,13,32,int,sub
1521,47,14,32,int,sub
1522,47,15,32,int,sub
1523,47,16,32,int,sub
1524,47,17,32,int,sub
1525,47,18,32,int,sub
1526,47,19,32,int,sub
1527,47,20,32,int,sub
1528,47,21,32,int,sub
1529,47,22,32,int,sub
1530,47,23,32,int,sub
1531,47,24,32,int,sub
1532,47,25,32,int,sub
1533,47,26,32,int,sub
1534,47,27,32,int,sub
1535,47,28,32,int,sub
1536,47,29,32,int,sub
1537,47,30,32,int,sub
1538,47,31,32,int,sub
1539,48,0,32,int,sub
1540,48,1,32,int,sub
1541,48,2,32,int,sub
1542,48,3,32,int,sub
1543,48,4,32,int,sub
1544,48,5,32,int,sub
1545,48,6,32,int,sub
1546,48,7,32,int,sub
1547,48,8,32,int,sub
1548,48,9,32,int,sub
1549,48,10,32,int,sub
1550,48,11,32,int,sub
1551,48,12,32,int,sub
1552,48,13,32,int,sub
1553,48,14,32,int,sub
1554,48,15,32,int,sub
1555,48,16,32,int,sub
1556,48,17,32,int,sub
1557,48,18,32,int,sub
1558,48,19,32,int,sub
1559,48,20,32,int,sub
1560,48,21,32,int,sub
1561,48,22,32,int,sub
1562,48,23,32,int,sub
1563,48,24,32,int,sub
1564,48,25,32,int,sub
1565,48,26,32,int,sub
1566,48,27,32,int,sub
1567,48,28,32,int,sub
1568,48,29,32,int,sub
1569,48,30,32,int,sub
1570,48,31,32,int,sub
1571,49,0,32,int,add
1572,49,1,32,int,add
1573,49,2,32,int,add
1574,49,3,32,int,add
1575,49,4,32,int,add
1576,49,5,32,int,add
1577,49,6,32,int,add
1578,49,7,32,int,add
1579,49,8,32,int,add
1580,49,9,32,int,add
1581,49,10,32,int,add
1582,49,11,32,int,add
1583,49,12,32,int,add
1584,49,13,32,int,add
1585,49,14,32,int,add
1586,49,15,32,int,add
1587,49,16,32,int,add
1588,49,17,32,int,add
1589,49,18,32,int,add
1590,49,19,32,int,add
1591,49,20,32,int,add
1592,49,21,32,int,add
1593,49,22,32,int,add
1594,49,23,32,int,add
1595,49,24,32,int,add
1596,49,25,32,int,add
1597,49,26,32,int,add
1598,49,27,32,int,add
1599,49,28,32,int,add
1600,49,29,32,int,add
1601,49,30,32,int,add
1602,49,31,32,int,add
1603,50,0,32,int,add
1604,50,1,32,int,add
1605,50,2,32,int,add
1606,50,3,32,int,add
1607,50,4,32,int,add
1608,50,5,32,int,add
1609,50,6,32,int,add
1610,50,7,32,int,add
1611,50,8,32,int,add
1612,50,9,32,int,add
1613,50,10,32,int,add
1614,50,11,32,int,add
1615,50,12,32,int,add
1616,50,13,32,int,add
1617,50,14,32,int,add
1618,50,15,32,int,add
1619,50,16,32,int,add
1620,50,17,32,int,add
1621,50,18,32,int,add
1622,50,19,32,int,add
1623,50,20,32,int,add
1624,50,21,32,int,add
1625,50,22,32,int,add
1626,50,23,32,int,add
1627,50,24,32,int,add
1628,50,25,32,int,add
1629,50,26,32,int,add
1630,50,27,32,int,add
1631,50,28,32,int,add
1632,50,29,32,int,add
1633,50,30,32,int,add
1634,50,31,32,int,add
1635,51,0,32,int,sext
1636,51,1,32,int,sext
1637,51,2,32,int,sext
1638,51,3,32,int,sext
1639,51,4,32,int,sext
1640,51,5,32,int,sext
1641,51,6,32,int,sext
1642,51,7,32,int,sext
1643,51,8,32,int,sext
1644,51,9,32,int,sext
1645,51,10,32,int,sext
1646,51,11,32,int,sext
1647,51,12,32,int,sext
1648,51,13,32,int,sext
1649,51,14,32,int,sext
1650,51,15,32,int,sext
1651,51,16,32,int,sext
1652,51,17,32,int,sext
1653,51,18,32,int,sext
1654,51,19,32,int,sext
1655,51,20,32,int,sext
1656,51,21,32,int,sext
1657,51,22,32,int,sext
1658,51,23,32,int,sext
1659,51,24,32,int,sext
1660,51,25,32,int,sext
1661,51,26,32,int,sext
1662,51,27,32,int,sext
1663,51,28,32,int,sext
1664,51,29,32,int,sext
1665,51,30,32,int,sext
1666,51,31,32,int,sext
1667,52,0,64,int,getelementptr
1668,52,1,64,int,getelementptr
1669,52,2,64,int,getelementptr
1670,52,3,64,int,getelementptr
1671,52,4,64,int,getelementptr
1672,52,5,64,int,getelementptr
1673,52,6,64,int,getelementptr
1674,52,7,64,int,getelementptr
1675,52,8,64,int,getelementptr
1676,52,9,64,int,getelementptr
1677,52,10,64,int,getelementptr
1678,52,11,64,int,getelementptr
1679,52,12,64,int,getelementptr
1680,52,13,64,int,getelementptr
1681,52,14,64,int,getelementptr
1682,52,15,64,int,getelementptr
1683,52,16,64,int,getelementptr
1684,52,17,64,int,getelementptr
1685,52,18,64,int,getelementptr
1686,52,19,64,int,getelementptr
1687,52,20,64,int,getelementptr
1688,52,21,64,int,getelementptr
1689,52,22,64,int,getelementptr
1690,52,23,64,int,getelementptr
1691,52,24,64,int,getelementptr
1692,52,25,64,int,getelementptr
1693,52,26,64,int,getelementptr
1694,52,27,64,int,getelementptr
1695,52,28,64,int,getelementptr
1696,52,29,64,int,getelementptr
1697,52,30,64,int,getelementptr
1698,52,31,64,int,getelementptr
1699,52,32,64,int,getelementptr
1700,52,33,64,int,getelementptr
1701,52,34,64,int,getelementptr
1702,52,35,64,int,getelementptr
1703,52,36,64,int,getelementptr
1704,52,37,64,int,getelementptr
1705,52,38,64,int,getelementptr
1706,52,39,64,int,getelementptr
1707,52,40,64,int,getelementptr
1708,52,41,64,int,getelementptr
1709,52,42,64,int,getelementptr
1710,52,43,64,int,getelementptr
1711,52,44,64,int,getelementptr
1712,52,45,64,int,getelementptr
1713,52,46,64,int,getelementptr
1714,52,47,64,int,getelementptr
1715,52,48,64,int,getelementptr
1716,52,49,64,int,getelementptr
1717,52,50,64,int,getelementptr
1718,52,51,64,int,getelementptr
1719,52,52,64,int,getelementptr
1720,52,53,64,int,getelementptr
1721,52,54,64,int,getelementptr
1722,52,55,64,int,getelementptr
1723,52,56,64,int,getelementptr
1724,52,57,64,int,getelementptr
1725,52,58,64,int,getelementptr
1726,52,59,64,int,getelementptr
1727,52,60,64,int,getelementptr
1728,52,61,64,int,getelementptr
1729,52,62,64,int,getelementptr
1730,52,63,64,int,getelementptr
1731,53,0,32,int,sub
1732,53,1,32,int,sub
1733,53,2,32,int,sub
1734,53,3,32,int,sub
1735,53,4,32,int,sub
1736,53,5,32,int,sub
1737,53,6,32,int,sub
1738,53,7,32,int,sub
1739,53,8,32,int,sub
1740,53,9,32,int,sub
1741,53,10,32,int,sub
1742,53,11,32,int,sub
1743,53,12,32,int,sub
1744,53,13,32,int,sub
1745,53,14,32,int,sub
1746,53,15,32,int,sub
1747,53,16,32,int,sub
1748,53,17,32,int,sub
1749,53,18,32,int,sub
1750,53,19,32,int,sub
1751,53,20,32,int,sub
1752,53,21,32,int,sub
1753,53,22,32,int,sub
1754,53,23,32,int,sub
1755,53,24,32,int,sub
1756,53,25,32,int,sub
1757,53,26,32,int,sub
1758,53,27,32,int,sub
1759,53,28,32,int,sub
1760,53,29,32,int,sub
1761,53,30,32,int,sub
1762,53,31,32,int,sub
1763,54,0,32,int,sub
1764,54,1,32,int,sub
1765,54,2,32,int,sub
1766,54,3,32,int,sub
1767,54,4,32,int,sub
1768,54,5,32,int,sub
1769,54,6,32,int,sub
1770,54,7,32,int,sub
1771,54,8,32,int,sub
1772,54,9,32,int,sub
1773,54,10,32,int,sub
1774,54,11,32,int,sub
1775,54,12,32,int,sub
1776,54,13,32,int,sub
1777,54,14,32,int,sub
1778,54,15,32,int,sub
1779,54,16,32,int,sub
1780,54,17,32,int,sub
1781,54,18,32,int,sub
1782,54,19,32,int,sub
1783,54,20,32,int,sub
1784,54,21,32,int,sub
1785,54,22,32,int,sub
1786,54,23,32,int,sub
1787,54,24,32,int,sub
1788,54,25,32,int,sub
1789,54,26,32,int,sub
1790,54,27,32,int,sub
1791,54,28,32,int,sub
1792,54,29,32,int,sub
1793,54,30,32,int,sub
1794,54,31,32,int,sub
1795,55,0,32,int,mul
1796,55,1,32,int,mul
1797,55,2,32,int,mul
1798,55,3,32,int,mul
1799,55,4,32,int,mul
1800,55,5,32,int,mul
1801,55,6,32,int,mul
1802,55,7,32,int,mul
1803,55,8,32,int,mul
1804,55,9,32,int,mul
1805,55,10,32,int,mul
1806,55,11,32,int,mul
1807,55,12,32,int,mul
1808,55,13,32,int,mul
1809,55,14,32,int,mul
1810,55,15,32,int,mul
1811,55,16,32,int,mul
1812,55,17,32,int,mul
1813,55,18,32,int,mul
1814,55,19,32,int,mul
1815,55,20,32,int,mul
1816,55,21,32,int,mul
1817,55,22,32,int,mul
1818,55,23,32,int,mul
1819,55,24,32,int,mul
1820,55,25,32,int,mul
1821,55,26,32,int,mul
1822,55,27,32,int,mul
1823,55,28,32,int,mul
1824,55,29,32,int,mul
1825,55,30,32,int,mul
1826,55,31,32,int,mul
1827,56,0,32,int,mul
1828,56,1,32,int,mul
1829,56,2,32,int,mul
1830,56,3,32,int,mul
1831,56,4,32,int,mul
1832,56,5,32,int,mul
1833,56,6,32,int,mul
1834,56,7,32,int,mul
1835,56,8,32,int,mul
1836,56,9,32,int,mul
1837,56,10,32,int,mul
1838,56,11,32,int,mul
1839,56,12,32,int,mul
1840,56,13,32,int,mul
1841,56,14,32,int,mul
1842,56,15,32,int,mul
1843,56,16,32,int,mul
1844,56,17,32,int,mul
1845,56,18,32,int,mul
1846,56,19,32,int,mul
1847,56,20,32,int,mul
1848,56,21,32,int,mul
1849,56,22,32,int,mul
1850,56,23,32,int,mul
1851,56,24,32,int,mul
1852,56,25,32,int,mul
1853,56,26,32,int,mul
1854,56,27,32,int,mul
1855,56,28,32,int,mul
1856,56,29,32,int,mul
1857,56,30,32,int,mul
1858,56,31,32,int,mul
1859,57,0,32,int,add
1860,57,1,32,int,add
1861,57,2,32,int,add
1862,57,3,32,int,add
1863,57,4,32,int,add
1864,57,5,32,int,add
1865,57,6,32,int,add
1866,57,7,32,int,add
1867,57,8,32,int,add
1868,57,9,32,int,add
1869,57,10,32,int,add
1870,57,11,32,int,add
1871,57,12,32,int,add
1872,57,13,32,int,add
1873,57,14,32,int,add
1874,57,15,32,int,add
1875,57,16,32,int,add
1876,57,17,32,int,add
1877,57,18,32,int,add
1878,57,19,32,int,add
1879,57,20,32,int,add
1880,57,21,32,int,add
1881,57,22,32,int,add
1882,57,23,32,int,add
1883,57,24,32,int,add
1884,57,25,32,int,add
1885,57,26,32,int,add
1886,57,27,32,int,add
1887,57,28,32,int,add
1888,57,29,32,int,add
1889,57,30,32,int,add
1890,57,31,32,int,add
1891,58,0,32,int,add
1892,58,1,32,int,add
1893,58,2,32,int,add
1894,58,3,32,int,add
1895,58,4,32,int,add
1896,58,5,32,int,add
1897,58,6,32,int,add
1898,58,7,32,int,add
1899,58,8,32,int,add
1900,58,9,32,int,add
1901,58,10,32,int,add
1902,58,11,32,int,add
1903,58,12,32,int,add
1904,58,13,32,int,add
1905,58,14,32,int,add
1906,58,15,32,int,add
1907,58,16,32,int,add
1908,58,17,32,int,add
1909,58,18,32,int,add
1910,58,19,32,int,add
1911,58,20,32,int,add
1912,58,21,32,int,add
1913,58,22,32,int,add
1914,58,23,32,int,add
1915,58,24,32,int,add
1916,58,25,32,int,add
1917,58,26,32,int,add
1918,58,27,32,int,add
1919,58,28,32,int,add
1920,58,29,32,int,add
1921,58,30,32,int,add
1922,58,31,32,int,add
1923,59,0,32,int,sext
1924,59,1,32,int,sext
1925,59,2,32,int,sext
1926,59,3,32,int,sext
1927,59,4,32,int,sext
1928,59,5,32,int,sext
1929,59,6,32,int,sext
1930,59,7,32,int,sext
1931,59,8,32,int,sext
1932,59,9,32,int,sext
1933,59,10,32,int,sext
1934,59,11,32,int,sext
1935,59,12,32,int,sext
1936,59,13,32,int,sext
1937,59,14,32,int,sext
1938,59,15,32,int,sext
1939,59,16,32,int,sext
1940,59,17,32,int,sext
1941,59,18,32,int,sext
1942,59,19,32,int,sext
1943,59,20,32,int,sext
1944,59,21,32,int,sext
1945,59,22,32,int,sext
1946,59,23,32,int,sext
1947,59,24,32,int,sext
1948,59,25,32,int,sext
1949,59,26,32,int,sext
1950,59,27,32,int,sext
1951,59,28,32,int,sext
1952,59,29,32,int,sext
1953,59,30,32,int,sext
1954,59,31,32,int,sext
1955,60,0,64,int,getelementptr
1956,60,1,64,int,getelementptr
1957,60,2,64,int,getelementptr
1958,60,3,64,int,getelementptr
1959,60,4,64,int,getelementptr
1960,60,5,64,int,getelementptr
1961,60,6,64,int,getelementptr
1962,60,7,64,int,getelementptr
1963,60,8,64,int,getelementptr
1964,60,9,64,int,getelementptr
1965,60,10,64,int,getelementptr
1966,60,11,64,int,getelementptr
1967,60,12,64,int,getelementptr
1968,60,13,64,int,getelementptr
1969,60,14,64,int,getelementptr
1970,60,15,64,int,getelementptr
1971,60,16,64,int,getelementptr
1972,60,17,64,int,getelementptr
1973,60,18,64,int,getelementptr
1974,60,19,64,int,getelementptr
1975,60,20,64,int,getelementptr
1976,60,21,64,int,getelementptr
1977,60,22,64,int,getelementptr
1978,60,23,64,int,getelementptr
1979,60,24,64,int,getelementptr
1980,60,25,64,int,getelementptr
1981,60,26,64,int,getelementptr
1982,60,27,64,int,getelementptr
1983,60,28,64,int,getelementptr
1984,60,29,64,int,getelementptr
1985,60,30,64,int,getelementptr
1986,60,31,64,int,getelementptr
1987,60,32,64,int,getelementptr
1988,60,33,64,int,getelementptr
1989,60,34,64,int,getelementptr
1990,60,35,64,int,getelementptr
1991,60,36,64,int,getelementptr
1992,60,37,64,int,getelementptr
1993,60,38,64,int,getelementptr
1994,60,39,64,int,getelementptr
1995,60,40,64,int,getelementptr
1996,60,41,64,int,getelementptr
1997,60,42,64,int,getelementptr
1998,60,43,64,int,getelementptr
1999,60,44,64,int,getelementptr
2000,60,45,64,int,getelementptr
2001,60,46,64,int,getelementptr
2002,60,47,64,int,getelementptr
2003,60,48,64,int,getelementptr
2004,60,49,64,int,getelementptr
2005,60,50,64,int,getelementptr
2006,60,51,64,int,getelementptr
2007,60,52,64,int,getelementptr
2008,60,53,64,int,getelementptr
2009,60,54,64,int,getelementptr
2010,60,55,64,int,getelementptr
2011,60,56,64,int,getelementptr
2012,60,57,64,int,getelementptr
2013,60,58,64,int,getelementptr
2014,60,59,64,int,getelementptr
2015,60,60,64,int,getelementptr
2016,60,61,64,int,getelementptr
2017,60,62,64,int,getelementptr
2018,60,63,64,int,getelementptr
2019,61,0,32,float,store
2020,61,1,32,float,store
2021,61,2,32,float,store
2022,61,3,32,float,store
2023,61,4,32,float,store
2024,61,5,32,float,store
2025,61,6,32,float,store
2026,61,7,32,float,store
2027,61,8,32,float,store
2028,61,9,32,float,store
2029,61,10,32,float,store
2030,61,11,32,float,store
2031,61,12,32,float,store
2032,61,13,32,float,store
2033,61,14,32,float,store
2034,61,15,32,float,store
2035,61,16,32,float,store
2036,61,17,32,float,store
2037,61,18,32,float,store
2038,61,19,32,float,store
2039,61,20,32,float,store
2040,61,21,32,float,store
2041,61,22,32,float,store
2042,61,23,32,float,store
2043,61,24,32,float,store
2044,61,25,32,float,store
2045,61,26,32,float,store
2046,61,27,32,float,store
2047,61,28,32,float,store
2048,61,29,32,float,store
2049,61,30,32,float,store
2050,61,31,32,float,store
2051,62,0,32,int,mul
2052,62,1,32,int,mul
2053,62,2,32,int,mul
2054,62,3,32,int,mul
2055,62,4,32,int,mul
2056,62,5,32,int,mul
2057,62,6,32,int,mul
2058,62,7,32,int,mul
2059,62,8,32,int,mul
2060,62,9,32,int,mul
2061,62,10,32,int,mul
2062,62,11,32,int,mul
2063,62,12,32,int,mul
2064,62,13,32,int,mul
2065,62,14,32,int,mul
2066,62,15,32,int,mul
2067,62,16,32,int,mul
2068,62,17,32,int,mul
2069,62,18,32,int,mul
2070,62,19,32,int,mul
2071,62,20,32,int,mul
2072,62,21,32,int,mul
2073,62,22,32,int,mul
2074,62,23,32,int,mul
2075,62,24,32,int,mul
2076,62,25,32,int,mul
2077,62,26,32,int,mul
2078,62,27,32,int,mul
2079,62,28,32,int,mul
2080,62,29,32,int,mul
2081,62,30,32,int,mul
2082,62,31,32,int,mul
2083,63,0,32,int,mul
2084,63,1,32,int,mul
2085,63,2,32,int,mul
2086,63,3,32,int,mul
2087,63,4,32,int,mul
2088,63,5,32,int,mul
2089,63,6,32,int,mul
2090,63,7,32,int,mul
2091,63,8,32,int,mul
2092,63,9,32,int,mul
2093,63,10,32,int,mul
2094,63,11,32,int,mul
2095,63,12,32,int,mul
2096,63,13,32,int,mul
2097,63,14,32,int,mul
2098,63,15,32,int,mul
2099,63,16,32,int,mul
2100,63,17,32,int,mul
2101,63,18,32,int,mul
2102,63,19,32,int,mul
2103,63,20,32,int,mul
2104,63,21,32,int,mul
2105,63,22,32,int,mul
2106,63,23,32,int,mul
2107,63,24,32,int,mul
2108,63,25,32,int,mul
2109,63,26,32,int,mul
2110,63,27,32,int,mul
2111,63,28,32,int,mul
2112,63,29,32,int,mul
2113,63,30,32,int,mul
2114,63,31,32,int,mul
2115,64,0,32,int,add
2116,64,1,32,int,add
2117,64,2,32,int,add
2118,64,3,32,int,add
2119,64,4,32,int,add
2120,64,5,32,int,add
2121,64,6,32,int,add
2122,64,7,32,int,add
2123,64,8,32,int,add
2124,64,9,32,int,add
2125,64,10,32,int,add
2126,64,11,32,int,add
2127,64,12,32,int,add
2128,64,13,32,int,add
2129,64,14,32,int,add
2130,64,15,32,int,add
2131,64,16,32,int,add
2132,64,17,32,int,add
2133,64,18,32,int,add
2134,64,19,32,int,add
2135,64,20,32,int,add
2136,64,21,32,int,add
2137,64,22,32,int,add
2138,64,23,32,int,add
2139,64,24,32,int,add
2140,64,25,32,int,add
2141,64,26,32,int,add
2142,64,27,32,int,add
2143,64,28,32,int,add
2144,64,29,32,int,add
2145,64,30,32,int,add
2146,64,31,32,int,add
2147,65,0,32,int,add
2148,65,1,32,int,add
2149,65,2,32,int,add
2150,65,3,32,int,add
2151,65,4,32,int,add
2152,65,5,32,int,add
2153,65,6,32,int,add
2154,65,7,32,int,add
2155,65,8,32,int,add
2156,65,9,32,int,add
2157,65,10,32,int,add
2158,65,11,32,int,add
2159,65,12,32,int,add
2160,65,13,32,int,add
2161,65,14,32,int,add
2162,65,15,32,int,add
2163,65,16,32,int,add
2164,65,17,32,int,add
2165,65,18,32,int,add
2166,65,19,32,int,add
2167,65,20,32,int,add
2168,65,21,32,int,add
2169,65,22,32,int,add
2170,65,23,32,int,add
2171,65,24,32,int,add
2172,65,25,32,int,add
2173,65,26,32,int,add
2174,65,27,32,int,add
2175,65,28,32,int,add
2176,65,29,32,int,add
2177,65,30,32,int,add
2178,65,31,32,int,add
2179,66,0,32,int,sext
2180,66,1,32,int,sext
2181,66,2,32,int,sext
2182,66,3,32,int,sext
2183,66,4,32,int,sext
2184,66,5,32,int,sext
2185,66,6,32,int,sext
2186,66,7,32,int,sext
2187,66,8,32,int,sext
2188,66,9,32,int,sext
2189,66,10,32,int,sext
2190,66,11,32,int,sext
2191,66,12,32,int,sext
2192,66,13,32,int,sext
2193,66,14,32,int,sext
2194,66,15,32,int,sext
2195,66,16,32,int,sext
2196,66,17,32,int,sext
2197,66,18,32,int,sext
2198,66,19,32,int,sext
2199,66,20,32,int,sext
2200,66,21,32,int,sext
2201,66,22,32,int,sext
2202,66,23,32,int,sext
2203,66,24,32,int,sext
2204,66,25,32,int,sext
2205,66,26,32,int,sext
2206,66,27,32,int,sext
2207,66,28,32,int,sext
2208,66,29,32,int,sext
2209,66,30,32,int,sext
2210,66,31,32,int,sext
2211,67,0,64,int,getelementptr
2212,67,1,64,int,getelementptr
2213,67,2,64,int,getelementptr
2214,67,3,64,int,getelementptr
2215,67,4,64,int,getelementptr
2216,67,5,64,int,getelementptr
2217,67,6,64,int,getelementptr
2218,67,7,64,int,getelementptr
2219,67,8,64,int,getelementptr
2220,67,9,64,int,getelementptr
2221,67,10,64,int,getelementptr
2222,67,11,64,int,getelementptr
2223,67,12,64,int,getelementptr
2224,67,13,64,int,getelementptr
2225,67,14,64,int,getelementptr
2226,67,15,64,int,getelementptr
2227,67,16,64,int,getelementptr
2228,67,17,64,int,getelementptr
2229,67,18,64,int,getelementptr
2230,67,19,64,int,getelementptr
2231,67,20,64,int,getelementptr
2232,67,21,64,int,getelementptr
2233,67,22,64,int,getelementptr
2234,67,23,64,int,getelementptr
2235,67,24,64,int,getelementptr
2236,67,25,64,int,getelementptr
2237,67,26,64,int,getelementptr
2238,67,27,64,int,getelementptr
2239,67,28,64,int,getelementptr
2240,67,29,64,int,getelementptr
2241,67,30,64,int,getelementptr
2242,67,31,64,int,getelementptr
2243,67,32,64,int,getelementptr
2244,67,33,64,int,getelementptr
2245,67,34,64,int,getelementptr
2246,67,35,64,int,getelementptr
2247,67,36,64,int,getelementptr
2248,67,37,64,int,getelementptr
2249,67,38,64,int,getelementptr
2250,67,39,64,int,getelementptr
2251,67,40,64,int,getelementptr
2252,67,41,64,int,getelementptr
2253,67,42,64,int,getelementptr
2254,67,43,64,int,getelementptr
2255,67,44,64,int,getelementptr
2256,67,45,64,int,getelementptr
2257,67,46,64,int,getelementptr
2258,67,47,64,int,getelementptr
2259,67,48,64,int,getelementptr
2260,67,49,64,int,getelementptr
2261,67,50,64,int,getelementptr
2262,67,51,64,int,getelementptr
2263,67,52,64,int,getelementptr
2264,67,53,64,int,getelementptr
2265,67,54,64,int,getelementptr
2266,67,55,64,int,getelementptr
2267,67,56,64,int,getelementptr
2268,67,57,64,int,getelementptr
2269,67,58,64,int,getelementptr
2270,67,59,64,int,getelementptr
2271,67,60,64,int,getelementptr
2272,67,61,64,int,getelementptr
2273,67,62,64,int,getelementptr
2274,67,63,64,int,getelementptr
2275,68,0,32,int,mul
2276,68,1,32,int,mul
2277,68,2,32,int,mul
2278,68,3,32,int,mul
2279,68,4,32,int,mul
2280,68,5,32,int,mul
2281,68,6,32,int,mul
2282,68,7,32,int,mul
2283,68,8,32,int,mul
2284,68,9,32,int,mul
2285,68,10,32,int,mul
2286,68,11,32,int,mul
2287,68,12,32,int,mul
2288,68,13,32,int,mul
2289,68,14,32,int,mul
2290,68,15,32,int,mul
2291,68,16,32,int,mul
2292,68,17,32,int,mul
2293,68,18,32,int,mul
2294,68,19,32,int,mul
2295,68,20,32,int,mul
2296,68,21,32,int,mul
2297,68,22,32,int,mul
2298,68,23,32,int,mul
2299,68,24,32,int,mul
2300,68,25,32,int,mul
2301,68,26,32,int,mul
2302,68,27,32,int,mul
2303,68,28,32,int,mul
2304,68,29,32,int,mul
2305,68,30,32,int,mul
2306,68,31,32,int,mul
2307,69,0,32,int,mul
2308,69,1,32,int,mul
2309,69,2,32,int,mul
2310,69,3,32,int,mul
2311,69,4,32,int,mul
2312,69,5,32,int,mul
2313,69,6,32,int,mul
2314,69,7,32,int,mul
2315,69,8,32,int,mul
2316,69,9,32,int,mul
2317,69,10,32,int,mul
2318,69,11,32,int,mul
2319,69,12,32,int,mul
2320,69,13,32,int,mul
2321,69,14,32,int,mul
2322,69,15,32,int,mul
2323,69,16,32,int,mul
2324,69,17,32,int,mul
2325,69,18,32,int,mul
2326,69,19,32,int,mul
2327,69,20,32,int,mul
2328,69,21,32,int,mul
2329,69,22,32,int,mul
2330,69,23,32,int,mul
2331,69,24,32,int,mul
2332,69,25,32,int,mul
2333,69,26,32,int,mul
2334,69,27,32,int,mul
2335,69,28,32,int,mul
2336,69,29,32,int,mul
2337,69,30,32,int,mul
2338,69,31,32,int,mul
2339,70,0,32,int,sub
2340,70,1,32,int,sub
2341,70,2,32,int,sub
2342,70,3,32,int,sub
2343,70,4,32,int,sub
2344,70,5,32,int,sub
2345,70,6,32,int,sub
2346,70,7,32,int,sub
2347,70,8,32,int,sub
2348,70,9,32,int,sub
2349,70,10,32,int,sub
2350,70,11,32,int,sub
2351,70,12,32,int,sub
2352,70,13,32,int,sub
2353,70,14,32,int,sub
2354,70,15,32,int,sub
2355,70,16,32,int,sub
2356,70,17,32,int,sub
2357,70,18,32,int,sub
2358,70,19,32,int,sub
2359,70,20,32,int,sub
2360,70,21,32,int,sub
2361,70,22,32,int,sub
2362,70,23,32,int,sub
2363,70,24,32,int,sub
2364,70,25,32,int,sub
2365,70,26,32,int,sub
2366,70,27,32,int,sub
2367,70,28,32,int,sub
2368,70,29,32,int,sub
2369,70,30,32,int,sub
2370,70,31,32,int,sub
2371,71,0,32,int,sub
2372,71,1,32,int,sub
2373,71,2,32,int,sub
2374,71,3,32,int,sub
2375,71,4,32,int,sub
2376,71,5,32,int,sub
2377,71,6,32,int,sub
2378,71,7,32,int,sub
2379,71,8,32,int,sub
2380,71,9,32,int,sub
2381,71,10,32,int,sub
2382,71,11,32,int,sub
2383,71,12,32,int,sub
2384,71,13,32,int,sub
2385,71,14,32,int,sub
2386,71,15,32,int,sub
2387,71,16,32,int,sub
2388,71,17,32,int,sub
2389,71,18,32,int,sub
2390,71,19,32,int,sub
2391,71,20,32,int,sub
2392,71,21,32,int,sub
2393,71,22,32,int,sub
2394,71,23,32,int,sub
2395,71,24,32,int,sub
2396,71,25,32,int,sub
2397,71,26,32,int,sub
2398,71,27,32,int,sub
2399,71,28,32,int,sub
2400,71,29,32,int,sub
2401,71,30,32,int,sub
2402,71,31,32,int,sub
2403,72,0,32,int,add
2404,72,1,32,int,add
2405,72,2,32,int,add
2406,72,3,32,int,add
2407,72,4,32,int,add
2408,72,5,32,int,add
2409,72,6,32,int,add
2410,72,7,32,int,add
2411,72,8,32,int,add
2412,72,9,32,int,add
2413,72,10,32,int,add
2414,72,11,32,int,add
2415,72,12,32,int,add
2416,72,13,32,int,add
2417,72,14,32,int,add
2418,72,15,32,int,add
2419,72,16,32,int,add
2420,72,17,32,int,add
2421,72,18,32,int,add
2422,72,19,32,int,add
2423,72,20,32,int,add
2424,72,21,32,int,add
2425,72,22,32,int,add
2426,72,23,32,int,add
2427,72,24,32,int,add
2428,72,25,32,int,add
2429,72,26,32,int,add
2430,72,27,32,int,add
2431,72,28,32,int,add
2432,72,29,32,int,add
2433,72,30,32,int,add
2434,72,31,32,int,add
2435,73,0,32,int,add
2436,73,1,32,int,add
2437,73,2,32,int,add
2438,73,3,32,int,add
2439,73,4,32,int,add
2440,73,5,32,int,add
2441,73,6,32,int,add
2442,73,7,32,int,add
2443,73,8,32,int,add
2444,73,9,32,int,add
2445,73,10,32,int,add
2446,73,11,32,int,add
2447,73,12,32,int,add
2448,73,13,32,int,add
2449,73,14,32,int,add
2450,73,15,32,int,add
2451,73,16,32,int,add
2452,73,17,32,int,add
2453,73,18,32,int,add
2454,73,19,32,int,add
2455,73,20,32,int,add
2456,73,21,32,int,add
2457,73,22,32,int,add
2458,73,23,32,int,add
2459,73,24,32,int,add
2460,73,25,32,int,add
2461,73,26,32,int,add
2462,73,27,32,int,add
2463,73,28,32,int,add
2464,73,29,32,int,add
2465,73,30,32,int,add
2466,73,31,32,int,add
2467,74,0,32,int,sext
2468,74,1,32,int,sext
2469,74,2,32,int,sext
2470,74,3,32,int,sext
2471,74,4,32,int,sext
2472,74,5,32,int,sext
2473,74,6,32,int,sext
2474,74,7,32,int,sext
2475,74,8,32,int,sext
2476,74,9,32,int,sext
2477,74,10,32,int,sext
2478,74,11,32,int,sext
2479,74,12,32,int,sext
2480,74,13,32,int,sext
2481,74,14,32,int,sext
2482,74,15,32,int,sext
2483,74,16,32,int,sext
2484,74,17,32,int,sext
2485,74,18,32,int,sext
2486,74,19,32,int,sext
2487,74,20,32,int,sext
2488,74,21,32,int,sext
2489,74,22,32,int,sext
2490,74,23,32,int,sext
2491,74,24,32,int,sext
2492,74,25,32,int,sext
2493,74,26,32,int,sext
2494,74,27,32,int,sext
2495,74,28,32,int,sext
2496,74,29,32,int,sext
2497,74,30,32,int,sext
2498,74,31,32,int,sext
2499,75,0,64,int,getelementptr
2500,75,1,64,int,getelementptr
2501,75,2,64,int,getelementptr
2502,75,3,64,int,getelementptr
2503,75,4,64,int,getelementptr
2504,75,5,64,int,getelementptr
2505,75,6,64,int,getelementptr
2506,75,7,64,int,getelementptr
2507,75,8,64,int,getelementptr
2508,75,9,64,int,getelementptr
2509,75,10,64,int,getelementptr
2510,75,11,64,int,getelementptr
2511,75,12,64,int,getelementptr
2512,75,13,64,int,getelementptr
2513,75,14,64,int,getelementptr
2514,75,15,64,int,getelementptr
2515,75,16,64,int,getelementptr
2516,75,17,64,int,getelementptr
2517,75,18,64,int,getelementptr
2518,75,19,64,int,getelementptr
2519,75,20,64,int,getelementptr
2520,75,21,64,int,getelementptr
2521,75,22,64,int,getelementptr
2522,75,23,64,int,getelementptr
2523,75,24,64,int,getelementptr
2524,75,25,64,int,getelementptr
2525,75,26,64,int,getelementptr
2526,75,27,64,int,getelementptr
2527,75,28,64,int,getelementptr
2528,75,29,64,int,getelementptr
2529,75,30,64,int,getelementptr
2530,75,31,64,int,getelementptr
2531,75,32,64,int,getelementptr
2532,75,33,64,int,getelementptr
2533,75,34,64,int,getelementptr
2534,75,35,64,int,getelementptr
2535,75,36,64,int,getelementptr
2536,75,37,64,int,getelementptr
2537,75,38,64,int,getelementptr
2538,75,39,64,int,getelementptr
2539,75,40,64,int,getelementptr
2540,75,41,64,int,getelementptr
2541,75,42,64,int,getelementptr
2542,75,43,64,int,getelementptr
2543,75,44,64,int,getelementptr
2544,75,45,64,int,getelementptr
2545,75,46,64,int,getelementptr
2546,75,47,64,int,getelementptr
2547,75,48,64,int,getelementptr
2548,75,49,64,int,getelementptr
2549,75,50,64,int,getelementptr
2550,75,51,64,int,getelementptr
2551,75,52,64,int,getelementptr
2552,75,53,64,int,getelementptr
2553,75,54,64,int,getelementptr
2554,75,55,64,int,getelementptr
2555,75,56,64,int,getelementptr
2556,75,57,64,int,getelementptr
2557,75,58,64,int,getelementptr
2558,75,59,64,int,getelementptr
2559,75,60,64,int,getelementptr
2560,75,61,64,int,getelementptr
2561,75,62,64,int,getelementptr
2562,75,63,64,int,getelementptr
2563,76,0,32,float,store
2564,76,1,32,float,store
2565,76,2,32,float,store
2566,76,3,32,float,store
2567,76,4,32,float,store
2568,76,5,32,float,store
2569,76,6,32,float,store
2570,76,7,32,float,store
2571,76,8,32,float,store
2572,76,9,32,float,store
2573,76,10,32,float,store
2574,76,11,32,float,store
2575,76,12,32,float,store
2576,76,13,32,float,store
2577,76,14,32,float,store
2578,76,15,32,float,store
2579,76,16,32,float,store
2580,76,17,32,float,store
2581,76,18,32,float,store
2582,76,19,32,float,store
2583,76,20,32,float,store
2584,76,21,32,float,store
2585,76,22,32,float,store
2586,76,23,32,float,store
2587,76,24,32,float,store
2588,76,25,32,float,store
2589,76,26,32,float,store
2590,76,27,32,float,store
2591,76,28,32,float,store
2592,76,29,32,float,store
2593,76,30,32,float,store
2594,76,31,32,float,store
2595,77,0,32,int,mul
2596,77,1,32,int,mul
2597,77,2,32,int,mul
2598,77,3,32,int,mul
2599,77,4,32,int,mul
2600,77,5,32,int,mul
2601,77,6,32,int,mul
2602,77,7,32,int,mul
2603,77,8,32,int,mul
2604,77,9,32,int,mul
2605,77,10,32,int,mul
2606,77,11,32,int,mul
2607,77,12,32,int,mul
2608,77,13,32,int,mul
2609,77,14,32,int,mul
2610,77,15,32,int,mul
2611,77,16,32,int,mul
2612,77,17,32,int,mul
2613,77,18,32,int,mul
2614,77,19,32,int,mul
2615,77,20,32,int,mul
2616,77,21,32,int,mul
2617,77,22,32,int,mul
2618,77,23,32,int,mul
2619,77,24,32,int,mul
2620,77,25,32,int,mul
2621,77,26,32,int,mul
2622,77,27,32,int,mul
2623,77,28,32,int,mul
2624,77,29,32,int,mul
2625,77,30,32,int,mul
2626,77,31,32,int,mul
2627,78,0,32,int,mul
2628,78,1,32,int,mul
2629,78,2,32,int,mul
2630,78,3,32,int,mul
2631,78,4,32,int,mul
2632,78,5,32,int,mul
2633,78,6,32,int,mul
2634,78,7,32,int,mul
2635,78,8,32,int,mul
2636,78,9,32,int,mul
2637,78,10,32,int,mul
2638,78,11,32,int,mul
2639,78,12,32,int,mul
2640,78,13,32,int,mul
2641,78,14,32,int,mul
2642,78,15,32,int,mul
2643,78,16,32,int,mul
2644,78,17,32,int,mul
2645,78,18,32,int,mul
2646,78,19,32,int,mul
2647,78,20,32,int,mul
2648,78,21,32,int,mul
2649,78,22,32,int,mul
2650,78,23,32,int,mul
2651,78,24,32,int,mul
2652,78,25,32,int,mul
2653,78,26,32,int,mul
2654,78,27,32,int,mul
2655,78,28,32,int,mul
2656,78,29,32,int,mul
2657,78,30,32,int,mul
2658,78,31,32,int,mul
2659,79,0,32,int,add
2660,79,1,32,int,add
2661,79,2,32,int,add
2662,79,3,32,int,add
2663,79,4,32,int,add
2664,79,5,32,int,add
2665,79,6,32,int,add
2666,79,7,32,int,add
2667,79,8,32,int,add
2668,79,9,32,int,add
2669,79,10,32,int,add
2670,79,11,32,int,add
2671,79,12,32,int,add
2672,79,13,32,int,add
2673,79,14,32,int,add
2674,79,15,32,int,add
2675,79,16,32,int,add
2676,79,17,32,int,add
2677,79,18,32,int,add
2678,79,19,32,int,add
2679,79,20,32,int,add
2680,79,21,32,int,add
2681,79,22,32,int,add
2682,79,23,32,int,add
2683,79,24,32,int,add
2684,79,25,32,int,add
2685,79,26,32,int,add
2686,79,27,32,int,add
2687,79,28,32,int,add
2688,79,29,32,int,add
2689,79,30,32,int,add
2690,79,31,32,int,add
2691,80,0,32,int,add
2692,80,1,32,int,add
2693,80,2,32,int,add
2694,80,3,32,int,add
2695,80,4,32,int,add
2696,80,5,32,int,add
2697,80,6,32,int,add
2698,80,7,32,int,add
2699,80,8,32,int,add
2700,80,9,32,int,add
2701,80,10,32,int,add
2702,80,11,32,int,add
2703,80,12,32,int,add
2704,80,13,32,int,add
2705,80,14,32,int,add
2706,80,15,32,int,add
2707,80,16,32,int,add
2708,80,17,32,int,add
2709,80,18,32,int,add
2710,80,19,32,int,add
2711,80,20,32,int,add
2712,80,21,32,int,add
2713,80,22,32,int,add
2714,80,23,32,int,add
2715,80,24,32,int,add
2716,80,25,32,int,add
2717,80,26,32,int,add
2718,80,27,32,int,add
2719,80,28,32,int,add
2720,80,29,32,int,add
2721,80,30,32,int,add
2722,80,31,32,int,add
2723,81,0,32,int,sext
2724,81,1,32,int,sext
2725,81,2,32,int,sext
2726,81,3,32,int,sext
2727,81,4,32,int,sext
2728,81,5,32,int,sext
2729,81,6,32,int,sext
2730,81,7,32,int,sext
2731,81,8,32,int,sext
2732,81,9,32,int,sext
2733,81,10,32,int,sext
2734,81,11,32,int,sext
2735,81,12,32,int,sext
2736,81,13,32,int,sext
2737,81,14,32,int,sext
2738,81,15,32,int,sext
2739,81,16,32,int,sext
2740,81,17,32,int,sext
2741,81,18,32,int,sext
2742,81,19,32,int,sext
2743,81,20,32,int,sext
2744,81,21,32,int,sext
2745,81,22,32,int,sext
2746,81,23,32,int,sext
2747,81,24,32,int,sext
2748,81,25,32,int,sext
2749,81,26,32,int,sext
2750,81,27,32,int,sext
2751,81,28,32,int,sext
2752,81,29,32,int,sext
2753,81,30,32,int,sext
2754,81,31,32,int,sext
2755,82,0,64,int,getelementptr
2756,82,1,64,int,getelementptr
2757,82,2,64,int,getelementptr
2758,82,3,64,int,getelementptr
2759,82,4,64,int,getelementptr
2760,82,5,64,int,getelementptr
2761,82,6,64,int,getelementptr
2762,82,7,64,int,getelementptr
2763,82,8,64,int,getelementptr
2764,82,9,64,int,getelementptr
2765,82,10,64,int,getelementptr
2766,82,11,64,int,getelementptr
2767,82,12,64,int,getelementptr
2768,82,13,64,int,getelementptr
2769,82,14,64,int,getelementptr
2770,82,15,64,int,getelementptr
2771,82,16,64,int,getelementptr
2772,82,17,64,int,getelementptr
2773,82,18,64,int,getelementptr
2774,82,19,64,int,getelementptr
2775,82,20,64,int,getelementptr
2776,82,21,64,int,getelementptr
2777,82,22,64,int,getelementptr
2778,82,23,64,int,getelementptr
2779,82,24,64,int,getelementptr
2780,82,25,64,int,getelementptr
2781,82,26,64,int,getelementptr
2782,82,27,64,int,getelementptr
2783,82,28,64,int,getelementptr
2784,82,29,64,int,getelementptr
2785,82,30,64,int,getelementptr
2786,82,31,64,int,getelementptr
2787,82,32,64,int,getelementptr
2788,82,33,64,int,getelementptr
2789,82,34,64,int,getelementptr
2790,82,35,64,int,getelementptr
2791,82,36,64,int,getelementptr
2792,82,37,64,int,getelementptr
2793,82,38,64,int,getelementptr
2794,82,39,64,int,getelementptr
2795,82,40,64,int,getelementptr
2796,82,41,64,int,getelementptr
2797,82,42,64,int,getelementptr
2798,82,43,64,int,getelementptr
2799,82,44,64,int,getelementptr
2800,82,45,64,int,getelementptr
2801,82,46,64,int,getelementptr
2802,82,47,64,int,getelementptr
2803,82,48,64,int,getelementptr
2804,82,49,64,int,getelementptr
2805,82,50,64,int,getelementptr
2806,82,51,64,int,getelementptr
2807,82,52,64,int,getelementptr
2808,82,53,64,int,getelementptr
2809,82,54,64,int,getelementptr
2810,82,55,64,int,getelementptr
2811,82,56,64,int,getelementptr
2812,82,57,64,int,getelementptr
2813,82,58,64,int,getelementptr
2814,82,59,64,int,getelementptr
2815,82,60,64,int,getelementptr
2816,82,61,64,int,getelementptr
2817,82,62,64,int,getelementptr
2818,82,63,64,int,getelementptr
2819,83,0,32,float,store
2820,83,1,32,float,store
2821,83,2,32,float,store
2822,83,3,32,float,store
2823,83,4,32,float,store
2824,83,5,32,float,store
2825,83,6,32,float,store
2826,83,7,32,float,store
2827,83,8,32,float,store
2828,83,9,32,float,store
2829,83,10,32,float,store
2830,83,11,32,float,store
2831,83,12,32,float,store
2832,83,13,32,float,store
2833,83,14,32,float,store
2834,83,15,32,float,store
2835,83,16,32,float,store
2836,83,17,32,float,store
2837,83,18,32,float,store
2838,83,19,32,float,store
2839,83,20,32,float,store
2840,83,21,32,float,store
2841,83,22,32,float,store
2842,83,23,32,float,store
2843,83,24,32,float,store
2844,83,25,32,float,store
2845,83,26,32,float,store
2846,83,27,32,float,store
2847,83,28,32,float,store
2848,83,29,32,float,store
2849,83,30,32,float,store
2850,83,31,32,float,store
2851,84,0,32,int,add
2852,84,1,32,int,add
2853,84,2,32,int,add
2854,84,3,32,int,add
2855,84,4,32,int,add
2856,84,5,32,int,add
2857,84,6,32,int,add
2858,84,7,32,int,add
2859,84,8,32,int,add
2860,84,9,32,int,add
2861,84,10,32,int,add
2862,84,11,32,int,add
2863,84,12,32,int,add
2864,84,13,32,int,add
2865,84,14,32,int,add
2866,84,15,32,int,add
2867,84,16,32,int,add
2868,84,17,32,int,add
2869,84,18,32,int,add
2870,84,19,32,int,add
2871,84,20,32,int,add
2872,84,21,32,int,add
2873,84,22,32,int,add
2874,84,23,32,int,add
2875,84,24,32,int,add
2876,84,25,32,int,add
2877,84,26,32,int,add
2878,84,27,32,int,add
2879,84,28,32,int,add
2880,84,29,32,int,add
2881,84,30,32,int,add
2882,84,31,32,int,add
2883,85,0,32,int,store
2884,85,1,32,int,store
2885,85,2,32,int,store
2886,85,3,32,int,store
2887,85,4,32,int,store
2888,85,5,32,int,store
2889,85,6,32,int,store
2890,85,7,32,int,store
2891,85,8,32,int,store
2892,85,9,32,int,store
2893,85,10,32,int,store
2894,85,11,32,int,store
2895,85,12,32,int,store
2896,85,13,32,int,store
2897,85,14,32,int,store
2898,85,15,32,int,store
2899,85,16,32,int,store
2900,85,17,32,int,store
2901,85,18,32,int,store
2902,85,19,32,int,store
2903,85,20,32,int,store
2904,85,21,32,int,store
2905,85,22,32,int,store
2906,85,23,32,int,store
2907,85,24,32,int,store
2908,85,25,32,int,store
2909,85,26,32,int,store
2910,85,27,32,int,store
2911,85,28,32,int,store
2912,85,29,32,int,store
2913,85,30,32,int,store
2914,85,31,32,int,store
