site_id,bit_index,result,exit_code,stdout,stderr,dump,metric_abs_max,metric_mean_abs,metric_rmse,metric_ham_bits,metric_ham_bytes
3,3,MASKED,0,/home/mdunlavy/GPU_FI/HeCBench/results/llvm17_inject/dense-embedding/float/site3_bit3.out,/home/mdunlavy/GPU_FI/HeCBench/results/llvm17_inject/dense-embedding/float/site3_bit3.err,,,,,,
11,6,SDC,0,/home/mdunlavy/GPU_FI/HeCBench/results/llvm17_inject/dense-embedding/float/site11_bit6.out,/home/mdunlavy/GPU_FI/HeCBench/results/llvm17_inject/dense-embedding/float/site11_bit6.err,,,,,,
19,9,SDC,0,/home/mdunlavy/GPU_FI/HeCBench/results/llvm17_inject/dense-embedding/float/site19_bit9.out,/home/mdunlavy/GPU_FI/HeCBench/results/llvm17_inject/dense-embedding/float/site19_bit9.err,,,,,,
21,13,SDC,0,/home/mdunlavy/GPU_FI/HeCBench/results/llvm17_inject/dense-embedding/float/site21_bit13.out,/home/mdunlavy/GPU_FI/HeCBench/results/llvm17_inject/dense-embedding/float/site21_bit13.err,,,,,,
23,17,SDC,0,/home/mdunlavy/GPU_FI/HeCBench/results/llvm17_inject/dense-embedding/float/site23_bit17.out,/home/mdunlavy/GPU_FI/HeCBench/results/llvm17_inject/dense-embedding/float/site23_bit17.err,,,,,,
26,21,SDC,0,/home/mdunlavy/GPU_FI/HeCBench/results/llvm17_inject/dense-embedding/float/site26_bit21.out,/home/mdunlavy/GPU_FI/HeCBench/results/llvm17_inject/dense-embedding/float/site26_bit21.err,,,,,,
30,24,SDC,0,/home/mdunlavy/GPU_FI/HeCBench/results/llvm17_inject/dense-embedding/float/site30_bit24.out,/home/mdunlavy/GPU_FI/HeCBench/results/llvm17_inject/dense-embedding/float/site30_bit24.err,,,,,,
33,28,SDC,0,/home/mdunlavy/GPU_FI/HeCBench/results/llvm17_inject/dense-embedding/float/site33_bit28.out,/home/mdunlavy/GPU_FI/HeCBench/results/llvm17_inject/dense-embedding/float/site33_bit28.err,,,,,,
36,0,SDC,0,/home/mdunlavy/GPU_FI/HeCBench/results/llvm17_inject/dense-embedding/float/site36_bit0.out,/home/mdunlavy/GPU_FI/HeCBench/results/llvm17_inject/dense-embedding/float/site36_bit0.err,,,,,,
40,3,SDC,0,/home/mdunlavy/GPU_FI/HeCBench/results/llvm17_inject/dense-embedding/float/site40_bit3.out,/home/mdunlavy/GPU_FI/HeCBench/results/llvm17_inject/dense-embedding/float/site40_bit3.err,,,,,,
42,7,SDC,0,/home/mdunlavy/GPU_FI/HeCBench/results/llvm17_inject/dense-embedding/float/site42_bit7.out,/home/mdunlavy/GPU_FI/HeCBench/results/llvm17_inject/dense-embedding/float/site42_bit7.err,,,,,,
45,11,SDC,0,/home/mdunlavy/GPU_FI/HeCBench/results/llvm17_inject/dense-embedding/float/site45_bit11.out,/home/mdunlavy/GPU_FI/HeCBench/results/llvm17_inject/dense-embedding/float/site45_bit11.err,,,,,,
47,15,SDC,0,/home/mdunlavy/GPU_FI/HeCBench/results/llvm17_inject/dense-embedding/float/site47_bit15.out,/home/mdunlavy/GPU_FI/HeCBench/results/llvm17_inject/dense-embedding/float/site47_bit15.err,,,,,,
50,19,SDC,0,/home/mdunlavy/GPU_FI/HeCBench/results/llvm17_inject/dense-embedding/float/site50_bit19.out,/home/mdunlavy/GPU_FI/HeCBench/results/llvm17_inject/dense-embedding/float/site50_bit19.err,,,,,,
52,23,SDC,0,/home/mdunlavy/GPU_FI/HeCBench/results/llvm17_inject/dense-embedding/float/site52_bit23.out,/home/mdunlavy/GPU_FI/HeCBench/results/llvm17_inject/dense-embedding/float/site52_bit23.err,,,,,,
54,59,SDC,0,/home/mdunlavy/GPU_FI/HeCBench/results/llvm17_inject/dense-embedding/float/site54_bit59.out,/home/mdunlavy/GPU_FI/HeCBench/results/llvm17_inject/dense-embedding/float/site54_bit59.err,,,,,,
57,31,SDC,0,/home/mdunlavy/GPU_FI/HeCBench/results/llvm17_inject/dense-embedding/float/site57_bit31.out,/home/mdunlavy/GPU_FI/HeCBench/results/llvm17_inject/dense-embedding/float/site57_bit31.err,,,,,,
61,3,SDC,0,/home/mdunlavy/GPU_FI/HeCBench/results/llvm17_inject/dense-embedding/float/site61_bit3.out,/home/mdunlavy/GPU_FI/HeCBench/results/llvm17_inject/dense-embedding/float/site61_bit3.err,,,,,,
68,6,SDC,0,/home/mdunlavy/GPU_FI/HeCBench/results/llvm17_inject/dense-embedding/float/site68_bit6.out,/home/mdunlavy/GPU_FI/HeCBench/results/llvm17_inject/dense-embedding/float/site68_bit6.err,,,,,255226908,148495196
69,42,SDC,0,/home/mdunlavy/GPU_FI/HeCBench/results/llvm17_inject/dense-embedding/float/site69_bit42.out,/home/mdunlavy/GPU_FI/HeCBench/results/llvm17_inject/dense-embedding/float/site69_bit42.err,,,,,,
74,14,SDC,0,/home/mdunlavy/GPU_FI/HeCBench/results/llvm17_inject/dense-embedding/float/site74_bit14.out,/home/mdunlavy/GPU_FI/HeCBench/results/llvm17_inject/dense-embedding/float/site74_bit14.err,,,,,,
75,50,SDC,0,/home/mdunlavy/GPU_FI/HeCBench/results/llvm17_inject/dense-embedding/float/site75_bit50.out,/home/mdunlavy/GPU_FI/HeCBench/results/llvm17_inject/dense-embedding/float/site75_bit50.err,,,,,,
79,22,SDC,0,/home/mdunlavy/GPU_FI/HeCBench/results/llvm17_inject/dense-embedding/float/site79_bit22.out,/home/mdunlavy/GPU_FI/HeCBench/results/llvm17_inject/dense-embedding/float/site79_bit22.err,,,,,,
81,58,SDC,0,/home/mdunlavy/GPU_FI/HeCBench/results/llvm17_inject/dense-embedding/float/site81_bit58.out,/home/mdunlavy/GPU_FI/HeCBench/results/llvm17_inject/dense-embedding/float/site81_bit58.err,,,,,,
93,30,SDC,0,/home/mdunlavy/GPU_FI/HeCBench/results/llvm17_inject/dense-embedding/float/site93_bit30.out,/home/mdunlavy/GPU_FI/HeCBench/results/llvm17_inject/dense-embedding/float/site93_bit30.err,,,,,,
102,1,SDC,0,/home/mdunlavy/GPU_FI/HeCBench/results/llvm17_inject/dense-embedding/float/site102_bit1.out,/home/mdunlavy/GPU_FI/HeCBench/results/llvm17_inject/dense-embedding/float/site102_bit1.err,,,,,,
104,5,MASKED,0,/home/mdunlavy/GPU_FI/HeCBench/results/llvm17_inject/dense-embedding/float/site104_bit5.out,/home/mdunlavy/GPU_FI/HeCBench/results/llvm17_inject/dense-embedding/float/site104_bit5.err,,,,,,
106,41,SDC,0,/home/mdunlavy/GPU_FI/HeCBench/results/llvm17_inject/dense-embedding/float/site106_bit41.out,/home/mdunlavy/GPU_FI/HeCBench/results/llvm17_inject/dense-embedding/float/site106_bit41.err,,,,,,
109,13,SDC,0,/home/mdunlavy/GPU_FI/HeCBench/results/llvm17_inject/dense-embedding/float/site109_bit13.out,/home/mdunlavy/GPU_FI/HeCBench/results/llvm17_inject/dense-embedding/float/site109_bit13.err,,,,,,
117,17,SDC,0,/home/mdunlavy/GPU_FI/HeCBench/results/llvm17_inject/dense-embedding/float/site117_bit17.out,/home/mdunlavy/GPU_FI/HeCBench/results/llvm17_inject/dense-embedding/float/site117_bit17.err,,,,,,
121,21,SDC,0,/home/mdunlavy/GPU_FI/HeCBench/results/llvm17_inject/dense-embedding/float/site121_bit21.out,/home/mdunlavy/GPU_FI/HeCBench/results/llvm17_inject/dense-embedding/float/site121_bit21.err,,,,,,
124,25,SDC,0,/home/mdunlavy/GPU_FI/HeCBench/results/llvm17_inject/dense-embedding/float/site124_bit25.out,/home/mdunlavy/GPU_FI/HeCBench/results/llvm17_inject/dense-embedding/float/site124_bit25.err,,,,,,
126,29,SDC,0,/home/mdunlavy/GPU_FI/HeCBench/results/llvm17_inject/dense-embedding/float/site126_bit29.out,/home/mdunlavy/GPU_FI/HeCBench/results/llvm17_inject/dense-embedding/float/site126_bit29.err,,,,,,
131,1,SDC,0,/home/mdunlavy/GPU_FI/HeCBench/results/llvm17_inject/dense-embedding/float/site131_bit1.out,/home/mdunlavy/GPU_FI/HeCBench/results/llvm17_inject/dense-embedding/float/site131_bit1.err,,,,,,
133,37,MASKED,0,/home/mdunlavy/GPU_FI/HeCBench/results/llvm17_inject/dense-embedding/float/site133_bit37.out,/home/mdunlavy/GPU_FI/HeCBench/results/llvm17_inject/dense-embedding/float/site133_bit37.err,,,,,,
136,9,MASKED,0,/home/mdunlavy/GPU_FI/HeCBench/results/llvm17_inject/dense-embedding/float/site136_bit9.out,/home/mdunlavy/GPU_FI/HeCBench/results/llvm17_inject/dense-embedding/float/site136_bit9.err,,,,,,
139,13,MASKED,0,/home/mdunlavy/GPU_FI/HeCBench/results/llvm17_inject/dense-embedding/float/site139_bit13.out,/home/mdunlavy/GPU_FI/HeCBench/results/llvm17_inject/dense-embedding/float/site139_bit13.err,,,,,,
141,17,MASKED,0,/home/mdunlavy/GPU_FI/HeCBench/results/llvm17_inject/dense-embedding/float/site141_bit17.out,/home/mdunlavy/GPU_FI/HeCBench/results/llvm17_inject/dense-embedding/float/site141_bit17.err,,,,,,
145,21,MASKED,0,/home/mdunlavy/GPU_FI/HeCBench/results/llvm17_inject/dense-embedding/float/site145_bit21.out,/home/mdunlavy/GPU_FI/HeCBench/results/llvm17_inject/dense-embedding/float/site145_bit21.err,,,,,,
147,25,MASKED,0,/home/mdunlavy/GPU_FI/HeCBench/results/llvm17_inject/dense-embedding/float/site147_bit25.out,/home/mdunlavy/GPU_FI/HeCBench/results/llvm17_inject/dense-embedding/float/site147_bit25.err,,,,,,
150,29,MASKED,0,/home/mdunlavy/GPU_FI/HeCBench/results/llvm17_inject/dense-embedding/float/site150_bit29.out,/home/mdunlavy/GPU_FI/HeCBench/results/llvm17_inject/dense-embedding/float/site150_bit29.err,,,,,,
158,33,MASKED,0,/home/mdunlavy/GPU_FI/HeCBench/results/llvm17_inject/dense-embedding/float/site158_bit33.out,/home/mdunlavy/GPU_FI/HeCBench/results/llvm17_inject/dense-embedding/float/site158_bit33.err,,,,,,
161,5,MASKED,0,/home/mdunlavy/GPU_FI/HeCBench/results/llvm17_inject/dense-embedding/float/site161_bit5.out,/home/mdunlavy/GPU_FI/HeCBench/results/llvm17_inject/dense-embedding/float/site161_bit5.err,,,,,,
163,9,MASKED,0,/home/mdunlavy/GPU_FI/HeCBench/results/llvm17_inject/dense-embedding/float/site163_bit9.out,/home/mdunlavy/GPU_FI/HeCBench/results/llvm17_inject/dense-embedding/float/site163_bit9.err,,,,,,
170,13,MASKED,0,/home/mdunlavy/GPU_FI/HeCBench/results/llvm17_inject/dense-embedding/float/site170_bit13.out,/home/mdunlavy/GPU_FI/HeCBench/results/llvm17_inject/dense-embedding/float/site170_bit13.err,,,,,,
176,49,MASKED,0,/home/mdunlavy/GPU_FI/HeCBench/results/llvm17_inject/dense-embedding/float/site176_bit49.out,/home/mdunlavy/GPU_FI/HeCBench/results/llvm17_inject/dense-embedding/float/site176_bit49.err,,,,,,
188,21,MASKED,0,/home/mdunlavy/GPU_FI/HeCBench/results/llvm17_inject/dense-embedding/float/site188_bit21.out,/home/mdunlavy/GPU_FI/HeCBench/results/llvm17_inject/dense-embedding/float/site188_bit21.err,,,,,,
194,25,MASKED,0,/home/mdunlavy/GPU_FI/HeCBench/results/llvm17_inject/dense-embedding/float/site194_bit25.out,/home/mdunlavy/GPU_FI/HeCBench/results/llvm17_inject/dense-embedding/float/site194_bit25.err,,,,,,
197,29,MASKED,0,/home/mdunlavy/GPU_FI/HeCBench/results/llvm17_inject/dense-embedding/float/site197_bit29.out,/home/mdunlavy/GPU_FI/HeCBench/results/llvm17_inject/dense-embedding/float/site197_bit29.err,,,,,,
1,10,SDC,0,/home/mdunlavy/GPU_FI/HeCBench/results/llvm17_inject/dense-embedding/float/site1_bit10.out,/home/mdunlavy/GPU_FI/HeCBench/results/llvm17_inject/dense-embedding/float/site1_bit10.err,,,,,,,,,,,,,,,
9,51,SDC,0,/home/mdunlavy/GPU_FI/HeCBench/results/llvm17_inject/dense-embedding/float/site9_bit51.out,/home/mdunlavy/GPU_FI/HeCBench/results/llvm17_inject/dense-embedding/float/site9_bit51.err,,,,,,,,,,,,,,,
20,20,SDC,0,/home/mdunlavy/GPU_FI/HeCBench/results/llvm17_inject/dense-embedding/float/site20_bit20.out,/home/mdunlavy/GPU_FI/HeCBench/results/llvm17_inject/dense-embedding/float/site20_bit20.err,,,,,,,,,,,,,,,
23,2,SDC,0,/home/mdunlavy/GPU_FI/HeCBench/results/llvm17_inject/dense-embedding/float/site23_bit2.out,/home/mdunlavy/GPU_FI/HeCBench/results/llvm17_inject/dense-embedding/float/site23_bit2.err,,,,,,,,,,,,,,,
27,15,SDC,0,/home/mdunlavy/GPU_FI/HeCBench/results/llvm17_inject/dense-embedding/float/site27_bit15.out,/home/mdunlavy/GPU_FI/HeCBench/results/llvm17_inject/dense-embedding/float/site27_bit15.err,,,,,,,,,,,,,,,
32,31,SDC,0,/home/mdunlavy/GPU_FI/HeCBench/results/llvm17_inject/dense-embedding/float/site32_bit31.out,/home/mdunlavy/GPU_FI/HeCBench/results/llvm17_inject/dense-embedding/float/site32_bit31.err,,,,,,,,,,,,,,,
36,11,SDC,0,/home/mdunlavy/GPU_FI/HeCBench/results/llvm17_inject/dense-embedding/float/site36_bit11.out,/home/mdunlavy/GPU_FI/HeCBench/results/llvm17_inject/dense-embedding/float/site36_bit11.err,,,,,,,,,,,,,,,
38,31,SDC,0,/home/mdunlavy/GPU_FI/HeCBench/results/llvm17_inject/dense-embedding/float/site38_bit31.out,/home/mdunlavy/GPU_FI/HeCBench/results/llvm17_inject/dense-embedding/float/site38_bit31.err,,,,,,,,,,,,,,,
41,61,SDC,0,/home/mdunlavy/GPU_FI/HeCBench/results/llvm17_inject/dense-embedding/float/site41_bit61.out,/home/mdunlavy/GPU_FI/HeCBench/results/llvm17_inject/dense-embedding/float/site41_bit61.err,,,,,,,,,,,,,,,
44,16,SDC,0,/home/mdunlavy/GPU_FI/HeCBench/results/llvm17_inject/dense-embedding/float/site44_bit16.out,/home/mdunlavy/GPU_FI/HeCBench/results/llvm17_inject/dense-embedding/float/site44_bit16.err,,,,,,,,,,,,,,,
46,7,SDC,0,/home/mdunlavy/GPU_FI/HeCBench/results/llvm17_inject/dense-embedding/float/site46_bit7.out,/home/mdunlavy/GPU_FI/HeCBench/results/llvm17_inject/dense-embedding/float/site46_bit7.err,,,,,,,,,,,,,,,
47,31,SDC,0,/home/mdunlavy/GPU_FI/HeCBench/results/llvm17_inject/dense-embedding/float/site47_bit31.out,/home/mdunlavy/GPU_FI/HeCBench/results/llvm17_inject/dense-embedding/float/site47_bit31.err,,,,,,,,,,,,,,,
50,10,SDC,0,/home/mdunlavy/GPU_FI/HeCBench/results/llvm17_inject/dense-embedding/float/site50_bit10.out,/home/mdunlavy/GPU_FI/HeCBench/results/llvm17_inject/dense-embedding/float/site50_bit10.err,,,,,,,,,,,,,,,
51,28,SDC,0,/home/mdunlavy/GPU_FI/HeCBench/results/llvm17_inject/dense-embedding/float/site51_bit28.out,/home/mdunlavy/GPU_FI/HeCBench/results/llvm17_inject/dense-embedding/float/site51_bit28.err,,,,,,,,,,,,,,,
54,0,SDC,0,/home/mdunlavy/GPU_FI/HeCBench/results/llvm17_inject/dense-embedding/float/site54_bit0.out,/home/mdunlavy/GPU_FI/HeCBench/results/llvm17_inject/dense-embedding/float/site54_bit0.err,,,,,,,,,,,,,,,
55,1,SDC,0,/home/mdunlavy/GPU_FI/HeCBench/results/llvm17_inject/dense-embedding/float/site55_bit1.out,/home/mdunlavy/GPU_FI/HeCBench/results/llvm17_inject/dense-embedding/float/site55_bit1.err,,,,,,,,,,,,,,,
57,5,SDC,0,/home/mdunlavy/GPU_FI/HeCBench/results/llvm17_inject/dense-embedding/float/site57_bit5.out,/home/mdunlavy/GPU_FI/HeCBench/results/llvm17_inject/dense-embedding/float/site57_bit5.err,,,,,,,,,,,,,,,
59,28,SDC,0,/home/mdunlavy/GPU_FI/HeCBench/results/llvm17_inject/dense-embedding/float/site59_bit28.out,/home/mdunlavy/GPU_FI/HeCBench/results/llvm17_inject/dense-embedding/float/site59_bit28.err,,,,,,,,,,,,,,,
61,29,SDC,0,/home/mdunlavy/GPU_FI/HeCBench/results/llvm17_inject/dense-embedding/float/site61_bit29.out,/home/mdunlavy/GPU_FI/HeCBench/results/llvm17_inject/dense-embedding/float/site61_bit29.err,,,,,,,,,,,,,,,
68,36,SDC,0,/home/mdunlavy/GPU_FI/HeCBench/results/llvm17_inject/dense-embedding/float/site68_bit36.out,/home/mdunlavy/GPU_FI/HeCBench/results/llvm17_inject/dense-embedding/float/site68_bit36.err,,,,,,,,,,,,,,,
70,39,SDC,0,/home/mdunlavy/GPU_FI/HeCBench/results/llvm17_inject/dense-embedding/float/site70_bit39.out,/home/mdunlavy/GPU_FI/HeCBench/results/llvm17_inject/dense-embedding/float/site70_bit39.err,,,,,,,,,,,,,,,
75,12,SDC,0,/home/mdunlavy/GPU_FI/HeCBench/results/llvm17_inject/dense-embedding/float/site75_bit12.out,/home/mdunlavy/GPU_FI/HeCBench/results/llvm17_inject/dense-embedding/float/site75_bit12.err,,,,,,,,,,,,,,,
78,58,SDC,0,/home/mdunlavy/GPU_FI/HeCBench/results/llvm17_inject/dense-embedding/float/site78_bit58.out,/home/mdunlavy/GPU_FI/HeCBench/results/llvm17_inject/dense-embedding/float/site78_bit58.err,,,,,,,,,,,,,,,
81,33,SDC,0,/home/mdunlavy/GPU_FI/HeCBench/results/llvm17_inject/dense-embedding/float/site81_bit33.out,/home/mdunlavy/GPU_FI/HeCBench/results/llvm17_inject/dense-embedding/float/site81_bit33.err,,,,,,,,,,,,,,,
82,62,SDC,0,/home/mdunlavy/GPU_FI/HeCBench/results/llvm17_inject/dense-embedding/float/site82_bit62.out,/home/mdunlavy/GPU_FI/HeCBench/results/llvm17_inject/dense-embedding/float/site82_bit62.err,,,,,,,,,,,,,,,
95,25,SDC,0,/home/mdunlavy/GPU_FI/HeCBench/results/llvm17_inject/dense-embedding/float/site95_bit25.out,/home/mdunlavy/GPU_FI/HeCBench/results/llvm17_inject/dense-embedding/float/site95_bit25.err,,,,,,,,,,,,,,,
102,31,SDC,0,/home/mdunlavy/GPU_FI/HeCBench/results/llvm17_inject/dense-embedding/float/site102_bit31.out,/home/mdunlavy/GPU_FI/HeCBench/results/llvm17_inject/dense-embedding/float/site102_bit31.err,,,,,,,,,,,,,,,
104,9,SDC,0,/home/mdunlavy/GPU_FI/HeCBench/results/llvm17_inject/dense-embedding/float/site104_bit9.out,/home/mdunlavy/GPU_FI/HeCBench/results/llvm17_inject/dense-embedding/float/site104_bit9.err,,,,,,,,,,,,,,,
106,26,SDC,0,/home/mdunlavy/GPU_FI/HeCBench/results/llvm17_inject/dense-embedding/float/site106_bit26.out,/home/mdunlavy/GPU_FI/HeCBench/results/llvm17_inject/dense-embedding/float/site106_bit26.err,,,,,,,,,,,,,,,
108,13,SDC,0,/home/mdunlavy/GPU_FI/HeCBench/results/llvm17_inject/dense-embedding/float/site108_bit13.out,/home/mdunlavy/GPU_FI/HeCBench/results/llvm17_inject/dense-embedding/float/site108_bit13.err,,,,,,,,,,,,,,,
110,12,SDC,0,/home/mdunlavy/GPU_FI/HeCBench/results/llvm17_inject/dense-embedding/float/site110_bit12.out,/home/mdunlavy/GPU_FI/HeCBench/results/llvm17_inject/dense-embedding/float/site110_bit12.err,,,,,,,,,,,,,,,
119,12,SDC,0,/home/mdunlavy/GPU_FI/HeCBench/results/llvm17_inject/dense-embedding/float/site119_bit12.out,/home/mdunlavy/GPU_FI/HeCBench/results/llvm17_inject/dense-embedding/float/site119_bit12.err,,,,,,,,,,,,,,,
121,15,SDC,0,/home/mdunlavy/GPU_FI/HeCBench/results/llvm17_inject/dense-embedding/float/site121_bit15.out,/home/mdunlavy/GPU_FI/HeCBench/results/llvm17_inject/dense-embedding/float/site121_bit15.err,,,,,,,,,,,,,,,
124,52,SDC,0,/home/mdunlavy/GPU_FI/HeCBench/results/llvm17_inject/dense-embedding/float/site124_bit52.out,/home/mdunlavy/GPU_FI/HeCBench/results/llvm17_inject/dense-embedding/float/site124_bit52.err,,,,,,,,,,,,,,,
126,23,SDC,0,/home/mdunlavy/GPU_FI/HeCBench/results/llvm17_inject/dense-embedding/float/site126_bit23.out,/home/mdunlavy/GPU_FI/HeCBench/results/llvm17_inject/dense-embedding/float/site126_bit23.err,,,,,,,,,,,,,,,
130,0,SDC,0,/home/mdunlavy/GPU_FI/HeCBench/results/llvm17_inject/dense-embedding/float/site130_bit0.out,/home/mdunlavy/GPU_FI/HeCBench/results/llvm17_inject/dense-embedding/float/site130_bit0.err,,,,,,,,,,,,,,,
132,11,SDC,0,/home/mdunlavy/GPU_FI/HeCBench/results/llvm17_inject/dense-embedding/float/site132_bit11.out,/home/mdunlavy/GPU_FI/HeCBench/results/llvm17_inject/dense-embedding/float/site132_bit11.err,,,,,,,,,,,,,,,
133,49,MASKED,0,/home/mdunlavy/GPU_FI/HeCBench/results/llvm17_inject/dense-embedding/float/site133_bit49.out,/home/mdunlavy/GPU_FI/HeCBench/results/llvm17_inject/dense-embedding/float/site133_bit49.err,,,,,,,,,,,,,,,
136,0,MASKED,0,/home/mdunlavy/GPU_FI/HeCBench/results/llvm17_inject/dense-embedding/float/site136_bit0.out,/home/mdunlavy/GPU_FI/HeCBench/results/llvm17_inject/dense-embedding/float/site136_bit0.err,,,,,,,,,,,,,,,
138,14,MASKED,0,/home/mdunlavy/GPU_FI/HeCBench/results/llvm17_inject/dense-embedding/float/site138_bit14.out,/home/mdunlavy/GPU_FI/HeCBench/results/llvm17_inject/dense-embedding/float/site138_bit14.err,,,,,,,,,,,,,,,
140,22,MASKED,0,/home/mdunlavy/GPU_FI/HeCBench/results/llvm17_inject/dense-embedding/float/site140_bit22.out,/home/mdunlavy/GPU_FI/HeCBench/results/llvm17_inject/dense-embedding/float/site140_bit22.err,,,,,,,,,,,,,,,
141,25,MASKED,0,/home/mdunlavy/GPU_FI/HeCBench/results/llvm17_inject/dense-embedding/float/site141_bit25.out,/home/mdunlavy/GPU_FI/HeCBench/results/llvm17_inject/dense-embedding/float/site141_bit25.err,,,,,,,,,,,,,,,
145,6,MASKED,0,/home/mdunlavy/GPU_FI/HeCBench/results/llvm17_inject/dense-embedding/float/site145_bit6.out,/home/mdunlavy/GPU_FI/HeCBench/results/llvm17_inject/dense-embedding/float/site145_bit6.err,,,,,,,,,,,,,,,
146,55,MASKED,0,/home/mdunlavy/GPU_FI/HeCBench/results/llvm17_inject/dense-embedding/float/site146_bit55.out,/home/mdunlavy/GPU_FI/HeCBench/results/llvm17_inject/dense-embedding/float/site146_bit55.err,,,,,,,,,,,,,,,
149,3,MASKED,0,/home/mdunlavy/GPU_FI/HeCBench/results/llvm17_inject/dense-embedding/float/site149_bit3.out,/home/mdunlavy/GPU_FI/HeCBench/results/llvm17_inject/dense-embedding/float/site149_bit3.err,,,,,,,,,,,,,,,
157,5,MASKED,0,/home/mdunlavy/GPU_FI/HeCBench/results/llvm17_inject/dense-embedding/float/site157_bit5.out,/home/mdunlavy/GPU_FI/HeCBench/results/llvm17_inject/dense-embedding/float/site157_bit5.err,,,,,,,,,,,,,,,
159,30,MASKED,0,/home/mdunlavy/GPU_FI/HeCBench/results/llvm17_inject/dense-embedding/float/site159_bit30.out,/home/mdunlavy/GPU_FI/HeCBench/results/llvm17_inject/dense-embedding/float/site159_bit30.err,,,,,,,,,,,,,,,
162,44,MASKED,0,/home/mdunlavy/GPU_FI/HeCBench/results/llvm17_inject/dense-embedding/float/site162_bit44.out,/home/mdunlavy/GPU_FI/HeCBench/results/llvm17_inject/dense-embedding/float/site162_bit44.err,,,,,,,,,,,,,,,
165,27,MASKED,0,/home/mdunlavy/GPU_FI/HeCBench/results/llvm17_inject/dense-embedding/float/site165_bit27.out,/home/mdunlavy/GPU_FI/HeCBench/results/llvm17_inject/dense-embedding/float/site165_bit27.err,,,,,,,,,,,,,,,
176,39,MASKED,0,/home/mdunlavy/GPU_FI/HeCBench/results/llvm17_inject/dense-embedding/float/site176_bit39.out,/home/mdunlavy/GPU_FI/HeCBench/results/llvm17_inject/dense-embedding/float/site176_bit39.err,,,,,,,,,,,,,,,
188,17,MASKED,0,/home/mdunlavy/GPU_FI/HeCBench/results/llvm17_inject/dense-embedding/float/site188_bit17.out,/home/mdunlavy/GPU_FI/HeCBench/results/llvm17_inject/dense-embedding/float/site188_bit17.err,,,,,,,,,,,,,,,
195,3,MASKED,0,/home/mdunlavy/GPU_FI/HeCBench/results/llvm17_inject/dense-embedding/float/site195_bit3.out,/home/mdunlavy/GPU_FI/HeCBench/results/llvm17_inject/dense-embedding/float/site195_bit3.err,,,,,,,,,,,,,,,
205,35,MASKED,0,/home/mdunlavy/GPU_FI/HeCBench/results/llvm17_inject/dense-embedding/float/site205_bit35.out,/home/mdunlavy/GPU_FI/HeCBench/results/llvm17_inject/dense-embedding/float/site205_bit35.err,,,,,,,,,,,,,,,
9,16,SDC,0,/home/mdunlavy/GPU_FI/HeCBench/results/llvm17_inject/dense-embedding/float/site9_bit16.out,/home/mdunlavy/GPU_FI/HeCBench/results/llvm17_inject/dense-embedding/float/site9_bit16.err,,,,,,,,,,,,,,,
18,6,SDC,0,/home/mdunlavy/GPU_FI/HeCBench/results/llvm17_inject/dense-embedding/float/site18_bit6.out,/home/mdunlavy/GPU_FI/HeCBench/results/llvm17_inject/dense-embedding/float/site18_bit6.err,,,,,,,,,,,,,,,
21,4,SDC,0,/home/mdunlavy/GPU_FI/HeCBench/results/llvm17_inject/dense-embedding/float/site21_bit4.out,/home/mdunlavy/GPU_FI/HeCBench/results/llvm17_inject/dense-embedding/float/site21_bit4.err,,,,,,,,,,,,,,,
24,26,SDC,0,/home/mdunlavy/GPU_FI/HeCBench/results/llvm17_inject/dense-embedding/float/site24_bit26.out,/home/mdunlavy/GPU_FI/HeCBench/results/llvm17_inject/dense-embedding/float/site24_bit26.err,,,,,,,,,,,,,,,
29,25,SDC,0,/home/mdunlavy/GPU_FI/HeCBench/results/llvm17_inject/dense-embedding/float/site29_bit25.out,/home/mdunlavy/GPU_FI/HeCBench/results/llvm17_inject/dense-embedding/float/site29_bit25.err,,,,,,,,,,,,,,,
32,25,SDC,0,/home/mdunlavy/GPU_FI/HeCBench/results/llvm17_inject/dense-embedding/float/site32_bit25.out,/home/mdunlavy/GPU_FI/HeCBench/results/llvm17_inject/dense-embedding/float/site32_bit25.err,,,,,,,,,,,,,,,
37,6,SDC,0,/home/mdunlavy/GPU_FI/HeCBench/results/llvm17_inject/dense-embedding/float/site37_bit6.out,/home/mdunlavy/GPU_FI/HeCBench/results/llvm17_inject/dense-embedding/float/site37_bit6.err,,,,,,,,,,,,,,,
41,0,SDC,0,/home/mdunlavy/GPU_FI/HeCBench/results/llvm17_inject/dense-embedding/float/site41_bit0.out,/home/mdunlavy/GPU_FI/HeCBench/results/llvm17_inject/dense-embedding/float/site41_bit0.err,,,,,,,,,,,,,,,
42,30,SDC,0,/home/mdunlavy/GPU_FI/HeCBench/results/llvm17_inject/dense-embedding/float/site42_bit30.out,/home/mdunlavy/GPU_FI/HeCBench/results/llvm17_inject/dense-embedding/float/site42_bit30.err,,,,,,,,,,,,,,,
45,21,SDC,0,/home/mdunlavy/GPU_FI/HeCBench/results/llvm17_inject/dense-embedding/float/site45_bit21.out,/home/mdunlavy/GPU_FI/HeCBench/results/llvm17_inject/dense-embedding/float/site45_bit21.err,,,,,,,,,,,,,,,
48,30,SDC,0,/home/mdunlavy/GPU_FI/HeCBench/results/llvm17_inject/dense-embedding/float/site48_bit30.out,/home/mdunlavy/GPU_FI/HeCBench/results/llvm17_inject/dense-embedding/float/site48_bit30.err,,,,,,,,,,,,,,,
50,46,SDC,0,/home/mdunlavy/GPU_FI/HeCBench/results/llvm17_inject/dense-embedding/float/site50_bit46.out,/home/mdunlavy/GPU_FI/HeCBench/results/llvm17_inject/dense-embedding/float/site50_bit46.err,,,,,,,,,,,,,,,
53,1,SDC,0,/home/mdunlavy/GPU_FI/HeCBench/results/llvm17_inject/dense-embedding/float/site53_bit1.out,/home/mdunlavy/GPU_FI/HeCBench/results/llvm17_inject/dense-embedding/float/site53_bit1.err,,,,,,,,,,,,,,,
54,51,SDC,0,/home/mdunlavy/GPU_FI/HeCBench/results/llvm17_inject/dense-embedding/float/site54_bit51.out,/home/mdunlavy/GPU_FI/HeCBench/results/llvm17_inject/dense-embedding/float/site54_bit51.err,,,,,,,,,,,,,,,
57,7,SDC,0,/home/mdunlavy/GPU_FI/HeCBench/results/llvm17_inject/dense-embedding/float/site57_bit7.out,/home/mdunlavy/GPU_FI/HeCBench/results/llvm17_inject/dense-embedding/float/site57_bit7.err,,,,,,,,,,,,,,,
60,8,SDC,0,/home/mdunlavy/GPU_FI/HeCBench/results/llvm17_inject/dense-embedding/float/site60_bit8.out,/home/mdunlavy/GPU_FI/HeCBench/results/llvm17_inject/dense-embedding/float/site60_bit8.err,,,,,,,,,,,,,,,
68,26,SDC,0,/home/mdunlavy/GPU_FI/HeCBench/results/llvm17_inject/dense-embedding/float/site68_bit26.out,/home/mdunlavy/GPU_FI/HeCBench/results/llvm17_inject/dense-embedding/float/site68_bit26.err,,,,,,,,,,,,,,,
74,20,SDC,0,/home/mdunlavy/GPU_FI/HeCBench/results/llvm17_inject/dense-embedding/float/site74_bit20.out,/home/mdunlavy/GPU_FI/HeCBench/results/llvm17_inject/dense-embedding/float/site74_bit20.err,,,,,,,,,,,,,,,
81,1,SDC,0,/home/mdunlavy/GPU_FI/HeCBench/results/llvm17_inject/dense-embedding/float/site81_bit1.out,/home/mdunlavy/GPU_FI/HeCBench/results/llvm17_inject/dense-embedding/float/site81_bit1.err,,,,,,,,,,,,,,,
93,16,SDC,0,/home/mdunlavy/GPU_FI/HeCBench/results/llvm17_inject/dense-embedding/float/site93_bit16.out,/home/mdunlavy/GPU_FI/HeCBench/results/llvm17_inject/dense-embedding/float/site93_bit16.err,,,,,,,,,,,,,,,
101,8,SDC,0,/home/mdunlavy/GPU_FI/HeCBench/results/llvm17_inject/dense-embedding/float/site101_bit8.out,/home/mdunlavy/GPU_FI/HeCBench/results/llvm17_inject/dense-embedding/float/site101_bit8.err,,,,,,,,,,,,,,,
105,29,SDC,0,/home/mdunlavy/GPU_FI/HeCBench/results/llvm17_inject/dense-embedding/float/site105_bit29.out,/home/mdunlavy/GPU_FI/HeCBench/results/llvm17_inject/dense-embedding/float/site105_bit29.err,,,,,,,,,,,,,,,
109,21,SDC,0,/home/mdunlavy/GPU_FI/HeCBench/results/llvm17_inject/dense-embedding/float/site109_bit21.out,/home/mdunlavy/GPU_FI/HeCBench/results/llvm17_inject/dense-embedding/float/site109_bit21.err,,,,,,,,,,,,,,,
117,5,SDC,0,/home/mdunlavy/GPU_FI/HeCBench/results/llvm17_inject/dense-embedding/float/site117_bit5.out,/home/mdunlavy/GPU_FI/HeCBench/results/llvm17_inject/dense-embedding/float/site117_bit5.err,,,,,,,,,,,,,,,
120,23,SDC,0,/home/mdunlavy/GPU_FI/HeCBench/results/llvm17_inject/dense-embedding/float/site120_bit23.out,/home/mdunlavy/GPU_FI/HeCBench/results/llvm17_inject/dense-embedding/float/site120_bit23.err,,,,,,,,,,,,,,,
124,21,SDC,0,/home/mdunlavy/GPU_FI/HeCBench/results/llvm17_inject/dense-embedding/float/site124_bit21.out,/home/mdunlavy/GPU_FI/HeCBench/results/llvm17_inject/dense-embedding/float/site124_bit21.err,,,,,,,,,,,,,,,
127,17,SDC,0,/home/mdunlavy/GPU_FI/HeCBench/results/llvm17_inject/dense-embedding/float/site127_bit17.out,/home/mdunlavy/GPU_FI/HeCBench/results/llvm17_inject/dense-embedding/float/site127_bit17.err,,,,,,,,,,,,,,,
131,1,SDC,0,/home/mdunlavy/GPU_FI/HeCBench/results/llvm17_inject/dense-embedding/float/site131_bit1.out,/home/mdunlavy/GPU_FI/HeCBench/results/llvm17_inject/dense-embedding/float/site131_bit1.err,,,,,,,,,,,,,,,
