site_id,site_class,opcode,type_kind,bitwidth,operand_index,function,source_file,source_line,source_column,signature_ordinal,semantic_key
1,pointer,store,ptr,64,1,_Z11HPCC_startsx,/home/mdunlavy/GPU_FI/HeCBench/src/randomAccess-cuda/main.cu,0,0,1,_Z11HPCC_startsx|pointer|store|ptr|64|1|/home/mdunlavy/GPU_FI/HeCBench/src/randomAccess-cuda/main.cu|0|0|1
2,pointer,load,ptr,64,0,_Z11HPCC_startsx,/home/mdunlavy/GPU_FI/HeCBench/src/randomAccess-cuda/main.cu,27,10,1,_Z11HPCC_startsx|pointer|load|ptr|64|0|/home/mdunlavy/GPU_FI/HeCBench/src/randomAccess-cuda/main.cu|27|10|1
3,pointer,load,ptr,64,0,_Z11HPCC_startsx,/home/mdunlavy/GPU_FI/HeCBench/src/randomAccess-cuda/main.cu,27,19,2,_Z11HPCC_startsx|pointer|load|ptr|64|0|/home/mdunlavy/GPU_FI/HeCBench/src/randomAccess-cuda/main.cu|27|19|2
4,pointer,store,ptr,64,1,_Z11HPCC_startsx,/home/mdunlavy/GPU_FI/HeCBench/src/randomAccess-cuda/main.cu,27,19,2,_Z11HPCC_startsx|pointer|store|ptr|64|1|/home/mdunlavy/GPU_FI/HeCBench/src/randomAccess-cuda/main.cu|27|19|2
5,pointer,load,ptr,64,0,_Z11HPCC_startsx,/home/mdunlavy/GPU_FI/HeCBench/src/randomAccess-cuda/main.cu,28,10,3,_Z11HPCC_startsx|pointer|load|ptr|64|0|/home/mdunlavy/GPU_FI/HeCBench/src/randomAccess-cuda/main.cu|28|10|3
6,pointer,load,ptr,64,0,_Z11HPCC_startsx,/home/mdunlavy/GPU_FI/HeCBench/src/randomAccess-cuda/main.cu,28,24,4,_Z11HPCC_startsx|pointer|load|ptr|64|0|/home/mdunlavy/GPU_FI/HeCBench/src/randomAccess-cuda/main.cu|28|24|4
7,pointer,store,ptr,64,1,_Z11HPCC_startsx,/home/mdunlavy/GPU_FI/HeCBench/src/randomAccess-cuda/main.cu,28,24,3,_Z11HPCC_startsx|pointer|store|ptr|64|1|/home/mdunlavy/GPU_FI/HeCBench/src/randomAccess-cuda/main.cu|28|24|3
8,pointer,load,ptr,64,0,_Z11HPCC_startsx,/home/mdunlavy/GPU_FI/HeCBench/src/randomAccess-cuda/main.cu,29,7,5,_Z11HPCC_startsx|pointer|load|ptr|64|0|/home/mdunlavy/GPU_FI/HeCBench/src/randomAccess-cuda/main.cu|29|7|5
9,pointer,store,ptr,64,1,_Z11HPCC_startsx,/home/mdunlavy/GPU_FI/HeCBench/src/randomAccess-cuda/main.cu,29,15,4,_Z11HPCC_startsx|pointer|store|ptr|64|1|/home/mdunlavy/GPU_FI/HeCBench/src/randomAccess-cuda/main.cu|29|15|4
10,pointer,store,ptr,64,1,_Z11HPCC_startsx,/home/mdunlavy/GPU_FI/HeCBench/src/randomAccess-cuda/main.cu,31,8,5,_Z11HPCC_startsx|pointer|store|ptr|64|1|/home/mdunlavy/GPU_FI/HeCBench/src/randomAccess-cuda/main.cu|31|8|5
11,pointer,store,ptr,64,1,_Z11HPCC_startsx,/home/mdunlavy/GPU_FI/HeCBench/src/randomAccess-cuda/main.cu,34,9,6,_Z11HPCC_startsx|pointer|store|ptr|64|1|/home/mdunlavy/GPU_FI/HeCBench/src/randomAccess-cuda/main.cu|34|9|6
12,pointer,load,ptr,64,0,_Z11HPCC_startsx,/home/mdunlavy/GPU_FI/HeCBench/src/randomAccess-cuda/main.cu,34,13,6,_Z11HPCC_startsx|pointer|load|ptr|64|0|/home/mdunlavy/GPU_FI/HeCBench/src/randomAccess-cuda/main.cu|34|13|6
13,pointer,load,ptr,64,0,_Z11HPCC_startsx,/home/mdunlavy/GPU_FI/HeCBench/src/randomAccess-cuda/main.cu,35,13,7,_Z11HPCC_startsx|pointer|load|ptr|64|0|/home/mdunlavy/GPU_FI/HeCBench/src/randomAccess-cuda/main.cu|35|13|7
14,pointer,load,ptr,64,0,_Z11HPCC_startsx,/home/mdunlavy/GPU_FI/HeCBench/src/randomAccess-cuda/main.cu,35,8,8,_Z11HPCC_startsx|pointer|load|ptr|64|0|/home/mdunlavy/GPU_FI/HeCBench/src/randomAccess-cuda/main.cu|35|8|8
15,pointer,getelementptr,ptr,64,0,_Z11HPCC_startsx,/home/mdunlavy/GPU_FI/HeCBench/src/randomAccess-cuda/main.cu,35,5,1,_Z11HPCC_startsx|pointer|getelementptr|ptr|64|0|/home/mdunlavy/GPU_FI/HeCBench/src/randomAccess-cuda/main.cu|35|5|1
16,pointer,store,ptr,64,1,_Z11HPCC_startsx,/home/mdunlavy/GPU_FI/HeCBench/src/randomAccess-cuda/main.cu,35,11,7,_Z11HPCC_startsx|pointer|store|ptr|64|1|/home/mdunlavy/GPU_FI/HeCBench/src/randomAccess-cuda/main.cu|35|11|7
17,pointer,load,ptr,64,0,_Z11HPCC_startsx,/home/mdunlavy/GPU_FI/HeCBench/src/randomAccess-cuda/main.cu,36,13,9,_Z11HPCC_startsx|pointer|load|ptr|64|0|/home/mdunlavy/GPU_FI/HeCBench/src/randomAccess-cuda/main.cu|36|13|9
18,pointer,load,ptr,64,0,_Z11HPCC_startsx,/home/mdunlavy/GPU_FI/HeCBench/src/randomAccess-cuda/main.cu,36,36,10,_Z11HPCC_startsx|pointer|load|ptr|64|0|/home/mdunlavy/GPU_FI/HeCBench/src/randomAccess-cuda/main.cu|36|36|10
19,pointer,store,ptr,64,1,_Z11HPCC_startsx,/home/mdunlavy/GPU_FI/HeCBench/src/randomAccess-cuda/main.cu,36,10,8,_Z11HPCC_startsx|pointer|store|ptr|64|1|/home/mdunlavy/GPU_FI/HeCBench/src/randomAccess-cuda/main.cu|36|10|8
20,pointer,load,ptr,64,0,_Z11HPCC_startsx,/home/mdunlavy/GPU_FI/HeCBench/src/randomAccess-cuda/main.cu,37,13,11,_Z11HPCC_startsx|pointer|load|ptr|64|0|/home/mdunlavy/GPU_FI/HeCBench/src/randomAccess-cuda/main.cu|37|13|11
21,pointer,load,ptr,64,0,_Z11HPCC_startsx,/home/mdunlavy/GPU_FI/HeCBench/src/randomAccess-cuda/main.cu,37,36,12,_Z11HPCC_startsx|pointer|load|ptr|64|0|/home/mdunlavy/GPU_FI/HeCBench/src/randomAccess-cuda/main.cu|37|36|12
22,pointer,store,ptr,64,1,_Z11HPCC_startsx,/home/mdunlavy/GPU_FI/HeCBench/src/randomAccess-cuda/main.cu,37,10,9,_Z11HPCC_startsx|pointer|store|ptr|64|1|/home/mdunlavy/GPU_FI/HeCBench/src/randomAccess-cuda/main.cu|37|10|9
23,pointer,load,ptr,64,0,_Z11HPCC_startsx,/home/mdunlavy/GPU_FI/HeCBench/src/randomAccess-cuda/main.cu,34,20,13,_Z11HPCC_startsx|pointer|load|ptr|64|0|/home/mdunlavy/GPU_FI/HeCBench/src/randomAccess-cuda/main.cu|34|20|13
24,pointer,store,ptr,64,1,_Z11HPCC_startsx,/home/mdunlavy/GPU_FI/HeCBench/src/randomAccess-cuda/main.cu,34,20,10,_Z11HPCC_startsx|pointer|store|ptr|64|1|/home/mdunlavy/GPU_FI/HeCBench/src/randomAccess-cuda/main.cu|34|20|10
25,pointer,store,ptr,64,1,_Z11HPCC_startsx,/home/mdunlavy/GPU_FI/HeCBench/src/randomAccess-cuda/main.cu,40,9,11,_Z11HPCC_startsx|pointer|store|ptr|64|1|/home/mdunlavy/GPU_FI/HeCBench/src/randomAccess-cuda/main.cu|40|9|11
26,pointer,load,ptr,64,0,_Z11HPCC_startsx,/home/mdunlavy/GPU_FI/HeCBench/src/randomAccess-cuda/main.cu,40,14,14,_Z11HPCC_startsx|pointer|load|ptr|64|0|/home/mdunlavy/GPU_FI/HeCBench/src/randomAccess-cuda/main.cu|40|14|14
27,pointer,load,ptr,64,0,_Z11HPCC_startsx,/home/mdunlavy/GPU_FI/HeCBench/src/randomAccess-cuda/main.cu,41,10,15,_Z11HPCC_startsx|pointer|load|ptr|64|0|/home/mdunlavy/GPU_FI/HeCBench/src/randomAccess-cuda/main.cu|41|10|15
28,pointer,load,ptr,64,0,_Z11HPCC_startsx,/home/mdunlavy/GPU_FI/HeCBench/src/randomAccess-cuda/main.cu,41,15,16,_Z11HPCC_startsx|pointer|load|ptr|64|0|/home/mdunlavy/GPU_FI/HeCBench/src/randomAccess-cuda/main.cu|41|15|16
29,pointer,load,ptr,64,0,_Z11HPCC_startsx,/home/mdunlavy/GPU_FI/HeCBench/src/randomAccess-cuda/main.cu,40,21,17,_Z11HPCC_startsx|pointer|load|ptr|64|0|/home/mdunlavy/GPU_FI/HeCBench/src/randomAccess-cuda/main.cu|40|21|17
30,pointer,store,ptr,64,1,_Z11HPCC_startsx,/home/mdunlavy/GPU_FI/HeCBench/src/randomAccess-cuda/main.cu,40,21,12,_Z11HPCC_startsx|pointer|store|ptr|64|1|/home/mdunlavy/GPU_FI/HeCBench/src/randomAccess-cuda/main.cu|40|21|12
31,pointer,store,ptr,64,1,_Z11HPCC_startsx,/home/mdunlavy/GPU_FI/HeCBench/src/randomAccess-cuda/main.cu,44,7,13,_Z11HPCC_startsx|pointer|store|ptr|64|1|/home/mdunlavy/GPU_FI/HeCBench/src/randomAccess-cuda/main.cu|44|7|13
32,pointer,load,ptr,64,0,_Z11HPCC_startsx,/home/mdunlavy/GPU_FI/HeCBench/src/randomAccess-cuda/main.cu,45,10,18,_Z11HPCC_startsx|pointer|load|ptr|64|0|/home/mdunlavy/GPU_FI/HeCBench/src/randomAccess-cuda/main.cu|45|10|18
33,pointer,store,ptr,64,1,_Z11HPCC_startsx,/home/mdunlavy/GPU_FI/HeCBench/src/randomAccess-cuda/main.cu,46,10,14,_Z11HPCC_startsx|pointer|store|ptr|64|1|/home/mdunlavy/GPU_FI/HeCBench/src/randomAccess-cuda/main.cu|46|10|14
34,pointer,store,ptr,64,1,_Z11HPCC_startsx,/home/mdunlavy/GPU_FI/HeCBench/src/randomAccess-cuda/main.cu,48,11,15,_Z11HPCC_startsx|pointer|store|ptr|64|1|/home/mdunlavy/GPU_FI/HeCBench/src/randomAccess-cuda/main.cu|48|11|15
35,pointer,load,ptr,64,0,_Z11HPCC_startsx,/home/mdunlavy/GPU_FI/HeCBench/src/randomAccess-cuda/main.cu,48,15,19,_Z11HPCC_startsx|pointer|load|ptr|64|0|/home/mdunlavy/GPU_FI/HeCBench/src/randomAccess-cuda/main.cu|48|15|19
36,pointer,load,ptr,64,0,_Z11HPCC_startsx,/home/mdunlavy/GPU_FI/HeCBench/src/randomAccess-cuda/main.cu,49,12,20,_Z11HPCC_startsx|pointer|load|ptr|64|0|/home/mdunlavy/GPU_FI/HeCBench/src/randomAccess-cuda/main.cu|49|12|20
37,pointer,load,ptr,64,0,_Z11HPCC_startsx,/home/mdunlavy/GPU_FI/HeCBench/src/randomAccess-cuda/main.cu,49,19,21,_Z11HPCC_startsx|pointer|load|ptr|64|0|/home/mdunlavy/GPU_FI/HeCBench/src/randomAccess-cuda/main.cu|49|19|21
38,pointer,load,ptr,64,0,_Z11HPCC_startsx,/home/mdunlavy/GPU_FI/HeCBench/src/randomAccess-cuda/main.cu,50,20,22,_Z11HPCC_startsx|pointer|load|ptr|64|0|/home/mdunlavy/GPU_FI/HeCBench/src/randomAccess-cuda/main.cu|50|20|22
39,pointer,getelementptr,ptr,64,0,_Z11HPCC_startsx,/home/mdunlavy/GPU_FI/HeCBench/src/randomAccess-cuda/main.cu,50,17,2,_Z11HPCC_startsx|pointer|getelementptr|ptr|64|0|/home/mdunlavy/GPU_FI/HeCBench/src/randomAccess-cuda/main.cu|50|17|2
40,pointer,load,ptr,64,0,_Z11HPCC_startsx,/home/mdunlavy/GPU_FI/HeCBench/src/randomAccess-cuda/main.cu,50,17,23,_Z11HPCC_startsx|pointer|load|ptr|64|0|/home/mdunlavy/GPU_FI/HeCBench/src/randomAccess-cuda/main.cu|50|17|23
41,pointer,load,ptr,64,0,_Z11HPCC_startsx,/home/mdunlavy/GPU_FI/HeCBench/src/randomAccess-cuda/main.cu,50,14,24,_Z11HPCC_startsx|pointer|load|ptr|64|0|/home/mdunlavy/GPU_FI/HeCBench/src/randomAccess-cuda/main.cu|50|14|24
42,pointer,store,ptr,64,1,_Z11HPCC_startsx,/home/mdunlavy/GPU_FI/HeCBench/src/randomAccess-cuda/main.cu,50,14,16,_Z11HPCC_startsx|pointer|store|ptr|64|1|/home/mdunlavy/GPU_FI/HeCBench/src/randomAccess-cuda/main.cu|50|14|16
43,pointer,load,ptr,64,0,_Z11HPCC_startsx,/home/mdunlavy/GPU_FI/HeCBench/src/randomAccess-cuda/main.cu,48,22,25,_Z11HPCC_startsx|pointer|load|ptr|64|0|/home/mdunlavy/GPU_FI/HeCBench/src/randomAccess-cuda/main.cu|48|22|25
44,pointer,store,ptr,64,1,_Z11HPCC_startsx,/home/mdunlavy/GPU_FI/HeCBench/src/randomAccess-cuda/main.cu,48,22,17,_Z11HPCC_startsx|pointer|store|ptr|64|1|/home/mdunlavy/GPU_FI/HeCBench/src/randomAccess-cuda/main.cu|48|22|17
45,pointer,load,ptr,64,0,_Z11HPCC_startsx,/home/mdunlavy/GPU_FI/HeCBench/src/randomAccess-cuda/main.cu,51,11,26,_Z11HPCC_startsx|pointer|load|ptr|64|0|/home/mdunlavy/GPU_FI/HeCBench/src/randomAccess-cuda/main.cu|51|11|26
46,pointer,store,ptr,64,1,_Z11HPCC_startsx,/home/mdunlavy/GPU_FI/HeCBench/src/randomAccess-cuda/main.cu,51,9,18,_Z11HPCC_startsx|pointer|store|ptr|64|1|/home/mdunlavy/GPU_FI/HeCBench/src/randomAccess-cuda/main.cu|51|9|18
47,pointer,load,ptr,64,0,_Z11HPCC_startsx,/home/mdunlavy/GPU_FI/HeCBench/src/randomAccess-cuda/main.cu,52,7,27,_Z11HPCC_startsx|pointer|load|ptr|64|0|/home/mdunlavy/GPU_FI/HeCBench/src/randomAccess-cuda/main.cu|52|7|27
48,pointer,store,ptr,64,1,_Z11HPCC_startsx,/home/mdunlavy/GPU_FI/HeCBench/src/randomAccess-cuda/main.cu,52,7,19,_Z11HPCC_startsx|pointer|store|ptr|64|1|/home/mdunlavy/GPU_FI/HeCBench/src/randomAccess-cuda/main.cu|52|7|19
49,pointer,load,ptr,64,0,_Z11HPCC_startsx,/home/mdunlavy/GPU_FI/HeCBench/src/randomAccess-cuda/main.cu,53,10,28,_Z11HPCC_startsx|pointer|load|ptr|64|0|/home/mdunlavy/GPU_FI/HeCBench/src/randomAccess-cuda/main.cu|53|10|28
50,pointer,load,ptr,64,0,_Z11HPCC_startsx,/home/mdunlavy/GPU_FI/HeCBench/src/randomAccess-cuda/main.cu,53,15,29,_Z11HPCC_startsx|pointer|load|ptr|64|0|/home/mdunlavy/GPU_FI/HeCBench/src/randomAccess-cuda/main.cu|53|15|29
51,pointer,load,ptr,64,0,_Z11HPCC_startsx,/home/mdunlavy/GPU_FI/HeCBench/src/randomAccess-cuda/main.cu,54,14,30,_Z11HPCC_startsx|pointer|load|ptr|64|0|/home/mdunlavy/GPU_FI/HeCBench/src/randomAccess-cuda/main.cu|54|14|30
52,pointer,load,ptr,64,0,_Z11HPCC_startsx,/home/mdunlavy/GPU_FI/HeCBench/src/randomAccess-cuda/main.cu,54,36,31,_Z11HPCC_startsx|pointer|load|ptr|64|0|/home/mdunlavy/GPU_FI/HeCBench/src/randomAccess-cuda/main.cu|54|36|31
53,pointer,store,ptr,64,1,_Z11HPCC_startsx,/home/mdunlavy/GPU_FI/HeCBench/src/randomAccess-cuda/main.cu,54,11,20,_Z11HPCC_startsx|pointer|store|ptr|64|1|/home/mdunlavy/GPU_FI/HeCBench/src/randomAccess-cuda/main.cu|54|11|20
54,pointer,load,ptr,64,0,_Z11HPCC_startsx,/home/mdunlavy/GPU_FI/HeCBench/src/randomAccess-cuda/main.cu,57,10,32,_Z11HPCC_startsx|pointer|load|ptr|64|0|/home/mdunlavy/GPU_FI/HeCBench/src/randomAccess-cuda/main.cu|57|10|32
55,pointer,store,ptr,64,1,_Z11HPCC_startsx,/home/mdunlavy/GPU_FI/HeCBench/src/randomAccess-cuda/main.cu,57,3,21,_Z11HPCC_startsx|pointer|store|ptr|64|1|/home/mdunlavy/GPU_FI/HeCBench/src/randomAccess-cuda/main.cu|57|3|21
56,pointer,load,ptr,64,0,_Z11HPCC_startsx,/home/mdunlavy/GPU_FI/HeCBench/src/randomAccess-cuda/main.cu,58,1,33,_Z11HPCC_startsx|pointer|load|ptr|64|0|/home/mdunlavy/GPU_FI/HeCBench/src/randomAccess-cuda/main.cu|58|1|33
57,pointer,store,ptr,64,0,_Z9initTablePyy,/home/mdunlavy/GPU_FI/HeCBench/src/randomAccess-cuda/main.cu,0,0,1,_Z9initTablePyy|pointer|store|ptr|64|0|/home/mdunlavy/GPU_FI/HeCBench/src/randomAccess-cuda/main.cu|0|0|1
58,pointer,store,ptr,64,1,_Z9initTablePyy,/home/mdunlavy/GPU_FI/HeCBench/src/randomAccess-cuda/main.cu,0,0,1,_Z9initTablePyy|pointer|store|ptr|64|1|/home/mdunlavy/GPU_FI/HeCBench/src/randomAccess-cuda/main.cu|0|0|1
59,pointer,store,ptr,64,1,_Z9initTablePyy,/home/mdunlavy/GPU_FI/HeCBench/src/randomAccess-cuda/main.cu,0,0,2,_Z9initTablePyy|pointer|store|ptr|64|1|/home/mdunlavy/GPU_FI/HeCBench/src/randomAccess-cuda/main.cu|0|0|2
60,pointer,store,ptr,64,1,_Z9initTablePyy,/home/mdunlavy/GPU_FI/HeCBench/src/randomAccess-cuda/main.cu,61,7,3,_Z9initTablePyy|pointer|store|ptr|64|1|/home/mdunlavy/GPU_FI/HeCBench/src/randomAccess-cuda/main.cu|61|7|3
61,pointer,load,ptr,64,0,_Z9initTablePyy,/home/mdunlavy/GPU_FI/HeCBench/src/randomAccess-cuda/main.cu,62,7,1,_Z9initTablePyy|pointer|load|ptr|64|0|/home/mdunlavy/GPU_FI/HeCBench/src/randomAccess-cuda/main.cu|62|7|1
62,pointer,load,ptr,64,0,_Z9initTablePyy,/home/mdunlavy/GPU_FI/HeCBench/src/randomAccess-cuda/main.cu,62,11,2,_Z9initTablePyy|pointer|load|ptr|64|0|/home/mdunlavy/GPU_FI/HeCBench/src/randomAccess-cuda/main.cu|62|11|2
63,pointer,load,ptr,64,0,_Z9initTablePyy,/home/mdunlavy/GPU_FI/HeCBench/src/randomAccess-cuda/main.cu,62,33,3,_Z9initTablePyy|pointer|load|ptr|64|0|/home/mdunlavy/GPU_FI/HeCBench/src/randomAccess-cuda/main.cu|62|33|3
64,pointer,load,ptr,64,0,_Z9initTablePyy,/home/mdunlavy/GPU_FI/HeCBench/src/randomAccess-cuda/main.cu,62,22,4,_Z9initTablePyy|pointer|load|ptr|64|0|/home/mdunlavy/GPU_FI/HeCBench/src/randomAccess-cuda/main.cu|62|22|4
65,pointer,load,ptr,64,0,_Z9initTablePyy,/home/mdunlavy/GPU_FI/HeCBench/src/randomAccess-cuda/main.cu,62,28,5,_Z9initTablePyy|pointer|load|ptr|64|0|/home/mdunlavy/GPU_FI/HeCBench/src/randomAccess-cuda/main.cu|62|28|5
66,pointer,getelementptr,ptr,64,0,_Z9initTablePyy,/home/mdunlavy/GPU_FI/HeCBench/src/randomAccess-cuda/main.cu,62,22,1,_Z9initTablePyy|pointer|getelementptr|ptr|64|0|/home/mdunlavy/GPU_FI/HeCBench/src/randomAccess-cuda/main.cu|62|22|1
67,pointer,store,ptr,64,1,_Z9initTablePyy,/home/mdunlavy/GPU_FI/HeCBench/src/randomAccess-cuda/main.cu,62,31,4,_Z9initTablePyy|pointer|store|ptr|64|1|/home/mdunlavy/GPU_FI/HeCBench/src/randomAccess-cuda/main.cu|62|31|4
68,pointer,store,ptr,64,0,_Z6updatePyy,/home/mdunlavy/GPU_FI/HeCBench/src/randomAccess-cuda/main.cu,0,0,1,_Z6updatePyy|pointer|store|ptr|64|0|/home/mdunlavy/GPU_FI/HeCBench/src/randomAccess-cuda/main.cu|0|0|1
69,pointer,store,ptr,64,1,_Z6updatePyy,/home/mdunlavy/GPU_FI/HeCBench/src/randomAccess-cuda/main.cu,0,0,1,_Z6updatePyy|pointer|store|ptr|64|1|/home/mdunlavy/GPU_FI/HeCBench/src/randomAccess-cuda/main.cu|0|0|1
70,pointer,store,ptr,64,1,_Z6updatePyy,/home/mdunlavy/GPU_FI/HeCBench/src/randomAccess-cuda/main.cu,0,0,2,_Z6updatePyy|pointer|store|ptr|64|1|/home/mdunlavy/GPU_FI/HeCBench/src/randomAccess-cuda/main.cu|0|0|2
71,pointer,store,ptr,64,1,_Z6updatePyy,/home/mdunlavy/GPU_FI/HeCBench/src/randomAccess-cuda/main.cu,67,7,3,_Z6updatePyy|pointer|store|ptr|64|1|/home/mdunlavy/GPU_FI/HeCBench/src/randomAccess-cuda/main.cu|67|7|3
72,pointer,load,ptr,64,0,_Z6updatePyy,/home/mdunlavy/GPU_FI/HeCBench/src/randomAccess-cuda/main.cu,68,30,1,_Z6updatePyy|pointer|load|ptr|64|0|/home/mdunlavy/GPU_FI/HeCBench/src/randomAccess-cuda/main.cu|68|30|1
73,pointer,load,ptr,64,0,_Z6updatePyy,/home/mdunlavy/GPU_FI/HeCBench/src/randomAccess-cuda/main.cu,68,45,2,_Z6updatePyy|pointer|load|ptr|64|0|/home/mdunlavy/GPU_FI/HeCBench/src/randomAccess-cuda/main.cu|68|45|2
74,pointer,store,ptr,64,1,_Z6updatePyy,/home/mdunlavy/GPU_FI/HeCBench/src/randomAccess-cuda/main.cu,68,10,4,_Z6updatePyy|pointer|store|ptr|64|1|/home/mdunlavy/GPU_FI/HeCBench/src/randomAccess-cuda/main.cu|68|10|4
75,pointer,store,ptr,64,1,_Z6updatePyy,/home/mdunlavy/GPU_FI/HeCBench/src/randomAccess-cuda/main.cu,69,15,5,_Z6updatePyy|pointer|store|ptr|64|1|/home/mdunlavy/GPU_FI/HeCBench/src/randomAccess-cuda/main.cu|69|15|5
76,pointer,load,ptr,64,0,_Z6updatePyy,/home/mdunlavy/GPU_FI/HeCBench/src/randomAccess-cuda/main.cu,69,20,3,_Z6updatePyy|pointer|load|ptr|64|0|/home/mdunlavy/GPU_FI/HeCBench/src/randomAccess-cuda/main.cu|69|20|3
77,pointer,load,ptr,64,0,_Z6updatePyy,/home/mdunlavy/GPU_FI/HeCBench/src/randomAccess-cuda/main.cu,69,22,4,_Z6updatePyy|pointer|load|ptr|64|0|/home/mdunlavy/GPU_FI/HeCBench/src/randomAccess-cuda/main.cu|69|22|4
78,pointer,load,ptr,64,0,_Z6updatePyy,/home/mdunlavy/GPU_FI/HeCBench/src/randomAccess-cuda/main.cu,70,12,5,_Z6updatePyy|pointer|load|ptr|64|0|/home/mdunlavy/GPU_FI/HeCBench/src/randomAccess-cuda/main.cu|70|12|5
79,pointer,load,ptr,64,0,_Z6updatePyy,/home/mdunlavy/GPU_FI/HeCBench/src/randomAccess-cuda/main.cu,70,34,6,_Z6updatePyy|pointer|load|ptr|64|0|/home/mdunlavy/GPU_FI/HeCBench/src/randomAccess-cuda/main.cu|70|34|6
80,pointer,store,ptr,64,1,_Z6updatePyy,/home/mdunlavy/GPU_FI/HeCBench/src/randomAccess-cuda/main.cu,70,9,6,_Z6updatePyy|pointer|store|ptr|64|1|/home/mdunlavy/GPU_FI/HeCBench/src/randomAccess-cuda/main.cu|70|9|6
81,pointer,load,ptr,64,0,_Z6updatePyy,/home/mdunlavy/GPU_FI/HeCBench/src/randomAccess-cuda/main.cu,71,16,7,_Z6updatePyy|pointer|load|ptr|64|0|/home/mdunlavy/GPU_FI/HeCBench/src/randomAccess-cuda/main.cu|71|16|7
82,pointer,load,ptr,64,0,_Z6updatePyy,/home/mdunlavy/GPU_FI/HeCBench/src/randomAccess-cuda/main.cu,71,22,8,_Z6updatePyy|pointer|load|ptr|64|0|/home/mdunlavy/GPU_FI/HeCBench/src/randomAccess-cuda/main.cu|71|22|8
83,pointer,load,ptr,64,0,_Z6updatePyy,/home/mdunlavy/GPU_FI/HeCBench/src/randomAccess-cuda/main.cu,71,29,9,_Z6updatePyy|pointer|load|ptr|64|0|/home/mdunlavy/GPU_FI/HeCBench/src/randomAccess-cuda/main.cu|71|29|9
84,pointer,getelementptr,ptr,64,0,_Z6updatePyy,/home/mdunlavy/GPU_FI/HeCBench/src/randomAccess-cuda/main.cu,71,16,1,_Z6updatePyy|pointer|getelementptr|ptr|64|0|/home/mdunlavy/GPU_FI/HeCBench/src/randomAccess-cuda/main.cu|71|16|1
85,pointer,load,ptr,64,0,_Z6updatePyy,/home/mdunlavy/GPU_FI/HeCBench/src/randomAccess-cuda/main.cu,71,44,10,_Z6updatePyy|pointer|load|ptr|64|0|/home/mdunlavy/GPU_FI/HeCBench/src/randomAccess-cuda/main.cu|71|44|10
86,pointer,call,ptr,64,0,_Z6updatePyy,/home/mdunlavy/GPU_FI/HeCBench/src/randomAccess-cuda/main.cu,71,5,1,_Z6updatePyy|pointer|call|ptr|64|0|/home/mdunlavy/GPU_FI/HeCBench/src/randomAccess-cuda/main.cu|71|5|1
87,pointer,load,ptr,64,0,_Z6updatePyy,/home/mdunlavy/GPU_FI/HeCBench/src/randomAccess-cuda/main.cu,69,36,11,_Z6updatePyy|pointer|load|ptr|64|0|/home/mdunlavy/GPU_FI/HeCBench/src/randomAccess-cuda/main.cu|69|36|11
88,pointer,store,ptr,64,1,_Z6updatePyy,/home/mdunlavy/GPU_FI/HeCBench/src/randomAccess-cuda/main.cu,69,36,7,_Z6updatePyy|pointer|store|ptr|64|1|/home/mdunlavy/GPU_FI/HeCBench/src/randomAccess-cuda/main.cu|69|36|7
89,pointer,store,ptr,64,0,_ZL9atomicXorPyy,/soft/compilers/cudatoolkit/cuda-11.8.0/include/sm_32_atomic_functions.hpp,0,0,1,_ZL9atomicXorPyy|pointer|store|ptr|64|0|/soft/compilers/cudatoolkit/cuda-11.8.0/include/sm_32_atomic_functions.hpp|0|0|1
90,pointer,store,ptr,64,1,_ZL9atomicXorPyy,/soft/compilers/cudatoolkit/cuda-11.8.0/include/sm_32_atomic_functions.hpp,0,0,1,_ZL9atomicXorPyy|pointer|store|ptr|64|1|/soft/compilers/cudatoolkit/cuda-11.8.0/include/sm_32_atomic_functions.hpp|0|0|1
91,pointer,store,ptr,64,1,_ZL9atomicXorPyy,/soft/compilers/cudatoolkit/cuda-11.8.0/include/sm_32_atomic_functions.hpp,0,0,2,_ZL9atomicXorPyy|pointer|store|ptr|64|1|/soft/compilers/cudatoolkit/cuda-11.8.0/include/sm_32_atomic_functions.hpp|0|0|2
92,pointer,load,ptr,64,0,_ZL9atomicXorPyy,/soft/compilers/cudatoolkit/cuda-11.8.0/include/sm_32_atomic_functions.hpp,124,27,1,_ZL9atomicXorPyy|pointer|load|ptr|64|0|/soft/compilers/cudatoolkit/cuda-11.8.0/include/sm_32_atomic_functions.hpp|124|27|1
93,pointer,load,ptr,64,0,_ZL9atomicXorPyy,/soft/compilers/cudatoolkit/cuda-11.8.0/include/sm_32_atomic_functions.hpp,124,36,2,_ZL9atomicXorPyy|pointer|load|ptr|64|0|/soft/compilers/cudatoolkit/cuda-11.8.0/include/sm_32_atomic_functions.hpp|124|36|2
94,pointer,store,ptr,64,0,_ZL9atomicXorPyy,/soft/compilers/cudatoolkit/cuda-11.8.0/include/sm_32_atomic_functions.hpp,0,0,2,_ZL9atomicXorPyy|pointer|store|ptr|64|0|/soft/compilers/cudatoolkit/cuda-11.8.0/include/sm_32_atomic_functions.hpp|0|0|2
95,pointer,store,ptr,64,1,_ZL9atomicXorPyy,/soft/compilers/cudatoolkit/cuda-11.8.0/include/sm_32_atomic_functions.hpp,0,0,3,_ZL9atomicXorPyy|pointer|store|ptr|64|1|/soft/compilers/cudatoolkit/cuda-11.8.0/include/sm_32_atomic_functions.hpp|0|0|3
96,pointer,store,ptr,64,1,_ZL9atomicXorPyy,/soft/compilers/cudatoolkit/cuda-11.8.0/include/sm_32_atomic_functions.hpp,0,0,4,_ZL9atomicXorPyy|pointer|store|ptr|64|1|/soft/compilers/cudatoolkit/cuda-11.8.0/include/sm_32_atomic_functions.hpp|0|0|4
97,pointer,load,ptr,64,0,_ZL9atomicXorPyy,/soft/compilers/llvm/release-17.0.6/lib/clang/17/include/__clang_cuda_device_functions.h,776,46,3,_ZL9atomicXorPyy|pointer|load|ptr|64|0|/soft/compilers/llvm/release-17.0.6/lib/clang/17/include/__clang_cuda_device_functions.h|776|46|3
98,pointer,load,ptr,64,0,_ZL9atomicXorPyy,/soft/compilers/llvm/release-17.0.6/lib/clang/17/include/__clang_cuda_device_functions.h,776,51,4,_ZL9atomicXorPyy|pointer|load|ptr|64|0|/soft/compilers/llvm/release-17.0.6/lib/clang/17/include/__clang_cuda_device_functions.h|776|51|4
