index,site_id,bit_index,bitwidth,type_kind,opcode
257,5,0,64,ptr,load
258,5,1,64,ptr,load
259,5,2,64,ptr,load
260,5,3,64,ptr,load
261,5,4,64,ptr,load
262,5,5,64,ptr,load
263,5,6,64,ptr,load
264,5,7,64,ptr,load
265,5,8,64,ptr,load
266,5,9,64,ptr,load
267,5,10,64,ptr,load
268,5,11,64,ptr,load
269,5,12,64,ptr,load
270,5,13,64,ptr,load
271,5,14,64,ptr,load
272,5,15,64,ptr,load
273,5,16,64,ptr,load
274,5,17,64,ptr,load
275,5,18,64,ptr,load
276,5,19,64,ptr,load
277,5,20,64,ptr,load
278,5,21,64,ptr,load
279,5,22,64,ptr,load
280,5,23,64,ptr,load
281,5,24,64,ptr,load
282,5,25,64,ptr,load
283,5,26,64,ptr,load
284,5,27,64,ptr,load
285,5,28,64,ptr,load
286,5,29,64,ptr,load
287,5,30,64,ptr,load
288,5,31,64,ptr,load
289,5,32,64,ptr,load
290,5,33,64,ptr,load
291,5,34,64,ptr,load
292,5,35,64,ptr,load
293,5,36,64,ptr,load
294,5,37,64,ptr,load
295,5,38,64,ptr,load
296,5,39,64,ptr,load
297,5,40,64,ptr,load
298,5,41,64,ptr,load
299,5,42,64,ptr,load
300,5,43,64,ptr,load
301,5,44,64,ptr,load
302,5,45,64,ptr,load
303,5,46,64,ptr,load
304,5,47,64,ptr,load
305,5,48,64,ptr,load
306,5,49,64,ptr,load
307,5,50,64,ptr,load
308,5,51,64,ptr,load
309,5,52,64,ptr,load
310,5,53,64,ptr,load
311,5,54,64,ptr,load
312,5,55,64,ptr,load
313,5,56,64,ptr,load
314,5,57,64,ptr,load
315,5,58,64,ptr,load
316,5,59,64,ptr,load
317,5,60,64,ptr,load
318,5,61,64,ptr,load
319,5,62,64,ptr,load
320,5,63,64,ptr,load
321,6,0,64,ptr,load
322,6,1,64,ptr,load
323,6,2,64,ptr,load
324,6,3,64,ptr,load
325,6,4,64,ptr,load
326,6,5,64,ptr,load
327,6,6,64,ptr,load
328,6,7,64,ptr,load
329,6,8,64,ptr,load
330,6,9,64,ptr,load
331,6,10,64,ptr,load
332,6,11,64,ptr,load
333,6,12,64,ptr,load
334,6,13,64,ptr,load
335,6,14,64,ptr,load
336,6,15,64,ptr,load
337,6,16,64,ptr,load
338,6,17,64,ptr,load
339,6,18,64,ptr,load
340,6,19,64,ptr,load
341,6,20,64,ptr,load
342,6,21,64,ptr,load
343,6,22,64,ptr,load
344,6,23,64,ptr,load
345,6,24,64,ptr,load
346,6,25,64,ptr,load
347,6,26,64,ptr,load
348,6,27,64,ptr,load
349,6,28,64,ptr,load
350,6,29,64,ptr,load
351,6,30,64,ptr,load
352,6,31,64,ptr,load
353,6,32,64,ptr,load
354,6,33,64,ptr,load
355,6,34,64,ptr,load
356,6,35,64,ptr,load
357,6,36,64,ptr,load
358,6,37,64,ptr,load
359,6,38,64,ptr,load
360,6,39,64,ptr,load
361,6,40,64,ptr,load
362,6,41,64,ptr,load
363,6,42,64,ptr,load
364,6,43,64,ptr,load
365,6,44,64,ptr,load
366,6,45,64,ptr,load
367,6,46,64,ptr,load
368,6,47,64,ptr,load
369,6,48,64,ptr,load
370,6,49,64,ptr,load
371,6,50,64,ptr,load
372,6,51,64,ptr,load
373,6,52,64,ptr,load
374,6,53,64,ptr,load
375,6,54,64,ptr,load
376,6,55,64,ptr,load
377,6,56,64,ptr,load
378,6,57,64,ptr,load
379,6,58,64,ptr,load
380,6,59,64,ptr,load
381,6,60,64,ptr,load
382,6,61,64,ptr,load
383,6,62,64,ptr,load
384,6,63,64,ptr,load
385,7,0,64,ptr,store
386,7,1,64,ptr,store
387,7,2,64,ptr,store
388,7,3,64,ptr,store
389,7,4,64,ptr,store
390,7,5,64,ptr,store
391,7,6,64,ptr,store
392,7,7,64,ptr,store
393,7,8,64,ptr,store
394,7,9,64,ptr,store
395,7,10,64,ptr,store
396,7,11,64,ptr,store
397,7,12,64,ptr,store
398,7,13,64,ptr,store
399,7,14,64,ptr,store
400,7,15,64,ptr,store
401,7,16,64,ptr,store
402,7,17,64,ptr,store
403,7,18,64,ptr,store
404,7,19,64,ptr,store
405,7,20,64,ptr,store
406,7,21,64,ptr,store
407,7,22,64,ptr,store
408,7,23,64,ptr,store
409,7,24,64,ptr,store
410,7,25,64,ptr,store
411,7,26,64,ptr,store
412,7,27,64,ptr,store
413,7,28,64,ptr,store
414,7,29,64,ptr,store
415,7,30,64,ptr,store
416,7,31,64,ptr,store
417,7,32,64,ptr,store
418,7,33,64,ptr,store
419,7,34,64,ptr,store
420,7,35,64,ptr,store
421,7,36,64,ptr,store
422,7,37,64,ptr,store
423,7,38,64,ptr,store
424,7,39,64,ptr,store
425,7,40,64,ptr,store
426,7,41,64,ptr,store
427,7,42,64,ptr,store
428,7,43,64,ptr,store
429,7,44,64,ptr,store
430,7,45,64,ptr,store
431,7,46,64,ptr,store
432,7,47,64,ptr,store
433,7,48,64,ptr,store
434,7,49,64,ptr,store
435,7,50,64,ptr,store
436,7,51,64,ptr,store
437,7,52,64,ptr,store
438,7,53,64,ptr,store
439,7,54,64,ptr,store
440,7,55,64,ptr,store
441,7,56,64,ptr,store
442,7,57,64,ptr,store
443,7,58,64,ptr,store
444,7,59,64,ptr,store
445,7,60,64,ptr,store
446,7,61,64,ptr,store
447,7,62,64,ptr,store
448,7,63,64,ptr,store
449,8,0,64,ptr,load
450,8,1,64,ptr,load
451,8,2,64,ptr,load
452,8,3,64,ptr,load
453,8,4,64,ptr,load
454,8,5,64,ptr,load
455,8,6,64,ptr,load
456,8,7,64,ptr,load
457,8,8,64,ptr,load
458,8,9,64,ptr,load
459,8,10,64,ptr,load
460,8,11,64,ptr,load
461,8,12,64,ptr,load
462,8,13,64,ptr,load
463,8,14,64,ptr,load
464,8,15,64,ptr,load
465,8,16,64,ptr,load
466,8,17,64,ptr,load
467,8,18,64,ptr,load
468,8,19,64,ptr,load
469,8,20,64,ptr,load
470,8,21,64,ptr,load
471,8,22,64,ptr,load
472,8,23,64,ptr,load
473,8,24,64,ptr,load
474,8,25,64,ptr,load
475,8,26,64,ptr,load
476,8,27,64,ptr,load
477,8,28,64,ptr,load
478,8,29,64,ptr,load
479,8,30,64,ptr,load
480,8,31,64,ptr,load
481,8,32,64,ptr,load
482,8,33,64,ptr,load
483,8,34,64,ptr,load
484,8,35,64,ptr,load
485,8,36,64,ptr,load
486,8,37,64,ptr,load
487,8,38,64,ptr,load
488,8,39,64,ptr,load
489,8,40,64,ptr,load
490,8,41,64,ptr,load
491,8,42,64,ptr,load
492,8,43,64,ptr,load
493,8,44,64,ptr,load
494,8,45,64,ptr,load
495,8,46,64,ptr,load
496,8,47,64,ptr,load
497,8,48,64,ptr,load
498,8,49,64,ptr,load
499,8,50,64,ptr,load
500,8,51,64,ptr,load
501,8,52,64,ptr,load
502,8,53,64,ptr,load
503,8,54,64,ptr,load
504,8,55,64,ptr,load
505,8,56,64,ptr,load
506,8,57,64,ptr,load
507,8,58,64,ptr,load
508,8,59,64,ptr,load
509,8,60,64,ptr,load
510,8,61,64,ptr,load
511,8,62,64,ptr,load
512,8,63,64,ptr,load
513,9,0,64,ptr,store
514,9,1,64,ptr,store
515,9,2,64,ptr,store
516,9,3,64,ptr,store
517,9,4,64,ptr,store
518,9,5,64,ptr,store
519,9,6,64,ptr,store
520,9,7,64,ptr,store
521,9,8,64,ptr,store
522,9,9,64,ptr,store
523,9,10,64,ptr,store
524,9,11,64,ptr,store
525,9,12,64,ptr,store
526,9,13,64,ptr,store
527,9,14,64,ptr,store
528,9,15,64,ptr,store
529,9,16,64,ptr,store
530,9,17,64,ptr,store
531,9,18,64,ptr,store
532,9,19,64,ptr,store
533,9,20,64,ptr,store
534,9,21,64,ptr,store
535,9,22,64,ptr,store
536,9,23,64,ptr,store
537,9,24,64,ptr,store
538,9,25,64,ptr,store
539,9,26,64,ptr,store
540,9,27,64,ptr,store
541,9,28,64,ptr,store
542,9,29,64,ptr,store
543,9,30,64,ptr,store
544,9,31,64,ptr,store
545,9,32,64,ptr,store
546,9,33,64,ptr,store
547,9,34,64,ptr,store
548,9,35,64,ptr,store
549,9,36,64,ptr,store
550,9,37,64,ptr,store
551,9,38,64,ptr,store
552,9,39,64,ptr,store
553,9,40,64,ptr,store
554,9,41,64,ptr,store
555,9,42,64,ptr,store
556,9,43,64,ptr,store
557,9,44,64,ptr,store
558,9,45,64,ptr,store
559,9,46,64,ptr,store
560,9,47,64,ptr,store
561,9,48,64,ptr,store
562,9,49,64,ptr,store
563,9,50,64,ptr,store
564,9,51,64,ptr,store
565,9,52,64,ptr,store
566,9,53,64,ptr,store
567,9,54,64,ptr,store
568,9,55,64,ptr,store
569,9,56,64,ptr,store
570,9,57,64,ptr,store
571,9,58,64,ptr,store
572,9,59,64,ptr,store
573,9,60,64,ptr,store
574,9,61,64,ptr,store
575,9,62,64,ptr,store
576,9,63,64,ptr,store
577,10,0,64,ptr,store
578,10,1,64,ptr,store
579,10,2,64,ptr,store
580,10,3,64,ptr,store
581,10,4,64,ptr,store
582,10,5,64,ptr,store
583,10,6,64,ptr,store
584,10,7,64,ptr,store
585,10,8,64,ptr,store
586,10,9,64,ptr,store
587,10,10,64,ptr,store
588,10,11,64,ptr,store
589,10,12,64,ptr,store
590,10,13,64,ptr,store
591,10,14,64,ptr,store
592,10,15,64,ptr,store
593,10,16,64,ptr,store
594,10,17,64,ptr,store
595,10,18,64,ptr,store
596,10,19,64,ptr,store
597,10,20,64,ptr,store
598,10,21,64,ptr,store
599,10,22,64,ptr,store
600,10,23,64,ptr,store
601,10,24,64,ptr,store
602,10,25,64,ptr,store
603,10,26,64,ptr,store
604,10,27,64,ptr,store
605,10,28,64,ptr,store
606,10,29,64,ptr,store
607,10,30,64,ptr,store
608,10,31,64,ptr,store
609,10,32,64,ptr,store
610,10,33,64,ptr,store
611,10,34,64,ptr,store
612,10,35,64,ptr,store
613,10,36,64,ptr,store
614,10,37,64,ptr,store
615,10,38,64,ptr,store
616,10,39,64,ptr,store
617,10,40,64,ptr,store
618,10,41,64,ptr,store
619,10,42,64,ptr,store
620,10,43,64,ptr,store
621,10,44,64,ptr,store
622,10,45,64,ptr,store
623,10,46,64,ptr,store
624,10,47,64,ptr,store
625,10,48,64,ptr,store
626,10,49,64,ptr,store
627,10,50,64,ptr,store
628,10,51,64,ptr,store
629,10,52,64,ptr,store
630,10,53,64,ptr,store
631,10,54,64,ptr,store
632,10,55,64,ptr,store
633,10,56,64,ptr,store
634,10,57,64,ptr,store
635,10,58,64,ptr,store
636,10,59,64,ptr,store
637,10,60,64,ptr,store
638,10,61,64,ptr,store
639,10,62,64,ptr,store
640,10,63,64,ptr,store
641,11,0,64,ptr,store
642,11,1,64,ptr,store
643,11,2,64,ptr,store
644,11,3,64,ptr,store
645,11,4,64,ptr,store
646,11,5,64,ptr,store
647,11,6,64,ptr,store
648,11,7,64,ptr,store
649,11,8,64,ptr,store
650,11,9,64,ptr,store
651,11,10,64,ptr,store
652,11,11,64,ptr,store
653,11,12,64,ptr,store
654,11,13,64,ptr,store
655,11,14,64,ptr,store
656,11,15,64,ptr,store
657,11,16,64,ptr,store
658,11,17,64,ptr,store
659,11,18,64,ptr,store
660,11,19,64,ptr,store
661,11,20,64,ptr,store
662,11,21,64,ptr,store
663,11,22,64,ptr,store
664,11,23,64,ptr,store
665,11,24,64,ptr,store
666,11,25,64,ptr,store
667,11,26,64,ptr,store
668,11,27,64,ptr,store
669,11,28,64,ptr,store
670,11,29,64,ptr,store
671,11,30,64,ptr,store
672,11,31,64,ptr,store
673,11,32,64,ptr,store
674,11,33,64,ptr,store
675,11,34,64,ptr,store
676,11,35,64,ptr,store
677,11,36,64,ptr,store
678,11,37,64,ptr,store
679,11,38,64,ptr,store
680,11,39,64,ptr,store
681,11,40,64,ptr,store
682,11,41,64,ptr,store
683,11,42,64,ptr,store
684,11,43,64,ptr,store
685,11,44,64,ptr,store
686,11,45,64,ptr,store
687,11,46,64,ptr,store
688,11,47,64,ptr,store
689,11,48,64,ptr,store
690,11,49,64,ptr,store
691,11,50,64,ptr,store
692,11,51,64,ptr,store
693,11,52,64,ptr,store
694,11,53,64,ptr,store
695,11,54,64,ptr,store
696,11,55,64,ptr,store
697,11,56,64,ptr,store
698,11,57,64,ptr,store
699,11,58,64,ptr,store
700,11,59,64,ptr,store
701,11,60,64,ptr,store
702,11,61,64,ptr,store
703,11,62,64,ptr,store
704,11,63,64,ptr,store
705,12,0,64,ptr,load
706,12,1,64,ptr,load
707,12,2,64,ptr,load
708,12,3,64,ptr,load
709,12,4,64,ptr,load
710,12,5,64,ptr,load
711,12,6,64,ptr,load
712,12,7,64,ptr,load
713,12,8,64,ptr,load
714,12,9,64,ptr,load
715,12,10,64,ptr,load
716,12,11,64,ptr,load
717,12,12,64,ptr,load
718,12,13,64,ptr,load
719,12,14,64,ptr,load
720,12,15,64,ptr,load
721,12,16,64,ptr,load
722,12,17,64,ptr,load
723,12,18,64,ptr,load
724,12,19,64,ptr,load
725,12,20,64,ptr,load
726,12,21,64,ptr,load
727,12,22,64,ptr,load
728,12,23,64,ptr,load
729,12,24,64,ptr,load
730,12,25,64,ptr,load
731,12,26,64,ptr,load
732,12,27,64,ptr,load
733,12,28,64,ptr,load
734,12,29,64,ptr,load
735,12,30,64,ptr,load
736,12,31,64,ptr,load
737,12,32,64,ptr,load
738,12,33,64,ptr,load
739,12,34,64,ptr,load
740,12,35,64,ptr,load
741,12,36,64,ptr,load
742,12,37,64,ptr,load
743,12,38,64,ptr,load
744,12,39,64,ptr,load
745,12,40,64,ptr,load
746,12,41,64,ptr,load
747,12,42,64,ptr,load
748,12,43,64,ptr,load
749,12,44,64,ptr,load
750,12,45,64,ptr,load
751,12,46,64,ptr,load
752,12,47,64,ptr,load
753,12,48,64,ptr,load
754,12,49,64,ptr,load
755,12,50,64,ptr,load
756,12,51,64,ptr,load
757,12,52,64,ptr,load
758,12,53,64,ptr,load
759,12,54,64,ptr,load
760,12,55,64,ptr,load
761,12,56,64,ptr,load
762,12,57,64,ptr,load
763,12,58,64,ptr,load
764,12,59,64,ptr,load
765,12,60,64,ptr,load
766,12,61,64,ptr,load
767,12,62,64,ptr,load
768,12,63,64,ptr,load
833,14,0,64,ptr,load
834,14,1,64,ptr,load
835,14,2,64,ptr,load
836,14,3,64,ptr,load
837,14,4,64,ptr,load
838,14,5,64,ptr,load
839,14,6,64,ptr,load
840,14,7,64,ptr,load
841,14,8,64,ptr,load
842,14,9,64,ptr,load
843,14,10,64,ptr,load
844,14,11,64,ptr,load
845,14,12,64,ptr,load
846,14,13,64,ptr,load
847,14,14,64,ptr,load
848,14,15,64,ptr,load
849,14,16,64,ptr,load
850,14,17,64,ptr,load
851,14,18,64,ptr,load
852,14,19,64,ptr,load
853,14,20,64,ptr,load
854,14,21,64,ptr,load
855,14,22,64,ptr,load
856,14,23,64,ptr,load
857,14,24,64,ptr,load
858,14,25,64,ptr,load
859,14,26,64,ptr,load
860,14,27,64,ptr,load
861,14,28,64,ptr,load
862,14,29,64,ptr,load
863,14,30,64,ptr,load
864,14,31,64,ptr,load
865,14,32,64,ptr,load
866,14,33,64,ptr,load
867,14,34,64,ptr,load
868,14,35,64,ptr,load
869,14,36,64,ptr,load
870,14,37,64,ptr,load
871,14,38,64,ptr,load
872,14,39,64,ptr,load
873,14,40,64,ptr,load
874,14,41,64,ptr,load
875,14,42,64,ptr,load
876,14,43,64,ptr,load
877,14,44,64,ptr,load
878,14,45,64,ptr,load
879,14,46,64,ptr,load
880,14,47,64,ptr,load
881,14,48,64,ptr,load
882,14,49,64,ptr,load
883,14,50,64,ptr,load
884,14,51,64,ptr,load
885,14,52,64,ptr,load
886,14,53,64,ptr,load
887,14,54,64,ptr,load
888,14,55,64,ptr,load
889,14,56,64,ptr,load
890,14,57,64,ptr,load
891,14,58,64,ptr,load
892,14,59,64,ptr,load
893,14,60,64,ptr,load
894,14,61,64,ptr,load
895,14,62,64,ptr,load
896,14,63,64,ptr,load
897,15,0,64,ptr,getelementptr
898,15,1,64,ptr,getelementptr
899,15,2,64,ptr,getelementptr
900,15,3,64,ptr,getelementptr
901,15,4,64,ptr,getelementptr
902,15,5,64,ptr,getelementptr
903,15,6,64,ptr,getelementptr
904,15,7,64,ptr,getelementptr
905,15,8,64,ptr,getelementptr
906,15,9,64,ptr,getelementptr
907,15,10,64,ptr,getelementptr
908,15,11,64,ptr,getelementptr
909,15,12,64,ptr,getelementptr
910,15,13,64,ptr,getelementptr
911,15,14,64,ptr,getelementptr
912,15,15,64,ptr,getelementptr
913,15,16,64,ptr,getelementptr
914,15,17,64,ptr,getelementptr
915,15,18,64,ptr,getelementptr
916,15,19,64,ptr,getelementptr
917,15,20,64,ptr,getelementptr
918,15,21,64,ptr,getelementptr
919,15,22,64,ptr,getelementptr
920,15,23,64,ptr,getelementptr
921,15,24,64,ptr,getelementptr
922,15,25,64,ptr,getelementptr
923,15,26,64,ptr,getelementptr
924,15,27,64,ptr,getelementptr
925,15,28,64,ptr,getelementptr
926,15,29,64,ptr,getelementptr
927,15,30,64,ptr,getelementptr
928,15,31,64,ptr,getelementptr
929,15,32,64,ptr,getelementptr
930,15,33,64,ptr,getelementptr
931,15,34,64,ptr,getelementptr
932,15,35,64,ptr,getelementptr
933,15,36,64,ptr,getelementptr
934,15,37,64,ptr,getelementptr
935,15,38,64,ptr,getelementptr
936,15,39,64,ptr,getelementptr
937,15,40,64,ptr,getelementptr
938,15,41,64,ptr,getelementptr
939,15,42,64,ptr,getelementptr
940,15,43,64,ptr,getelementptr
941,15,44,64,ptr,getelementptr
942,15,45,64,ptr,getelementptr
943,15,46,64,ptr,getelementptr
944,15,47,64,ptr,getelementptr
945,15,48,64,ptr,getelementptr
946,15,49,64,ptr,getelementptr
947,15,50,64,ptr,getelementptr
948,15,51,64,ptr,getelementptr
949,15,52,64,ptr,getelementptr
950,15,53,64,ptr,getelementptr
951,15,54,64,ptr,getelementptr
952,15,55,64,ptr,getelementptr
953,15,56,64,ptr,getelementptr
954,15,57,64,ptr,getelementptr
955,15,58,64,ptr,getelementptr
956,15,59,64,ptr,getelementptr
957,15,60,64,ptr,getelementptr
958,15,61,64,ptr,getelementptr
959,15,62,64,ptr,getelementptr
960,15,63,64,ptr,getelementptr
961,16,0,64,ptr,store
962,16,1,64,ptr,store
963,16,2,64,ptr,store
964,16,3,64,ptr,store
965,16,4,64,ptr,store
966,16,5,64,ptr,store
967,16,6,64,ptr,store
968,16,7,64,ptr,store
969,16,8,64,ptr,store
970,16,9,64,ptr,store
971,16,10,64,ptr,store
972,16,11,64,ptr,store
973,16,12,64,ptr,store
974,16,13,64,ptr,store
975,16,14,64,ptr,store
976,16,15,64,ptr,store
977,16,16,64,ptr,store
978,16,17,64,ptr,store
979,16,18,64,ptr,store
980,16,19,64,ptr,store
981,16,20,64,ptr,store
982,16,21,64,ptr,store
983,16,22,64,ptr,store
984,16,23,64,ptr,store
985,16,24,64,ptr,store
986,16,25,64,ptr,store
987,16,26,64,ptr,store
988,16,27,64,ptr,store
989,16,28,64,ptr,store
990,16,29,64,ptr,store
991,16,30,64,ptr,store
992,16,31,64,ptr,store
993,16,32,64,ptr,store
994,16,33,64,ptr,store
995,16,34,64,ptr,store
996,16,35,64,ptr,store
997,16,36,64,ptr,store
998,16,37,64,ptr,store
999,16,38,64,ptr,store
1000,16,39,64,ptr,store
1001,16,40,64,ptr,store
1002,16,41,64,ptr,store
1003,16,42,64,ptr,store
1004,16,43,64,ptr,store
1005,16,44,64,ptr,store
1006,16,45,64,ptr,store
1007,16,46,64,ptr,store
1008,16,47,64,ptr,store
1009,16,48,64,ptr,store
1010,16,49,64,ptr,store
1011,16,50,64,ptr,store
1012,16,51,64,ptr,store
1013,16,52,64,ptr,store
1014,16,53,64,ptr,store
1015,16,54,64,ptr,store
1016,16,55,64,ptr,store
1017,16,56,64,ptr,store
1018,16,57,64,ptr,store
1019,16,58,64,ptr,store
1020,16,59,64,ptr,store
1021,16,60,64,ptr,store
1022,16,61,64,ptr,store
1023,16,62,64,ptr,store
1024,16,63,64,ptr,store
1473,24,0,64,ptr,store
1474,24,1,64,ptr,store
1475,24,2,64,ptr,store
1476,24,3,64,ptr,store
1477,24,4,64,ptr,store
1478,24,5,64,ptr,store
1479,24,6,64,ptr,store
1480,24,7,64,ptr,store
1481,24,8,64,ptr,store
1482,24,9,64,ptr,store
1483,24,10,64,ptr,store
1484,24,11,64,ptr,store
1485,24,12,64,ptr,store
1486,24,13,64,ptr,store
1487,24,14,64,ptr,store
1488,24,15,64,ptr,store
1489,24,16,64,ptr,store
1490,24,17,64,ptr,store
1491,24,18,64,ptr,store
1492,24,19,64,ptr,store
1493,24,20,64,ptr,store
1494,24,21,64,ptr,store
1495,24,22,64,ptr,store
1496,24,23,64,ptr,store
1497,24,24,64,ptr,store
1498,24,25,64,ptr,store
1499,24,26,64,ptr,store
1500,24,27,64,ptr,store
1501,24,28,64,ptr,store
1502,24,29,64,ptr,store
1503,24,30,64,ptr,store
1504,24,31,64,ptr,store
1505,24,32,64,ptr,store
1506,24,33,64,ptr,store
1507,24,34,64,ptr,store
1508,24,35,64,ptr,store
1509,24,36,64,ptr,store
1510,24,37,64,ptr,store
1511,24,38,64,ptr,store
1512,24,39,64,ptr,store
1513,24,40,64,ptr,store
1514,24,41,64,ptr,store
1515,24,42,64,ptr,store
1516,24,43,64,ptr,store
1517,24,44,64,ptr,store
1518,24,45,64,ptr,store
1519,24,46,64,ptr,store
1520,24,47,64,ptr,store
1521,24,48,64,ptr,store
1522,24,49,64,ptr,store
1523,24,50,64,ptr,store
1524,24,51,64,ptr,store
1525,24,52,64,ptr,store
1526,24,53,64,ptr,store
1527,24,54,64,ptr,store
1528,24,55,64,ptr,store
1529,24,56,64,ptr,store
1530,24,57,64,ptr,store
1531,24,58,64,ptr,store
1532,24,59,64,ptr,store
1533,24,60,64,ptr,store
1534,24,61,64,ptr,store
1535,24,62,64,ptr,store
1536,24,63,64,ptr,store
1537,25,0,64,ptr,store
1538,25,1,64,ptr,store
1539,25,2,64,ptr,store
1540,25,3,64,ptr,store
1541,25,4,64,ptr,store
1542,25,5,64,ptr,store
1543,25,6,64,ptr,store
1544,25,7,64,ptr,store
1545,25,8,64,ptr,store
1546,25,9,64,ptr,store
1547,25,10,64,ptr,store
1548,25,11,64,ptr,store
1549,25,12,64,ptr,store
1550,25,13,64,ptr,store
1551,25,14,64,ptr,store
1552,25,15,64,ptr,store
1553,25,16,64,ptr,store
1554,25,17,64,ptr,store
1555,25,18,64,ptr,store
1556,25,19,64,ptr,store
1557,25,20,64,ptr,store
1558,25,21,64,ptr,store
1559,25,22,64,ptr,store
1560,25,23,64,ptr,store
1561,25,24,64,ptr,store
1562,25,25,64,ptr,store
1563,25,26,64,ptr,store
1564,25,27,64,ptr,store
1565,25,28,64,ptr,store
1566,25,29,64,ptr,store
1567,25,30,64,ptr,store
1568,25,31,64,ptr,store
1569,25,32,64,ptr,store
1570,25,33,64,ptr,store
1571,25,34,64,ptr,store
1572,25,35,64,ptr,store
1573,25,36,64,ptr,store
1574,25,37,64,ptr,store
1575,25,38,64,ptr,store
1576,25,39,64,ptr,store
1577,25,40,64,ptr,store
1578,25,41,64,ptr,store
1579,25,42,64,ptr,store
1580,25,43,64,ptr,store
1581,25,44,64,ptr,store
1582,25,45,64,ptr,store
1583,25,46,64,ptr,store
1584,25,47,64,ptr,store
1585,25,48,64,ptr,store
1586,25,49,64,ptr,store
1587,25,50,64,ptr,store
1588,25,51,64,ptr,store
1589,25,52,64,ptr,store
1590,25,53,64,ptr,store
1591,25,54,64,ptr,store
1592,25,55,64,ptr,store
1593,25,56,64,ptr,store
1594,25,57,64,ptr,store
1595,25,58,64,ptr,store
1596,25,59,64,ptr,store
1597,25,60,64,ptr,store
1598,25,61,64,ptr,store
1599,25,62,64,ptr,store
1600,25,63,64,ptr,store
1665,27,0,64,ptr,load
1666,27,1,64,ptr,load
1667,27,2,64,ptr,load
1668,27,3,64,ptr,load
1669,27,4,64,ptr,load
1670,27,5,64,ptr,load
1671,27,6,64,ptr,load
1672,27,7,64,ptr,load
1673,27,8,64,ptr,load
1674,27,9,64,ptr,load
1675,27,10,64,ptr,load
1676,27,11,64,ptr,load
1677,27,12,64,ptr,load
1678,27,13,64,ptr,load
1679,27,14,64,ptr,load
1680,27,15,64,ptr,load
1681,27,16,64,ptr,load
1682,27,17,64,ptr,load
1683,27,18,64,ptr,load
1684,27,19,64,ptr,load
1685,27,20,64,ptr,load
1686,27,21,64,ptr,load
1687,27,22,64,ptr,load
1688,27,23,64,ptr,load
1689,27,24,64,ptr,load
1690,27,25,64,ptr,load
1691,27,26,64,ptr,load
1692,27,27,64,ptr,load
1693,27,28,64,ptr,load
1694,27,29,64,ptr,load
1695,27,30,64,ptr,load
1696,27,31,64,ptr,load
1697,27,32,64,ptr,load
1698,27,33,64,ptr,load
1699,27,34,64,ptr,load
1700,27,35,64,ptr,load
1701,27,36,64,ptr,load
1702,27,37,64,ptr,load
1703,27,38,64,ptr,load
1704,27,39,64,ptr,load
1705,27,40,64,ptr,load
1706,27,41,64,ptr,load
1707,27,42,64,ptr,load
1708,27,43,64,ptr,load
1709,27,44,64,ptr,load
1710,27,45,64,ptr,load
1711,27,46,64,ptr,load
1712,27,47,64,ptr,load
1713,27,48,64,ptr,load
1714,27,49,64,ptr,load
1715,27,50,64,ptr,load
1716,27,51,64,ptr,load
1717,27,52,64,ptr,load
1718,27,53,64,ptr,load
1719,27,54,64,ptr,load
1720,27,55,64,ptr,load
1721,27,56,64,ptr,load
1722,27,57,64,ptr,load
1723,27,58,64,ptr,load
1724,27,59,64,ptr,load
1725,27,60,64,ptr,load
1726,27,61,64,ptr,load
1727,27,62,64,ptr,load
1728,27,63,64,ptr,load
1729,28,0,64,ptr,load
1730,28,1,64,ptr,load
1731,28,2,64,ptr,load
1732,28,3,64,ptr,load
1733,28,4,64,ptr,load
1734,28,5,64,ptr,load
1735,28,6,64,ptr,load
1736,28,7,64,ptr,load
1737,28,8,64,ptr,load
1738,28,9,64,ptr,load
1739,28,10,64,ptr,load
1740,28,11,64,ptr,load
1741,28,12,64,ptr,load
1742,28,13,64,ptr,load
1743,28,14,64,ptr,load
1744,28,15,64,ptr,load
1745,28,16,64,ptr,load
1746,28,17,64,ptr,load
1747,28,18,64,ptr,load
1748,28,19,64,ptr,load
1749,28,20,64,ptr,load
1750,28,21,64,ptr,load
1751,28,22,64,ptr,load
1752,28,23,64,ptr,load
1753,28,24,64,ptr,load
1754,28,25,64,ptr,load
1755,28,26,64,ptr,load
1756,28,27,64,ptr,load
1757,28,28,64,ptr,load
1758,28,29,64,ptr,load
1759,28,30,64,ptr,load
1760,28,31,64,ptr,load
1761,28,32,64,ptr,load
1762,28,33,64,ptr,load
1763,28,34,64,ptr,load
1764,28,35,64,ptr,load
1765,28,36,64,ptr,load
1766,28,37,64,ptr,load
1767,28,38,64,ptr,load
1768,28,39,64,ptr,load
1769,28,40,64,ptr,load
1770,28,41,64,ptr,load
1771,28,42,64,ptr,load
1772,28,43,64,ptr,load
1773,28,44,64,ptr,load
1774,28,45,64,ptr,load
1775,28,46,64,ptr,load
1776,28,47,64,ptr,load
1777,28,48,64,ptr,load
1778,28,49,64,ptr,load
1779,28,50,64,ptr,load
1780,28,51,64,ptr,load
1781,28,52,64,ptr,load
1782,28,53,64,ptr,load
1783,28,54,64,ptr,load
1784,28,55,64,ptr,load
1785,28,56,64,ptr,load
1786,28,57,64,ptr,load
1787,28,58,64,ptr,load
1788,28,59,64,ptr,load
1789,28,60,64,ptr,load
1790,28,61,64,ptr,load
1791,28,62,64,ptr,load
1792,28,63,64,ptr,load
1793,29,0,64,ptr,load
1794,29,1,64,ptr,load
1795,29,2,64,ptr,load
1796,29,3,64,ptr,load
1797,29,4,64,ptr,load
1798,29,5,64,ptr,load
1799,29,6,64,ptr,load
1800,29,7,64,ptr,load
1801,29,8,64,ptr,load
1802,29,9,64,ptr,load
1803,29,10,64,ptr,load
1804,29,11,64,ptr,load
1805,29,12,64,ptr,load
1806,29,13,64,ptr,load
1807,29,14,64,ptr,load
1808,29,15,64,ptr,load
1809,29,16,64,ptr,load
1810,29,17,64,ptr,load
1811,29,18,64,ptr,load
1812,29,19,64,ptr,load
1813,29,20,64,ptr,load
1814,29,21,64,ptr,load
1815,29,22,64,ptr,load
1816,29,23,64,ptr,load
1817,29,24,64,ptr,load
1818,29,25,64,ptr,load
1819,29,26,64,ptr,load
1820,29,27,64,ptr,load
1821,29,28,64,ptr,load
1822,29,29,64,ptr,load
1823,29,30,64,ptr,load
1824,29,31,64,ptr,load
1825,29,32,64,ptr,load
1826,29,33,64,ptr,load
1827,29,34,64,ptr,load
1828,29,35,64,ptr,load
1829,29,36,64,ptr,load
1830,29,37,64,ptr,load
1831,29,38,64,ptr,load
1832,29,39,64,ptr,load
1833,29,40,64,ptr,load
1834,29,41,64,ptr,load
1835,29,42,64,ptr,load
1836,29,43,64,ptr,load
1837,29,44,64,ptr,load
1838,29,45,64,ptr,load
1839,29,46,64,ptr,load
1840,29,47,64,ptr,load
1841,29,48,64,ptr,load
1842,29,49,64,ptr,load
1843,29,50,64,ptr,load
1844,29,51,64,ptr,load
1845,29,52,64,ptr,load
1846,29,53,64,ptr,load
1847,29,54,64,ptr,load
1848,29,55,64,ptr,load
1849,29,56,64,ptr,load
1850,29,57,64,ptr,load
1851,29,58,64,ptr,load
1852,29,59,64,ptr,load
1853,29,60,64,ptr,load
1854,29,61,64,ptr,load
1855,29,62,64,ptr,load
1856,29,63,64,ptr,load
2241,36,0,64,ptr,load
2242,36,1,64,ptr,load
2243,36,2,64,ptr,load
2244,36,3,64,ptr,load
2245,36,4,64,ptr,load
2246,36,5,64,ptr,load
2247,36,6,64,ptr,load
2248,36,7,64,ptr,load
2249,36,8,64,ptr,load
2250,36,9,64,ptr,load
2251,36,10,64,ptr,load
2252,36,11,64,ptr,load
2253,36,12,64,ptr,load
2254,36,13,64,ptr,load
2255,36,14,64,ptr,load
2256,36,15,64,ptr,load
2257,36,16,64,ptr,load
2258,36,17,64,ptr,load
2259,36,18,64,ptr,load
2260,36,19,64,ptr,load
2261,36,20,64,ptr,load
2262,36,21,64,ptr,load
2263,36,22,64,ptr,load
2264,36,23,64,ptr,load
2265,36,24,64,ptr,load
2266,36,25,64,ptr,load
2267,36,26,64,ptr,load
2268,36,27,64,ptr,load
2269,36,28,64,ptr,load
2270,36,29,64,ptr,load
2271,36,30,64,ptr,load
2272,36,31,64,ptr,load
2273,36,32,64,ptr,load
2274,36,33,64,ptr,load
2275,36,34,64,ptr,load
2276,36,35,64,ptr,load
2277,36,36,64,ptr,load
2278,36,37,64,ptr,load
2279,36,38,64,ptr,load
2280,36,39,64,ptr,load
2281,36,40,64,ptr,load
2282,36,41,64,ptr,load
2283,36,42,64,ptr,load
2284,36,43,64,ptr,load
2285,36,44,64,ptr,load
2286,36,45,64,ptr,load
2287,36,46,64,ptr,load
2288,36,47,64,ptr,load
2289,36,48,64,ptr,load
2290,36,49,64,ptr,load
2291,36,50,64,ptr,load
2292,36,51,64,ptr,load
2293,36,52,64,ptr,load
2294,36,53,64,ptr,load
2295,36,54,64,ptr,load
2296,36,55,64,ptr,load
2297,36,56,64,ptr,load
2298,36,57,64,ptr,load
2299,36,58,64,ptr,load
2300,36,59,64,ptr,load
2301,36,60,64,ptr,load
2302,36,61,64,ptr,load
2303,36,62,64,ptr,load
2304,36,63,64,ptr,load
2305,37,0,64,ptr,load
2306,37,1,64,ptr,load
2307,37,2,64,ptr,load
2308,37,3,64,ptr,load
2309,37,4,64,ptr,load
2310,37,5,64,ptr,load
2311,37,6,64,ptr,load
2312,37,7,64,ptr,load
2313,37,8,64,ptr,load
2314,37,9,64,ptr,load
2315,37,10,64,ptr,load
2316,37,11,64,ptr,load
2317,37,12,64,ptr,load
2318,37,13,64,ptr,load
2319,37,14,64,ptr,load
2320,37,15,64,ptr,load
2321,37,16,64,ptr,load
2322,37,17,64,ptr,load
2323,37,18,64,ptr,load
2324,37,19,64,ptr,load
2325,37,20,64,ptr,load
2326,37,21,64,ptr,load
2327,37,22,64,ptr,load
2328,37,23,64,ptr,load
2329,37,24,64,ptr,load
2330,37,25,64,ptr,load
2331,37,26,64,ptr,load
2332,37,27,64,ptr,load
2333,37,28,64,ptr,load
2334,37,29,64,ptr,load
2335,37,30,64,ptr,load
2336,37,31,64,ptr,load
2337,37,32,64,ptr,load
2338,37,33,64,ptr,load
2339,37,34,64,ptr,load
2340,37,35,64,ptr,load
2341,37,36,64,ptr,load
2342,37,37,64,ptr,load
2343,37,38,64,ptr,load
2344,37,39,64,ptr,load
2345,37,40,64,ptr,load
2346,37,41,64,ptr,load
2347,37,42,64,ptr,load
2348,37,43,64,ptr,load
2349,37,44,64,ptr,load
2350,37,45,64,ptr,load
2351,37,46,64,ptr,load
2352,37,47,64,ptr,load
2353,37,48,64,ptr,load
2354,37,49,64,ptr,load
2355,37,50,64,ptr,load
2356,37,51,64,ptr,load
2357,37,52,64,ptr,load
2358,37,53,64,ptr,load
2359,37,54,64,ptr,load
2360,37,55,64,ptr,load
2361,37,56,64,ptr,load
2362,37,57,64,ptr,load
2363,37,58,64,ptr,load
2364,37,59,64,ptr,load
2365,37,60,64,ptr,load
2366,37,61,64,ptr,load
2367,37,62,64,ptr,load
2368,37,63,64,ptr,load
2369,38,0,64,ptr,load
2370,38,1,64,ptr,load
2371,38,2,64,ptr,load
2372,38,3,64,ptr,load
2373,38,4,64,ptr,load
2374,38,5,64,ptr,load
2375,38,6,64,ptr,load
2376,38,7,64,ptr,load
2377,38,8,64,ptr,load
2378,38,9,64,ptr,load
2379,38,10,64,ptr,load
2380,38,11,64,ptr,load
2381,38,12,64,ptr,load
2382,38,13,64,ptr,load
2383,38,14,64,ptr,load
2384,38,15,64,ptr,load
2385,38,16,64,ptr,load
2386,38,17,64,ptr,load
2387,38,18,64,ptr,load
2388,38,19,64,ptr,load
2389,38,20,64,ptr,load
2390,38,21,64,ptr,load
2391,38,22,64,ptr,load
2392,38,23,64,ptr,load
2393,38,24,64,ptr,load
2394,38,25,64,ptr,load
2395,38,26,64,ptr,load
2396,38,27,64,ptr,load
2397,38,28,64,ptr,load
2398,38,29,64,ptr,load
2399,38,30,64,ptr,load
2400,38,31,64,ptr,load
2401,38,32,64,ptr,load
2402,38,33,64,ptr,load
2403,38,34,64,ptr,load
2404,38,35,64,ptr,load
2405,38,36,64,ptr,load
2406,38,37,64,ptr,load
2407,38,38,64,ptr,load
2408,38,39,64,ptr,load
2409,38,40,64,ptr,load
2410,38,41,64,ptr,load
2411,38,42,64,ptr,load
2412,38,43,64,ptr,load
2413,38,44,64,ptr,load
2414,38,45,64,ptr,load
2415,38,46,64,ptr,load
2416,38,47,64,ptr,load
2417,38,48,64,ptr,load
2418,38,49,64,ptr,load
2419,38,50,64,ptr,load
2420,38,51,64,ptr,load
2421,38,52,64,ptr,load
2422,38,53,64,ptr,load
2423,38,54,64,ptr,load
2424,38,55,64,ptr,load
2425,38,56,64,ptr,load
2426,38,57,64,ptr,load
2427,38,58,64,ptr,load
2428,38,59,64,ptr,load
2429,38,60,64,ptr,load
2430,38,61,64,ptr,load
2431,38,62,64,ptr,load
2432,38,63,64,ptr,load
2561,41,0,64,ptr,load
2562,41,1,64,ptr,load
2563,41,2,64,ptr,load
2564,41,3,64,ptr,load
2565,41,4,64,ptr,load
2566,41,5,64,ptr,load
2567,41,6,64,ptr,load
2568,41,7,64,ptr,load
2569,41,8,64,ptr,load
2570,41,9,64,ptr,load
2571,41,10,64,ptr,load
2572,41,11,64,ptr,load
2573,41,12,64,ptr,load
2574,41,13,64,ptr,load
2575,41,14,64,ptr,load
2576,41,15,64,ptr,load
2577,41,16,64,ptr,load
2578,41,17,64,ptr,load
2579,41,18,64,ptr,load
2580,41,19,64,ptr,load
2581,41,20,64,ptr,load
2582,41,21,64,ptr,load
2583,41,22,64,ptr,load
2584,41,23,64,ptr,load
2585,41,24,64,ptr,load
2586,41,25,64,ptr,load
2587,41,26,64,ptr,load
2588,41,27,64,ptr,load
2589,41,28,64,ptr,load
2590,41,29,64,ptr,load
2591,41,30,64,ptr,load
2592,41,31,64,ptr,load
2593,41,32,64,ptr,load
2594,41,33,64,ptr,load
2595,41,34,64,ptr,load
2596,41,35,64,ptr,load
2597,41,36,64,ptr,load
2598,41,37,64,ptr,load
2599,41,38,64,ptr,load
2600,41,39,64,ptr,load
2601,41,40,64,ptr,load
2602,41,41,64,ptr,load
2603,41,42,64,ptr,load
2604,41,43,64,ptr,load
2605,41,44,64,ptr,load
2606,41,45,64,ptr,load
2607,41,46,64,ptr,load
2608,41,47,64,ptr,load
2609,41,48,64,ptr,load
2610,41,49,64,ptr,load
2611,41,50,64,ptr,load
2612,41,51,64,ptr,load
2613,41,52,64,ptr,load
2614,41,53,64,ptr,load
2615,41,54,64,ptr,load
2616,41,55,64,ptr,load
2617,41,56,64,ptr,load
2618,41,57,64,ptr,load
2619,41,58,64,ptr,load
2620,41,59,64,ptr,load
2621,41,60,64,ptr,load
2622,41,61,64,ptr,load
2623,41,62,64,ptr,load
2624,41,63,64,ptr,load
2689,43,0,64,ptr,load
2690,43,1,64,ptr,load
2691,43,2,64,ptr,load
2692,43,3,64,ptr,load
2693,43,4,64,ptr,load
2694,43,5,64,ptr,load
2695,43,6,64,ptr,load
2696,43,7,64,ptr,load
2697,43,8,64,ptr,load
2698,43,9,64,ptr,load
2699,43,10,64,ptr,load
2700,43,11,64,ptr,load
2701,43,12,64,ptr,load
2702,43,13,64,ptr,load
2703,43,14,64,ptr,load
2704,43,15,64,ptr,load
2705,43,16,64,ptr,load
2706,43,17,64,ptr,load
2707,43,18,64,ptr,load
2708,43,19,64,ptr,load
2709,43,20,64,ptr,load
2710,43,21,64,ptr,load
2711,43,22,64,ptr,load
2712,43,23,64,ptr,load
2713,43,24,64,ptr,load
2714,43,25,64,ptr,load
2715,43,26,64,ptr,load
2716,43,27,64,ptr,load
2717,43,28,64,ptr,load
2718,43,29,64,ptr,load
2719,43,30,64,ptr,load
2720,43,31,64,ptr,load
2721,43,32,64,ptr,load
2722,43,33,64,ptr,load
2723,43,34,64,ptr,load
2724,43,35,64,ptr,load
2725,43,36,64,ptr,load
2726,43,37,64,ptr,load
2727,43,38,64,ptr,load
2728,43,39,64,ptr,load
2729,43,40,64,ptr,load
2730,43,41,64,ptr,load
2731,43,42,64,ptr,load
2732,43,43,64,ptr,load
2733,43,44,64,ptr,load
2734,43,45,64,ptr,load
2735,43,46,64,ptr,load
2736,43,47,64,ptr,load
2737,43,48,64,ptr,load
2738,43,49,64,ptr,load
2739,43,50,64,ptr,load
2740,43,51,64,ptr,load
2741,43,52,64,ptr,load
2742,43,53,64,ptr,load
2743,43,54,64,ptr,load
2744,43,55,64,ptr,load
2745,43,56,64,ptr,load
2746,43,57,64,ptr,load
2747,43,58,64,ptr,load
2748,43,59,64,ptr,load
2749,43,60,64,ptr,load
2750,43,61,64,ptr,load
2751,43,62,64,ptr,load
2752,43,63,64,ptr,load
2753,44,0,64,ptr,store
2754,44,1,64,ptr,store
2755,44,2,64,ptr,store
2756,44,3,64,ptr,store
2757,44,4,64,ptr,store
2758,44,5,64,ptr,store
2759,44,6,64,ptr,store
2760,44,7,64,ptr,store
2761,44,8,64,ptr,store
2762,44,9,64,ptr,store
2763,44,10,64,ptr,store
2764,44,11,64,ptr,store
2765,44,12,64,ptr,store
2766,44,13,64,ptr,store
2767,44,14,64,ptr,store
2768,44,15,64,ptr,store
2769,44,16,64,ptr,store
2770,44,17,64,ptr,store
2771,44,18,64,ptr,store
2772,44,19,64,ptr,store
2773,44,20,64,ptr,store
2774,44,21,64,ptr,store
2775,44,22,64,ptr,store
2776,44,23,64,ptr,store
2777,44,24,64,ptr,store
2778,44,25,64,ptr,store
2779,44,26,64,ptr,store
2780,44,27,64,ptr,store
2781,44,28,64,ptr,store
2782,44,29,64,ptr,store
2783,44,30,64,ptr,store
2784,44,31,64,ptr,store
2785,44,32,64,ptr,store
2786,44,33,64,ptr,store
2787,44,34,64,ptr,store
2788,44,35,64,ptr,store
2789,44,36,64,ptr,store
2790,44,37,64,ptr,store
2791,44,38,64,ptr,store
2792,44,39,64,ptr,store
2793,44,40,64,ptr,store
2794,44,41,64,ptr,store
2795,44,42,64,ptr,store
2796,44,43,64,ptr,store
2797,44,44,64,ptr,store
2798,44,45,64,ptr,store
2799,44,46,64,ptr,store
2800,44,47,64,ptr,store
2801,44,48,64,ptr,store
2802,44,49,64,ptr,store
2803,44,50,64,ptr,store
2804,44,51,64,ptr,store
2805,44,52,64,ptr,store
2806,44,53,64,ptr,store
2807,44,54,64,ptr,store
2808,44,55,64,ptr,store
2809,44,56,64,ptr,store
2810,44,57,64,ptr,store
2811,44,58,64,ptr,store
2812,44,59,64,ptr,store
2813,44,60,64,ptr,store
2814,44,61,64,ptr,store
2815,44,62,64,ptr,store
2816,44,63,64,ptr,store
2817,45,0,64,ptr,load
2818,45,1,64,ptr,load
2819,45,2,64,ptr,load
2820,45,3,64,ptr,load
2821,45,4,64,ptr,load
2822,45,5,64,ptr,load
2823,45,6,64,ptr,load
2824,45,7,64,ptr,load
2825,45,8,64,ptr,load
2826,45,9,64,ptr,load
2827,45,10,64,ptr,load
2828,45,11,64,ptr,load
2829,45,12,64,ptr,load
2830,45,13,64,ptr,load
2831,45,14,64,ptr,load
2832,45,15,64,ptr,load
2833,45,16,64,ptr,load
2834,45,17,64,ptr,load
2835,45,18,64,ptr,load
2836,45,19,64,ptr,load
2837,45,20,64,ptr,load
2838,45,21,64,ptr,load
2839,45,22,64,ptr,load
2840,45,23,64,ptr,load
2841,45,24,64,ptr,load
2842,45,25,64,ptr,load
2843,45,26,64,ptr,load
2844,45,27,64,ptr,load
2845,45,28,64,ptr,load
2846,45,29,64,ptr,load
2847,45,30,64,ptr,load
2848,45,31,64,ptr,load
2849,45,32,64,ptr,load
2850,45,33,64,ptr,load
2851,45,34,64,ptr,load
2852,45,35,64,ptr,load
2853,45,36,64,ptr,load
2854,45,37,64,ptr,load
2855,45,38,64,ptr,load
2856,45,39,64,ptr,load
2857,45,40,64,ptr,load
2858,45,41,64,ptr,load
2859,45,42,64,ptr,load
2860,45,43,64,ptr,load
2861,45,44,64,ptr,load
2862,45,45,64,ptr,load
2863,45,46,64,ptr,load
2864,45,47,64,ptr,load
2865,45,48,64,ptr,load
2866,45,49,64,ptr,load
2867,45,50,64,ptr,load
2868,45,51,64,ptr,load
2869,45,52,64,ptr,load
2870,45,53,64,ptr,load
2871,45,54,64,ptr,load
2872,45,55,64,ptr,load
2873,45,56,64,ptr,load
2874,45,57,64,ptr,load
2875,45,58,64,ptr,load
2876,45,59,64,ptr,load
2877,45,60,64,ptr,load
2878,45,61,64,ptr,load
2879,45,62,64,ptr,load
2880,45,63,64,ptr,load
2881,46,0,64,ptr,store
2882,46,1,64,ptr,store
2883,46,2,64,ptr,store
2884,46,3,64,ptr,store
2885,46,4,64,ptr,store
2886,46,5,64,ptr,store
2887,46,6,64,ptr,store
2888,46,7,64,ptr,store
2889,46,8,64,ptr,store
2890,46,9,64,ptr,store
2891,46,10,64,ptr,store
2892,46,11,64,ptr,store
2893,46,12,64,ptr,store
2894,46,13,64,ptr,store
2895,46,14,64,ptr,store
2896,46,15,64,ptr,store
2897,46,16,64,ptr,store
2898,46,17,64,ptr,store
2899,46,18,64,ptr,store
2900,46,19,64,ptr,store
2901,46,20,64,ptr,store
2902,46,21,64,ptr,store
2903,46,22,64,ptr,store
2904,46,23,64,ptr,store
2905,46,24,64,ptr,store
2906,46,25,64,ptr,store
2907,46,26,64,ptr,store
2908,46,27,64,ptr,store
2909,46,28,64,ptr,store
2910,46,29,64,ptr,store
2911,46,30,64,ptr,store
2912,46,31,64,ptr,store
2913,46,32,64,ptr,store
2914,46,33,64,ptr,store
2915,46,34,64,ptr,store
2916,46,35,64,ptr,store
2917,46,36,64,ptr,store
2918,46,37,64,ptr,store
2919,46,38,64,ptr,store
2920,46,39,64,ptr,store
2921,46,40,64,ptr,store
2922,46,41,64,ptr,store
2923,46,42,64,ptr,store
2924,46,43,64,ptr,store
2925,46,44,64,ptr,store
2926,46,45,64,ptr,store
2927,46,46,64,ptr,store
2928,46,47,64,ptr,store
2929,46,48,64,ptr,store
2930,46,49,64,ptr,store
2931,46,50,64,ptr,store
2932,46,51,64,ptr,store
2933,46,52,64,ptr,store
2934,46,53,64,ptr,store
2935,46,54,64,ptr,store
2936,46,55,64,ptr,store
2937,46,56,64,ptr,store
2938,46,57,64,ptr,store
2939,46,58,64,ptr,store
2940,46,59,64,ptr,store
2941,46,60,64,ptr,store
2942,46,61,64,ptr,store
2943,46,62,64,ptr,store
2944,46,63,64,ptr,store
2945,47,0,64,ptr,load
2946,47,1,64,ptr,load
2947,47,2,64,ptr,load
2948,47,3,64,ptr,load
2949,47,4,64,ptr,load
2950,47,5,64,ptr,load
2951,47,6,64,ptr,load
2952,47,7,64,ptr,load
2953,47,8,64,ptr,load
2954,47,9,64,ptr,load
2955,47,10,64,ptr,load
2956,47,11,64,ptr,load
2957,47,12,64,ptr,load
2958,47,13,64,ptr,load
2959,47,14,64,ptr,load
2960,47,15,64,ptr,load
2961,47,16,64,ptr,load
2962,47,17,64,ptr,load
2963,47,18,64,ptr,load
2964,47,19,64,ptr,load
2965,47,20,64,ptr,load
2966,47,21,64,ptr,load
2967,47,22,64,ptr,load
2968,47,23,64,ptr,load
2969,47,24,64,ptr,load
2970,47,25,64,ptr,load
2971,47,26,64,ptr,load
2972,47,27,64,ptr,load
2973,47,28,64,ptr,load
2974,47,29,64,ptr,load
2975,47,30,64,ptr,load
2976,47,31,64,ptr,load
2977,47,32,64,ptr,load
2978,47,33,64,ptr,load
2979,47,34,64,ptr,load
2980,47,35,64,ptr,load
2981,47,36,64,ptr,load
2982,47,37,64,ptr,load
2983,47,38,64,ptr,load
2984,47,39,64,ptr,load
2985,47,40,64,ptr,load
2986,47,41,64,ptr,load
2987,47,42,64,ptr,load
2988,47,43,64,ptr,load
2989,47,44,64,ptr,load
2990,47,45,64,ptr,load
2991,47,46,64,ptr,load
2992,47,47,64,ptr,load
2993,47,48,64,ptr,load
2994,47,49,64,ptr,load
2995,47,50,64,ptr,load
2996,47,51,64,ptr,load
2997,47,52,64,ptr,load
2998,47,53,64,ptr,load
2999,47,54,64,ptr,load
3000,47,55,64,ptr,load
3001,47,56,64,ptr,load
3002,47,57,64,ptr,load
3003,47,58,64,ptr,load
3004,47,59,64,ptr,load
3005,47,60,64,ptr,load
3006,47,61,64,ptr,load
3007,47,62,64,ptr,load
3008,47,63,64,ptr,load
3009,48,0,64,ptr,store
3010,48,1,64,ptr,store
3011,48,2,64,ptr,store
3012,48,3,64,ptr,store
3013,48,4,64,ptr,store
3014,48,5,64,ptr,store
3015,48,6,64,ptr,store
3016,48,7,64,ptr,store
3017,48,8,64,ptr,store
3018,48,9,64,ptr,store
3019,48,10,64,ptr,store
3020,48,11,64,ptr,store
3021,48,12,64,ptr,store
3022,48,13,64,ptr,store
3023,48,14,64,ptr,store
3024,48,15,64,ptr,store
3025,48,16,64,ptr,store
3026,48,17,64,ptr,store
3027,48,18,64,ptr,store
3028,48,19,64,ptr,store
3029,48,20,64,ptr,store
3030,48,21,64,ptr,store
3031,48,22,64,ptr,store
3032,48,23,64,ptr,store
3033,48,24,64,ptr,store
3034,48,25,64,ptr,store
3035,48,26,64,ptr,store
3036,48,27,64,ptr,store
3037,48,28,64,ptr,store
3038,48,29,64,ptr,store
3039,48,30,64,ptr,store
3040,48,31,64,ptr,store
3041,48,32,64,ptr,store
3042,48,33,64,ptr,store
3043,48,34,64,ptr,store
3044,48,35,64,ptr,store
3045,48,36,64,ptr,store
3046,48,37,64,ptr,store
3047,48,38,64,ptr,store
3048,48,39,64,ptr,store
3049,48,40,64,ptr,store
3050,48,41,64,ptr,store
3051,48,42,64,ptr,store
3052,48,43,64,ptr,store
3053,48,44,64,ptr,store
3054,48,45,64,ptr,store
3055,48,46,64,ptr,store
3056,48,47,64,ptr,store
3057,48,48,64,ptr,store
3058,48,49,64,ptr,store
3059,48,50,64,ptr,store
3060,48,51,64,ptr,store
3061,48,52,64,ptr,store
3062,48,53,64,ptr,store
3063,48,54,64,ptr,store
3064,48,55,64,ptr,store
3065,48,56,64,ptr,store
3066,48,57,64,ptr,store
3067,48,58,64,ptr,store
3068,48,59,64,ptr,store
3069,48,60,64,ptr,store
3070,48,61,64,ptr,store
3071,48,62,64,ptr,store
3072,48,63,64,ptr,store
3073,49,0,64,ptr,load
3074,49,1,64,ptr,load
3075,49,2,64,ptr,load
3076,49,3,64,ptr,load
3077,49,4,64,ptr,load
3078,49,5,64,ptr,load
3079,49,6,64,ptr,load
3080,49,7,64,ptr,load
3081,49,8,64,ptr,load
3082,49,9,64,ptr,load
3083,49,10,64,ptr,load
3084,49,11,64,ptr,load
3085,49,12,64,ptr,load
3086,49,13,64,ptr,load
3087,49,14,64,ptr,load
3088,49,15,64,ptr,load
3089,49,16,64,ptr,load
3090,49,17,64,ptr,load
3091,49,18,64,ptr,load
3092,49,19,64,ptr,load
3093,49,20,64,ptr,load
3094,49,21,64,ptr,load
3095,49,22,64,ptr,load
3096,49,23,64,ptr,load
3097,49,24,64,ptr,load
3098,49,25,64,ptr,load
3099,49,26,64,ptr,load
3100,49,27,64,ptr,load
3101,49,28,64,ptr,load
3102,49,29,64,ptr,load
3103,49,30,64,ptr,load
3104,49,31,64,ptr,load
3105,49,32,64,ptr,load
3106,49,33,64,ptr,load
3107,49,34,64,ptr,load
3108,49,35,64,ptr,load
3109,49,36,64,ptr,load
3110,49,37,64,ptr,load
3111,49,38,64,ptr,load
3112,49,39,64,ptr,load
3113,49,40,64,ptr,load
3114,49,41,64,ptr,load
3115,49,42,64,ptr,load
3116,49,43,64,ptr,load
3117,49,44,64,ptr,load
3118,49,45,64,ptr,load
3119,49,46,64,ptr,load
3120,49,47,64,ptr,load
3121,49,48,64,ptr,load
3122,49,49,64,ptr,load
3123,49,50,64,ptr,load
3124,49,51,64,ptr,load
3125,49,52,64,ptr,load
3126,49,53,64,ptr,load
3127,49,54,64,ptr,load
3128,49,55,64,ptr,load
3129,49,56,64,ptr,load
3130,49,57,64,ptr,load
3131,49,58,64,ptr,load
3132,49,59,64,ptr,load
3133,49,60,64,ptr,load
3134,49,61,64,ptr,load
3135,49,62,64,ptr,load
3136,49,63,64,ptr,load
3137,50,0,64,ptr,load
3138,50,1,64,ptr,load
3139,50,2,64,ptr,load
3140,50,3,64,ptr,load
3141,50,4,64,ptr,load
3142,50,5,64,ptr,load
3143,50,6,64,ptr,load
3144,50,7,64,ptr,load
3145,50,8,64,ptr,load
3146,50,9,64,ptr,load
3147,50,10,64,ptr,load
3148,50,11,64,ptr,load
3149,50,12,64,ptr,load
3150,50,13,64,ptr,load
3151,50,14,64,ptr,load
3152,50,15,64,ptr,load
3153,50,16,64,ptr,load
3154,50,17,64,ptr,load
3155,50,18,64,ptr,load
3156,50,19,64,ptr,load
3157,50,20,64,ptr,load
3158,50,21,64,ptr,load
3159,50,22,64,ptr,load
3160,50,23,64,ptr,load
3161,50,24,64,ptr,load
3162,50,25,64,ptr,load
3163,50,26,64,ptr,load
3164,50,27,64,ptr,load
3165,50,28,64,ptr,load
3166,50,29,64,ptr,load
3167,50,30,64,ptr,load
3168,50,31,64,ptr,load
3169,50,32,64,ptr,load
3170,50,33,64,ptr,load
3171,50,34,64,ptr,load
3172,50,35,64,ptr,load
3173,50,36,64,ptr,load
3174,50,37,64,ptr,load
3175,50,38,64,ptr,load
3176,50,39,64,ptr,load
3177,50,40,64,ptr,load
3178,50,41,64,ptr,load
3179,50,42,64,ptr,load
3180,50,43,64,ptr,load
3181,50,44,64,ptr,load
3182,50,45,64,ptr,load
3183,50,46,64,ptr,load
3184,50,47,64,ptr,load
3185,50,48,64,ptr,load
3186,50,49,64,ptr,load
3187,50,50,64,ptr,load
3188,50,51,64,ptr,load
3189,50,52,64,ptr,load
3190,50,53,64,ptr,load
3191,50,54,64,ptr,load
3192,50,55,64,ptr,load
3193,50,56,64,ptr,load
3194,50,57,64,ptr,load
3195,50,58,64,ptr,load
3196,50,59,64,ptr,load
3197,50,60,64,ptr,load
3198,50,61,64,ptr,load
3199,50,62,64,ptr,load
3200,50,63,64,ptr,load
3201,51,0,64,ptr,load
3202,51,1,64,ptr,load
3203,51,2,64,ptr,load
3204,51,3,64,ptr,load
3205,51,4,64,ptr,load
3206,51,5,64,ptr,load
3207,51,6,64,ptr,load
3208,51,7,64,ptr,load
3209,51,8,64,ptr,load
3210,51,9,64,ptr,load
3211,51,10,64,ptr,load
3212,51,11,64,ptr,load
3213,51,12,64,ptr,load
3214,51,13,64,ptr,load
3215,51,14,64,ptr,load
3216,51,15,64,ptr,load
3217,51,16,64,ptr,load
3218,51,17,64,ptr,load
3219,51,18,64,ptr,load
3220,51,19,64,ptr,load
3221,51,20,64,ptr,load
3222,51,21,64,ptr,load
3223,51,22,64,ptr,load
3224,51,23,64,ptr,load
3225,51,24,64,ptr,load
3226,51,25,64,ptr,load
3227,51,26,64,ptr,load
3228,51,27,64,ptr,load
3229,51,28,64,ptr,load
3230,51,29,64,ptr,load
3231,51,30,64,ptr,load
3232,51,31,64,ptr,load
3233,51,32,64,ptr,load
3234,51,33,64,ptr,load
3235,51,34,64,ptr,load
3236,51,35,64,ptr,load
3237,51,36,64,ptr,load
3238,51,37,64,ptr,load
3239,51,38,64,ptr,load
3240,51,39,64,ptr,load
3241,51,40,64,ptr,load
3242,51,41,64,ptr,load
3243,51,42,64,ptr,load
3244,51,43,64,ptr,load
3245,51,44,64,ptr,load
3246,51,45,64,ptr,load
3247,51,46,64,ptr,load
3248,51,47,64,ptr,load
3249,51,48,64,ptr,load
3250,51,49,64,ptr,load
3251,51,50,64,ptr,load
3252,51,51,64,ptr,load
3253,51,52,64,ptr,load
3254,51,53,64,ptr,load
3255,51,54,64,ptr,load
3256,51,55,64,ptr,load
3257,51,56,64,ptr,load
3258,51,57,64,ptr,load
3259,51,58,64,ptr,load
3260,51,59,64,ptr,load
3261,51,60,64,ptr,load
3262,51,61,64,ptr,load
3263,51,62,64,ptr,load
3264,51,63,64,ptr,load
3265,52,0,64,ptr,load
3266,52,1,64,ptr,load
3267,52,2,64,ptr,load
3268,52,3,64,ptr,load
3269,52,4,64,ptr,load
3270,52,5,64,ptr,load
3271,52,6,64,ptr,load
3272,52,7,64,ptr,load
3273,52,8,64,ptr,load
3274,52,9,64,ptr,load
3275,52,10,64,ptr,load
3276,52,11,64,ptr,load
3277,52,12,64,ptr,load
3278,52,13,64,ptr,load
3279,52,14,64,ptr,load
3280,52,15,64,ptr,load
3281,52,16,64,ptr,load
3282,52,17,64,ptr,load
3283,52,18,64,ptr,load
3284,52,19,64,ptr,load
3285,52,20,64,ptr,load
3286,52,21,64,ptr,load
3287,52,22,64,ptr,load
3288,52,23,64,ptr,load
3289,52,24,64,ptr,load
3290,52,25,64,ptr,load
3291,52,26,64,ptr,load
3292,52,27,64,ptr,load
3293,52,28,64,ptr,load
3294,52,29,64,ptr,load
3295,52,30,64,ptr,load
3296,52,31,64,ptr,load
3297,52,32,64,ptr,load
3298,52,33,64,ptr,load
3299,52,34,64,ptr,load
3300,52,35,64,ptr,load
3301,52,36,64,ptr,load
3302,52,37,64,ptr,load
3303,52,38,64,ptr,load
3304,52,39,64,ptr,load
3305,52,40,64,ptr,load
3306,52,41,64,ptr,load
3307,52,42,64,ptr,load
3308,52,43,64,ptr,load
3309,52,44,64,ptr,load
3310,52,45,64,ptr,load
3311,52,46,64,ptr,load
3312,52,47,64,ptr,load
3313,52,48,64,ptr,load
3314,52,49,64,ptr,load
3315,52,50,64,ptr,load
3316,52,51,64,ptr,load
3317,52,52,64,ptr,load
3318,52,53,64,ptr,load
3319,52,54,64,ptr,load
3320,52,55,64,ptr,load
3321,52,56,64,ptr,load
3322,52,57,64,ptr,load
3323,52,58,64,ptr,load
3324,52,59,64,ptr,load
3325,52,60,64,ptr,load
3326,52,61,64,ptr,load
3327,52,62,64,ptr,load
3328,52,63,64,ptr,load
3329,53,0,64,ptr,store
3330,53,1,64,ptr,store
3331,53,2,64,ptr,store
3332,53,3,64,ptr,store
3333,53,4,64,ptr,store
3334,53,5,64,ptr,store
3335,53,6,64,ptr,store
3336,53,7,64,ptr,store
3337,53,8,64,ptr,store
3338,53,9,64,ptr,store
3339,53,10,64,ptr,store
3340,53,11,64,ptr,store
3341,53,12,64,ptr,store
3342,53,13,64,ptr,store
3343,53,14,64,ptr,store
3344,53,15,64,ptr,store
3345,53,16,64,ptr,store
3346,53,17,64,ptr,store
3347,53,18,64,ptr,store
3348,53,19,64,ptr,store
3349,53,20,64,ptr,store
3350,53,21,64,ptr,store
3351,53,22,64,ptr,store
3352,53,23,64,ptr,store
3353,53,24,64,ptr,store
3354,53,25,64,ptr,store
3355,53,26,64,ptr,store
3356,53,27,64,ptr,store
3357,53,28,64,ptr,store
3358,53,29,64,ptr,store
3359,53,30,64,ptr,store
3360,53,31,64,ptr,store
3361,53,32,64,ptr,store
3362,53,33,64,ptr,store
3363,53,34,64,ptr,store
3364,53,35,64,ptr,store
3365,53,36,64,ptr,store
3366,53,37,64,ptr,store
3367,53,38,64,ptr,store
3368,53,39,64,ptr,store
3369,53,40,64,ptr,store
3370,53,41,64,ptr,store
3371,53,42,64,ptr,store
3372,53,43,64,ptr,store
3373,53,44,64,ptr,store
3374,53,45,64,ptr,store
3375,53,46,64,ptr,store
3376,53,47,64,ptr,store
3377,53,48,64,ptr,store
3378,53,49,64,ptr,store
3379,53,50,64,ptr,store
3380,53,51,64,ptr,store
3381,53,52,64,ptr,store
3382,53,53,64,ptr,store
3383,53,54,64,ptr,store
3384,53,55,64,ptr,store
3385,53,56,64,ptr,store
3386,53,57,64,ptr,store
3387,53,58,64,ptr,store
3388,53,59,64,ptr,store
3389,53,60,64,ptr,store
3390,53,61,64,ptr,store
3391,53,62,64,ptr,store
3392,53,63,64,ptr,store
3393,54,0,64,ptr,load
3394,54,1,64,ptr,load
3395,54,2,64,ptr,load
3396,54,3,64,ptr,load
3397,54,4,64,ptr,load
3398,54,5,64,ptr,load
3399,54,6,64,ptr,load
3400,54,7,64,ptr,load
3401,54,8,64,ptr,load
3402,54,9,64,ptr,load
3403,54,10,64,ptr,load
3404,54,11,64,ptr,load
3405,54,12,64,ptr,load
3406,54,13,64,ptr,load
3407,54,14,64,ptr,load
3408,54,15,64,ptr,load
3409,54,16,64,ptr,load
3410,54,17,64,ptr,load
3411,54,18,64,ptr,load
3412,54,19,64,ptr,load
3413,54,20,64,ptr,load
3414,54,21,64,ptr,load
3415,54,22,64,ptr,load
3416,54,23,64,ptr,load
3417,54,24,64,ptr,load
3418,54,25,64,ptr,load
3419,54,26,64,ptr,load
3420,54,27,64,ptr,load
3421,54,28,64,ptr,load
3422,54,29,64,ptr,load
3423,54,30,64,ptr,load
3424,54,31,64,ptr,load
3425,54,32,64,ptr,load
3426,54,33,64,ptr,load
3427,54,34,64,ptr,load
3428,54,35,64,ptr,load
3429,54,36,64,ptr,load
3430,54,37,64,ptr,load
3431,54,38,64,ptr,load
3432,54,39,64,ptr,load
3433,54,40,64,ptr,load
3434,54,41,64,ptr,load
3435,54,42,64,ptr,load
3436,54,43,64,ptr,load
3437,54,44,64,ptr,load
3438,54,45,64,ptr,load
3439,54,46,64,ptr,load
3440,54,47,64,ptr,load
3441,54,48,64,ptr,load
3442,54,49,64,ptr,load
3443,54,50,64,ptr,load
3444,54,51,64,ptr,load
3445,54,52,64,ptr,load
3446,54,53,64,ptr,load
3447,54,54,64,ptr,load
3448,54,55,64,ptr,load
3449,54,56,64,ptr,load
3450,54,57,64,ptr,load
3451,54,58,64,ptr,load
3452,54,59,64,ptr,load
3453,54,60,64,ptr,load
3454,54,61,64,ptr,load
3455,54,62,64,ptr,load
3456,54,63,64,ptr,load
3521,56,0,64,ptr,load
3522,56,1,64,ptr,load
3523,56,2,64,ptr,load
3524,56,3,64,ptr,load
3525,56,4,64,ptr,load
3526,56,5,64,ptr,load
3527,56,6,64,ptr,load
3528,56,7,64,ptr,load
3529,56,8,64,ptr,load
3530,56,9,64,ptr,load
3531,56,10,64,ptr,load
3532,56,11,64,ptr,load
3533,56,12,64,ptr,load
3534,56,13,64,ptr,load
3535,56,14,64,ptr,load
3536,56,15,64,ptr,load
3537,56,16,64,ptr,load
3538,56,17,64,ptr,load
3539,56,18,64,ptr,load
3540,56,19,64,ptr,load
3541,56,20,64,ptr,load
3542,56,21,64,ptr,load
3543,56,22,64,ptr,load
3544,56,23,64,ptr,load
3545,56,24,64,ptr,load
3546,56,25,64,ptr,load
3547,56,26,64,ptr,load
3548,56,27,64,ptr,load
3549,56,28,64,ptr,load
3550,56,29,64,ptr,load
3551,56,30,64,ptr,load
3552,56,31,64,ptr,load
3553,56,32,64,ptr,load
3554,56,33,64,ptr,load
3555,56,34,64,ptr,load
3556,56,35,64,ptr,load
3557,56,36,64,ptr,load
3558,56,37,64,ptr,load
3559,56,38,64,ptr,load
3560,56,39,64,ptr,load
3561,56,40,64,ptr,load
3562,56,41,64,ptr,load
3563,56,42,64,ptr,load
3564,56,43,64,ptr,load
3565,56,44,64,ptr,load
3566,56,45,64,ptr,load
3567,56,46,64,ptr,load
3568,56,47,64,ptr,load
3569,56,48,64,ptr,load
3570,56,49,64,ptr,load
3571,56,50,64,ptr,load
3572,56,51,64,ptr,load
3573,56,52,64,ptr,load
3574,56,53,64,ptr,load
3575,56,54,64,ptr,load
3576,56,55,64,ptr,load
3577,56,56,64,ptr,load
3578,56,57,64,ptr,load
3579,56,58,64,ptr,load
3580,56,59,64,ptr,load
3581,56,60,64,ptr,load
3582,56,61,64,ptr,load
3583,56,62,64,ptr,load
3584,56,63,64,ptr,load
4353,69,0,64,ptr,store
4354,69,1,64,ptr,store
4355,69,2,64,ptr,store
4356,69,3,64,ptr,store
4357,69,4,64,ptr,store
4358,69,5,64,ptr,store
4359,69,6,64,ptr,store
4360,69,7,64,ptr,store
4361,69,8,64,ptr,store
4362,69,9,64,ptr,store
4363,69,10,64,ptr,store
4364,69,11,64,ptr,store
4365,69,12,64,ptr,store
4366,69,13,64,ptr,store
4367,69,14,64,ptr,store
4368,69,15,64,ptr,store
4369,69,16,64,ptr,store
4370,69,17,64,ptr,store
4371,69,18,64,ptr,store
4372,69,19,64,ptr,store
4373,69,20,64,ptr,store
4374,69,21,64,ptr,store
4375,69,22,64,ptr,store
4376,69,23,64,ptr,store
4377,69,24,64,ptr,store
4378,69,25,64,ptr,store
4379,69,26,64,ptr,store
4380,69,27,64,ptr,store
4381,69,28,64,ptr,store
4382,69,29,64,ptr,store
4383,69,30,64,ptr,store
4384,69,31,64,ptr,store
4385,69,32,64,ptr,store
4386,69,33,64,ptr,store
4387,69,34,64,ptr,store
4388,69,35,64,ptr,store
4389,69,36,64,ptr,store
4390,69,37,64,ptr,store
4391,69,38,64,ptr,store
4392,69,39,64,ptr,store
4393,69,40,64,ptr,store
4394,69,41,64,ptr,store
4395,69,42,64,ptr,store
4396,69,43,64,ptr,store
4397,69,44,64,ptr,store
4398,69,45,64,ptr,store
4399,69,46,64,ptr,store
4400,69,47,64,ptr,store
4401,69,48,64,ptr,store
4402,69,49,64,ptr,store
4403,69,50,64,ptr,store
4404,69,51,64,ptr,store
4405,69,52,64,ptr,store
4406,69,53,64,ptr,store
4407,69,54,64,ptr,store
4408,69,55,64,ptr,store
4409,69,56,64,ptr,store
4410,69,57,64,ptr,store
4411,69,58,64,ptr,store
4412,69,59,64,ptr,store
4413,69,60,64,ptr,store
4414,69,61,64,ptr,store
4415,69,62,64,ptr,store
4416,69,63,64,ptr,store
6081,96,0,64,ptr,store
6082,96,1,64,ptr,store
6083,96,2,64,ptr,store
6084,96,3,64,ptr,store
6085,96,4,64,ptr,store
6086,96,5,64,ptr,store
6087,96,6,64,ptr,store
6088,96,7,64,ptr,store
6089,96,8,64,ptr,store
6090,96,9,64,ptr,store
6091,96,10,64,ptr,store
6092,96,11,64,ptr,store
6093,96,12,64,ptr,store
6094,96,13,64,ptr,store
6095,96,14,64,ptr,store
6096,96,15,64,ptr,store
6097,96,16,64,ptr,store
6098,96,17,64,ptr,store
6099,96,18,64,ptr,store
6100,96,19,64,ptr,store
6101,96,20,64,ptr,store
6102,96,21,64,ptr,store
6103,96,22,64,ptr,store
6104,96,23,64,ptr,store
6105,96,24,64,ptr,store
6106,96,25,64,ptr,store
6107,96,26,64,ptr,store
6108,96,27,64,ptr,store
6109,96,28,64,ptr,store
6110,96,29,64,ptr,store
6111,96,30,64,ptr,store
6112,96,31,64,ptr,store
6113,96,32,64,ptr,store
6114,96,33,64,ptr,store
6115,96,34,64,ptr,store
6116,96,35,64,ptr,store
6117,96,36,64,ptr,store
6118,96,37,64,ptr,store
6119,96,38,64,ptr,store
6120,96,39,64,ptr,store
6121,96,40,64,ptr,store
6122,96,41,64,ptr,store
6123,96,42,64,ptr,store
6124,96,43,64,ptr,store
6125,96,44,64,ptr,store
6126,96,45,64,ptr,store
6127,96,46,64,ptr,store
6128,96,47,64,ptr,store
6129,96,48,64,ptr,store
6130,96,49,64,ptr,store
6131,96,50,64,ptr,store
6132,96,51,64,ptr,store
6133,96,52,64,ptr,store
6134,96,53,64,ptr,store
6135,96,54,64,ptr,store
6136,96,55,64,ptr,store
6137,96,56,64,ptr,store
6138,96,57,64,ptr,store
6139,96,58,64,ptr,store
6140,96,59,64,ptr,store
6141,96,60,64,ptr,store
6142,96,61,64,ptr,store
6143,96,62,64,ptr,store
6144,96,63,64,ptr,store
6145,97,0,64,ptr,load
6146,97,1,64,ptr,load
6147,97,2,64,ptr,load
6148,97,3,64,ptr,load
6149,97,4,64,ptr,load
6150,97,5,64,ptr,load
6151,97,6,64,ptr,load
6152,97,7,64,ptr,load
6153,97,8,64,ptr,load
6154,97,9,64,ptr,load
6155,97,10,64,ptr,load
6156,97,11,64,ptr,load
6157,97,12,64,ptr,load
6158,97,13,64,ptr,load
6159,97,14,64,ptr,load
6160,97,15,64,ptr,load
6161,97,16,64,ptr,load
6162,97,17,64,ptr,load
6163,97,18,64,ptr,load
6164,97,19,64,ptr,load
6165,97,20,64,ptr,load
6166,97,21,64,ptr,load
6167,97,22,64,ptr,load
6168,97,23,64,ptr,load
6169,97,24,64,ptr,load
6170,97,25,64,ptr,load
6171,97,26,64,ptr,load
6172,97,27,64,ptr,load
6173,97,28,64,ptr,load
6174,97,29,64,ptr,load
6175,97,30,64,ptr,load
6176,97,31,64,ptr,load
6177,97,32,64,ptr,load
6178,97,33,64,ptr,load
6179,97,34,64,ptr,load
6180,97,35,64,ptr,load
6181,97,36,64,ptr,load
6182,97,37,64,ptr,load
6183,97,38,64,ptr,load
6184,97,39,64,ptr,load
6185,97,40,64,ptr,load
6186,97,41,64,ptr,load
6187,97,42,64,ptr,load
6188,97,43,64,ptr,load
6189,97,44,64,ptr,load
6190,97,45,64,ptr,load
6191,97,46,64,ptr,load
6192,97,47,64,ptr,load
6193,97,48,64,ptr,load
6194,97,49,64,ptr,load
6195,97,50,64,ptr,load
6196,97,51,64,ptr,load
6197,97,52,64,ptr,load
6198,97,53,64,ptr,load
6199,97,54,64,ptr,load
6200,97,55,64,ptr,load
6201,97,56,64,ptr,load
6202,97,57,64,ptr,load
6203,97,58,64,ptr,load
6204,97,59,64,ptr,load
6205,97,60,64,ptr,load
6206,97,61,64,ptr,load
6207,97,62,64,ptr,load
6208,97,63,64,ptr,load
