trace_case_id,benchmark,old_site_id,fresh_site_id,bit_index,trial1_result,trial2_result,trial1_exit_code,trial2_exit_code,trial1_match_golden,trial2_match_golden,reproducible
TRACE001,colorwheel,141,65,2,SDC,SDC,0,0,0,0,1
TRACE002,colorwheel,141,65,6,SDC,SDC,0,0,0,0,1
TRACE003,colorwheel,145,67,2,SDC,SDC,0,0,0,0,1
TRACE004,colorwheel,147,68,0,SDC,SDC,0,0,0,0,1
TRACE005,colorwheel,149,69,0,SDC,SDC,0,0,0,0,1
TRACE006,colorwheel,149,69,4,SDC,SDC,0,0,0,0,1
TRACE007,colorwheel,293,139,2,SDC,SDC,0,0,0,0,1
TRACE008,colorwheel,295,140,7,SDC,SDC,0,0,0,0,1
TRACE009,colorwheel,115,52,1,SDC,SDC,0,0,0,0,1
