site_id,opcode,site_class,type_kind,bitwidth,operand_index
1,call,pointer,pointer,64,0
2,call,pointer,pointer,64,0
3,alloca,pointer,pointer,32,-1
4,alloca,operand,int,32,0
5,alloca,pointer,pointer,32,-1
6,alloca,operand,int,32,0
7,alloca,pointer,pointer,32,-1
8,alloca,operand,int,32,0
9,alloca,pointer,pointer,32,-1
10,alloca,operand,int,32,0
11,alloca,pointer,pointer,32,-1
12,alloca,operand,int,32,0
13,alloca,pointer,pointer,32,-1
14,alloca,operand,int,32,0
15,alloca,pointer,pointer,32,-1
16,alloca,operand,int,32,0
17,alloca,pointer,pointer,32,-1
18,alloca,operand,int,32,0
19,alloca,pointer,pointer,32,-1
20,alloca,operand,int,32,0
21,alloca,pointer,pointer,32,-1
22,alloca,operand,int,32,0
23,alloca,pointer,pointer,32,-1
24,alloca,operand,int,32,0
25,addrspacecast,pointer,pointer,64,-1
26,addrspacecast,pointer,pointer,32,0
27,addrspacecast,pointer,pointer,64,-1
28,addrspacecast,pointer,pointer,32,0
29,addrspacecast,pointer,pointer,64,-1
30,addrspacecast,pointer,pointer,32,0
31,addrspacecast,pointer,pointer,64,-1
32,addrspacecast,pointer,pointer,32,0
33,addrspacecast,pointer,pointer,64,-1
34,addrspacecast,pointer,pointer,32,0
35,addrspacecast,pointer,pointer,64,-1
36,addrspacecast,pointer,pointer,32,0
37,addrspacecast,pointer,pointer,64,-1
38,addrspacecast,pointer,pointer,32,0
39,addrspacecast,pointer,pointer,64,-1
40,addrspacecast,pointer,pointer,32,0
41,addrspacecast,pointer,pointer,64,-1
42,addrspacecast,pointer,pointer,32,0
43,addrspacecast,pointer,pointer,64,-1
44,addrspacecast,pointer,pointer,32,0
45,addrspacecast,pointer,pointer,64,-1
46,addrspacecast,pointer,pointer,32,0
47,store,pointer,pointer,64,0
48,store,pointer,pointer,64,1
49,store,pointer,pointer,64,0
50,store,pointer,pointer,64,1
51,store,operand,int,32,0
52,store,pointer,pointer,64,1
53,store,pointer,pointer,64,0
54,store,pointer,pointer,64,1
55,call,pointer,pointer,64,0
56,call,pointer,pointer,64,1
57,call,operand,int,64,2
58,call,operand,int,1,3
59,call,pointer,pointer,64,4
60,call,int,int,64,-1
61,call,pointer,pointer,64,0
62,store,operand,int,64,0
63,store,pointer,pointer,64,1
64,store,operand,int,32,0
65,store,pointer,pointer,64,1
66,getelementptr,pointer,pointer,64,-1
67,getelementptr,pointer,pointer,64,0
68,getelementptr,operand,int,64,1
69,getelementptr,operand,int,64,2
70,store,pointer,pointer,64,0
71,store,pointer,pointer,64,1
72,load,pointer,pointer,64,-1
73,load,pointer,pointer,64,0
74,getelementptr,pointer,pointer,64,-1
75,getelementptr,pointer,pointer,64,0
76,getelementptr,operand,int,32,1
77,store,pointer,pointer,64,0
78,store,pointer,pointer,64,1
79,load,int,int,8,-1
80,load,pointer,pointer,64,0
81,icmp,int,int,1,-1
82,icmp,operand,int,8,0
83,icmp,operand,int,8,1
84,br,operand,int,1,0
85,load,pointer,pointer,64,-1
86,load,pointer,pointer,64,0
87,getelementptr,pointer,pointer,64,-1
88,getelementptr,pointer,pointer,64,0
89,getelementptr,operand,int,64,1
90,getelementptr,operand,int,64,2
91,ptrtoint,int,int,64,-1
92,ptrtoint,pointer,pointer,64,0
93,ptrtoint,int,int,64,-1
94,ptrtoint,pointer,pointer,64,0
95,sub,int,int,64,-1
96,sub,operand,int,64,0
97,sub,operand,int,64,1
98,trunc,int,int,32,-1
99,trunc,operand,int,64,0
100,store,operand,int,32,0
101,store,pointer,pointer,64,1
102,load,int,int,64,-1
103,load,pointer,pointer,64,0
104,getelementptr,pointer,pointer,64,-1
105,getelementptr,pointer,pointer,64,0
106,getelementptr,operand,int,64,1
107,getelementptr,operand,int,64,2
108,load,int,int,32,-1
109,load,pointer,pointer,64,0
110,sext,int,int,64,-1
111,sext,operand,int,32,0
112,call,int,int,64,-1
113,call,operand,int,64,0
114,call,pointer,pointer,64,1
115,call,operand,int,64,2
116,call,operand,int,32,3
117,call,pointer,pointer,64,4
118,store,operand,int,64,0
119,store,pointer,pointer,64,1
120,load,pointer,pointer,64,-1
121,load,pointer,pointer,64,0
122,store,pointer,pointer,64,0
123,store,pointer,pointer,64,1
124,load,pointer,pointer,64,-1
125,load,pointer,pointer,64,0
126,getelementptr,pointer,pointer,64,-1
127,getelementptr,pointer,pointer,64,0
128,getelementptr,operand,int,32,1
129,store,pointer,pointer,64,0
130,store,pointer,pointer,64,1
131,load,int,int,8,-1
132,load,pointer,pointer,64,0
133,icmp,int,int,1,-1
134,icmp,operand,int,8,0
135,icmp,operand,int,8,1
136,br,operand,int,1,0
137,load,pointer,pointer,64,-1
138,load,pointer,pointer,64,0
139,load,pointer,pointer,64,-1
140,load,pointer,pointer,64,0
141,ptrtoint,int,int,64,-1
142,ptrtoint,pointer,pointer,64,0
143,ptrtoint,int,int,64,-1
144,ptrtoint,pointer,pointer,64,0
145,sub,int,int,64,-1
146,sub,operand,int,64,0
147,sub,operand,int,64,1
148,trunc,int,int,32,-1
149,trunc,operand,int,64,0
150,store,operand,int,32,0
151,store,pointer,pointer,64,1
152,load,int,int,64,-1
153,load,pointer,pointer,64,0
154,load,pointer,pointer,64,-1
155,load,pointer,pointer,64,0
156,load,int,int,32,-1
157,load,pointer,pointer,64,0
158,sext,int,int,64,-1
159,sext,operand,int,32,0
160,call,int,int,64,-1
161,call,operand,int,64,0
162,call,pointer,pointer,64,1
163,call,operand,int,64,2
164,call,operand,int,32,3
165,call,pointer,pointer,64,4
166,store,operand,int,64,0
167,store,pointer,pointer,64,1
168,load,int,int,64,-1
169,load,pointer,pointer,64,0
170,load,int,int,32,-1
171,load,pointer,pointer,64,0
172,zext,int,int,64,-1
173,zext,operand,int,32,0
174,call,int,int,64,-1
175,call,operand,int,64,0
176,call,operand,int,32,1
177,call,operand,int,64,2
178,call,operand,int,64,3
179,call,operand,int,64,4
180,call,operand,int,64,5
181,call,operand,int,64,6
182,call,operand,int,64,7
183,call,operand,int,64,8
184,call,operand,int,32,9
185,call,pointer,pointer,64,10
186,store,operand,int,64,0
187,store,pointer,pointer,64,1
188,load,pointer,pointer,64,-1
189,load,pointer,pointer,64,0
190,store,pointer,pointer,64,0
191,store,pointer,pointer,64,1
192,load,pointer,pointer,64,-1
193,load,pointer,pointer,64,0
194,getelementptr,pointer,pointer,64,-1
195,getelementptr,pointer,pointer,64,0
196,getelementptr,operand,int,32,1
197,store,pointer,pointer,64,0
198,store,pointer,pointer,64,1
199,load,int,int,8,-1
200,load,pointer,pointer,64,0
201,icmp,int,int,1,-1
202,icmp,operand,int,8,0
203,icmp,operand,int,8,1
204,br,operand,int,1,0
205,load,pointer,pointer,64,-1
206,load,pointer,pointer,64,0
207,load,pointer,pointer,64,-1
208,load,pointer,pointer,64,0
209,ptrtoint,int,int,64,-1
210,ptrtoint,pointer,pointer,64,0
211,ptrtoint,int,int,64,-1
212,ptrtoint,pointer,pointer,64,0
213,sub,int,int,64,-1
214,sub,operand,int,64,0
215,sub,operand,int,64,1
216,trunc,int,int,32,-1
217,trunc,operand,int,64,0
218,store,operand,int,32,0
219,store,pointer,pointer,64,1
220,load,int,int,64,-1
221,load,pointer,pointer,64,0
222,load,pointer,pointer,64,-1
223,load,pointer,pointer,64,0
224,load,int,int,32,-1
225,load,pointer,pointer,64,0
226,sext,int,int,64,-1
227,sext,operand,int,32,0
228,call,int,int,64,-1
229,call,operand,int,64,0
230,call,pointer,pointer,64,1
231,call,operand,int,64,2
232,call,operand,int,32,3
233,call,pointer,pointer,64,4
234,store,operand,int,64,0
235,store,pointer,pointer,64,1
236,load,pointer,pointer,64,-1
237,load,pointer,pointer,64,0
238,store,pointer,pointer,64,0
239,store,pointer,pointer,64,1
240,load,pointer,pointer,64,-1
241,load,pointer,pointer,64,0
242,getelementptr,pointer,pointer,64,-1
243,getelementptr,pointer,pointer,64,0
244,getelementptr,operand,int,32,1
245,store,pointer,pointer,64,0
246,store,pointer,pointer,64,1
247,load,int,int,8,-1
248,load,pointer,pointer,64,0
249,icmp,int,int,1,-1
250,icmp,operand,int,8,0
251,icmp,operand,int,8,1
252,br,operand,int,1,0
253,load,pointer,pointer,64,-1
254,load,pointer,pointer,64,0
255,load,pointer,pointer,64,-1
256,load,pointer,pointer,64,0
257,ptrtoint,int,int,64,-1
258,ptrtoint,pointer,pointer,64,0
259,ptrtoint,int,int,64,-1
260,ptrtoint,pointer,pointer,64,0
261,sub,int,int,64,-1
262,sub,operand,int,64,0
263,sub,operand,int,64,1
264,trunc,int,int,32,-1
265,trunc,operand,int,64,0
266,store,operand,int,32,0
267,store,pointer,pointer,64,1
268,load,int,int,64,-1
269,load,pointer,pointer,64,0
270,load,pointer,pointer,64,-1
271,load,pointer,pointer,64,0
272,load,int,int,32,-1
273,load,pointer,pointer,64,0
274,sext,int,int,64,-1
275,sext,operand,int,32,0
276,call,int,int,64,-1
277,call,operand,int,64,0
278,call,pointer,pointer,64,1
279,call,operand,int,64,2
280,call,operand,int,32,3
281,call,pointer,pointer,64,4
282,call,pointer,pointer,64,0
283,call,pointer,pointer,64,0
284,alloca,pointer,pointer,32,-1
285,alloca,operand,int,32,0
286,alloca,pointer,pointer,32,-1
287,alloca,operand,int,32,0
288,alloca,pointer,pointer,32,-1
289,alloca,operand,int,32,0
290,alloca,pointer,pointer,32,-1
291,alloca,operand,int,32,0
292,alloca,pointer,pointer,32,-1
293,alloca,operand,int,32,0
294,alloca,pointer,pointer,32,-1
295,alloca,operand,int,32,0
296,alloca,pointer,pointer,32,-1
297,alloca,operand,int,32,0
298,addrspacecast,pointer,pointer,64,-1
299,addrspacecast,pointer,pointer,32,0
300,addrspacecast,pointer,pointer,64,-1
301,addrspacecast,pointer,pointer,32,0
302,addrspacecast,pointer,pointer,64,-1
303,addrspacecast,pointer,pointer,32,0
304,addrspacecast,pointer,pointer,64,-1
305,addrspacecast,pointer,pointer,32,0
306,addrspacecast,pointer,pointer,64,-1
307,addrspacecast,pointer,pointer,32,0
308,addrspacecast,pointer,pointer,64,-1
309,addrspacecast,pointer,pointer,32,0
310,addrspacecast,pointer,pointer,64,-1
311,addrspacecast,pointer,pointer,32,0
312,store,operand,int,64,0
313,store,pointer,pointer,64,1
314,load,int,int,64,-1
315,load,pointer,pointer,64,0
316,icmp,int,int,1,-1
317,icmp,operand,int,64,0
318,icmp,operand,int,64,1
319,br,operand,int,1,0
320,load,int,int,64,-1
321,load,pointer,pointer,64,0
322,add,int,int,64,-1
323,add,operand,int,64,0
324,add,operand,int,64,1
325,store,operand,int,64,0
326,store,pointer,pointer,64,1
327,load,int,int,64,-1
328,load,pointer,pointer,64,0
329,icmp,int,int,1,-1
330,icmp,operand,int,64,0
331,icmp,operand,int,64,1
332,br,operand,int,1,0
333,load,int,int,64,-1
334,load,pointer,pointer,64,0
335,sub,int,int,64,-1
336,sub,operand,int,64,0
337,sub,operand,int,64,1
338,store,operand,int,64,0
339,store,pointer,pointer,64,1
340,load,int,int,64,-1
341,load,pointer,pointer,64,0
342,icmp,int,int,1,-1
343,icmp,operand,int,64,0
344,icmp,operand,int,64,1
345,br,operand,int,1,0
346,store,operand,int,64,0
347,store,pointer,pointer,64,1
348,store,operand,int,64,0
349,store,pointer,pointer,64,1
350,store,operand,int,32,0
351,store,pointer,pointer,64,1
352,load,int,int,32,-1
353,load,pointer,pointer,64,0
354,icmp,int,int,1,-1
355,icmp,operand,int,32,0
356,icmp,operand,int,32,1
357,br,operand,int,1,0
358,load,int,int,64,-1
359,load,pointer,pointer,64,0
360,load,int,int,32,-1
361,load,pointer,pointer,64,0
362,sext,int,int,64,-1
363,sext,operand,int,32,0
364,getelementptr,pointer,pointer,64,-1
365,getelementptr,pointer,pointer,64,0
366,getelementptr,operand,int,64,1
367,getelementptr,operand,int,64,2
368,store,operand,int,64,0
369,store,pointer,pointer,64,1
370,load,int,int,64,-1
371,load,pointer,pointer,64,0
372,shl,int,int,64,-1
373,shl,operand,int,64,0
374,shl,operand,int,64,1
375,load,int,int,64,-1
376,load,pointer,pointer,64,0
377,icmp,int,int,1,-1
378,icmp,operand,int,64,0
379,icmp,operand,int,64,1
380,zext,int,int,64,-1
381,zext,operand,int,1,0
382,select,int,int,64,-1
383,select,operand,int,1,0
384,select,operand,int,64,1
385,select,operand,int,64,2
386,xor,int,int,64,-1
387,xor,operand,int,64,0
388,xor,operand,int,64,1
389,store,operand,int,64,0
390,store,pointer,pointer,64,1
391,load,int,int,64,-1
392,load,pointer,pointer,64,0
393,shl,int,int,64,-1
394,shl,operand,int,64,0
395,shl,operand,int,64,1
396,load,int,int,64,-1
397,load,pointer,pointer,64,0
398,icmp,int,int,1,-1
399,icmp,operand,int,64,0
400,icmp,operand,int,64,1
401,zext,int,int,64,-1
402,zext,operand,int,1,0
403,select,int,int,64,-1
404,select,operand,int,1,0
405,select,operand,int,64,1
406,select,operand,int,64,2
407,xor,int,int,64,-1
408,xor,operand,int,64,0
409,xor,operand,int,64,1
410,store,operand,int,64,0
411,store,pointer,pointer,64,1
412,load,int,int,32,-1
413,load,pointer,pointer,64,0
414,add,int,int,32,-1
415,add,operand,int,32,0
416,add,operand,int,32,1
417,store,operand,int,32,0
418,store,pointer,pointer,64,1
419,store,operand,int,32,0
420,store,pointer,pointer,64,1
421,load,int,int,32,-1
422,load,pointer,pointer,64,0
423,icmp,int,int,1,-1
424,icmp,operand,int,32,0
425,icmp,operand,int,32,1
426,br,operand,int,1,0
427,load,int,int,64,-1
428,load,pointer,pointer,64,0
429,load,int,int,32,-1
430,load,pointer,pointer,64,0
431,zext,int,int,64,-1
432,zext,operand,int,32,0
433,ashr,int,int,64,-1
434,ashr,operand,int,64,0
435,ashr,operand,int,64,1
436,and,int,int,64,-1
437,and,operand,int,64,0
438,and,operand,int,64,1
439,icmp,int,int,1,-1
440,icmp,operand,int,64,0
441,icmp,operand,int,64,1
442,br,operand,int,1,0
443,load,int,int,32,-1
444,load,pointer,pointer,64,0
445,add,int,int,32,-1
446,add,operand,int,32,0
447,add,operand,int,32,1
448,store,operand,int,32,0
449,store,pointer,pointer,64,1
450,store,operand,int,64,0
451,store,pointer,pointer,64,1
452,load,int,int,32,-1
453,load,pointer,pointer,64,0
454,icmp,int,int,1,-1
455,icmp,operand,int,32,0
456,icmp,operand,int,32,1
457,br,operand,int,1,0
458,store,operand,int,64,0
459,store,pointer,pointer,64,1
460,store,operand,int,32,0
461,store,pointer,pointer,64,1
462,load,int,int,32,-1
463,load,pointer,pointer,64,0
464,icmp,int,int,1,-1
465,icmp,operand,int,32,0
466,icmp,operand,int,32,1
467,br,operand,int,1,0
468,load,int,int,64,-1
469,load,pointer,pointer,64,0
470,load,int,int,32,-1
471,load,pointer,pointer,64,0
472,zext,int,int,64,-1
473,zext,operand,int,32,0
474,lshr,int,int,64,-1
475,lshr,operand,int,64,0
476,lshr,operand,int,64,1
477,and,int,int,64,-1
478,and,operand,int,64,0
479,and,operand,int,64,1
480,icmp,int,int,1,-1
481,icmp,operand,int,64,0
482,icmp,operand,int,64,1
483,br,operand,int,1,0
484,load,int,int,32,-1
485,load,pointer,pointer,64,0
486,sext,int,int,64,-1
487,sext,operand,int,32,0
488,getelementptr,pointer,pointer,64,-1
489,getelementptr,pointer,pointer,64,0
490,getelementptr,operand,int,64,1
491,getelementptr,operand,int,64,2
492,load,int,int,64,-1
493,load,pointer,pointer,64,0
494,load,int,int,64,-1
495,load,pointer,pointer,64,0
496,xor,int,int,64,-1
497,xor,operand,int,64,0
498,xor,operand,int,64,1
499,store,operand,int,64,0
500,store,pointer,pointer,64,1
501,load,int,int,32,-1
502,load,pointer,pointer,64,0
503,add,int,int,32,-1
504,add,operand,int,32,0
505,add,operand,int,32,1
506,store,operand,int,32,0
507,store,pointer,pointer,64,1
508,load,int,int,64,-1
509,load,pointer,pointer,64,0
510,store,operand,int,64,0
511,store,pointer,pointer,64,1
512,load,int,int,32,-1
513,load,pointer,pointer,64,0
514,sub,int,int,32,-1
515,sub,operand,int,32,0
516,sub,operand,int,32,1
517,store,operand,int,32,0
518,store,pointer,pointer,64,1
519,load,int,int,64,-1
520,load,pointer,pointer,64,0
521,load,int,int,32,-1
522,load,pointer,pointer,64,0
523,zext,int,int,64,-1
524,zext,operand,int,32,0
525,ashr,int,int,64,-1
526,ashr,operand,int,64,0
527,ashr,operand,int,64,1
528,and,int,int,64,-1
529,and,operand,int,64,0
530,and,operand,int,64,1
531,icmp,int,int,1,-1
532,icmp,operand,int,64,0
533,icmp,operand,int,64,1
534,br,operand,int,1,0
535,load,int,int,64,-1
536,load,pointer,pointer,64,0
537,shl,int,int,64,-1
538,shl,operand,int,64,0
539,shl,operand,int,64,1
540,load,int,int,64,-1
541,load,pointer,pointer,64,0
542,icmp,int,int,1,-1
543,icmp,operand,int,64,0
544,icmp,operand,int,64,1
545,zext,int,int,64,-1
546,zext,operand,int,1,0
547,select,int,int,64,-1
548,select,operand,int,1,0
549,select,operand,int,64,1
550,select,operand,int,64,2
551,xor,int,int,64,-1
552,xor,operand,int,64,0
553,xor,operand,int,64,1
554,store,operand,int,64,0
555,store,pointer,pointer,64,1
556,load,int,int,64,-1
557,load,pointer,pointer,64,0
558,store,operand,int,64,0
559,store,pointer,pointer,64,1
560,load,int,int,64,-1
561,load,pointer,pointer,64,0
562,ret,operand,int,64,0
563,alloca,pointer,pointer,32,-1
564,alloca,operand,int,32,0
565,alloca,pointer,pointer,32,-1
566,alloca,operand,int,32,0
567,alloca,pointer,pointer,32,-1
568,alloca,operand,int,32,0
569,alloca,pointer,pointer,32,-1
570,alloca,operand,int,32,0
571,alloca,pointer,pointer,32,-1
572,alloca,operand,int,32,0
573,alloca,pointer,pointer,32,-1
574,alloca,operand,int,32,0
575,alloca,pointer,pointer,32,-1
576,alloca,operand,int,32,0
577,alloca,pointer,pointer,32,-1
578,alloca,operand,int,32,0
579,alloca,pointer,pointer,32,-1
580,alloca,operand,int,32,0
581,alloca,pointer,pointer,32,-1
582,alloca,operand,int,32,0
583,addrspacecast,pointer,pointer,64,-1
584,addrspacecast,pointer,pointer,32,0
585,addrspacecast,pointer,pointer,64,-1
586,addrspacecast,pointer,pointer,32,0
587,addrspacecast,pointer,pointer,64,-1
588,addrspacecast,pointer,pointer,32,0
589,addrspacecast,pointer,pointer,64,-1
590,addrspacecast,pointer,pointer,32,0
591,addrspacecast,pointer,pointer,64,-1
592,addrspacecast,pointer,pointer,64,0
593,store,pointer,pointer,64,0
594,store,pointer,pointer,64,1
595,load,pointer,pointer,64,-1
596,load,pointer,pointer,64,0
597,store,pointer,pointer,64,0
598,store,pointer,pointer,64,1
599,store,operand,int,64,0
600,store,pointer,pointer,64,1
601,addrspacecast,pointer,pointer,64,-1
602,addrspacecast,pointer,pointer,32,0
603,addrspacecast,pointer,pointer,64,-1
604,addrspacecast,pointer,pointer,32,0
605,call,int,int,64,-1
606,call,operand,int,32,0
607,call,pointer,pointer,64,1
608,trunc,int,int,32,-1
609,trunc,operand,int,64,0
610,addrspacecast,pointer,pointer,64,-1
611,addrspacecast,pointer,pointer,32,0
612,addrspacecast,pointer,pointer,64,-1
613,addrspacecast,pointer,pointer,32,0
614,call,int,int,64,-1
615,call,operand,int,32,0
616,call,pointer,pointer,64,1
617,trunc,int,int,32,-1
618,trunc,operand,int,64,0
619,mul,int,int,32,-1
620,mul,operand,int,32,0
621,mul,operand,int,32,1
622,addrspacecast,pointer,pointer,64,-1
623,addrspacecast,pointer,pointer,32,0
624,addrspacecast,pointer,pointer,64,-1
625,addrspacecast,pointer,pointer,32,0
626,call,int,int,64,-1
627,call,operand,int,32,0
628,call,pointer,pointer,64,1
629,trunc,int,int,32,-1
630,trunc,operand,int,64,0
631,add,int,int,32,-1
632,add,operand,int,32,0
633,add,operand,int,32,1
634,store,operand,int,32,0
635,store,pointer,pointer,64,1
636,load,int,int,32,-1
637,load,pointer,pointer,64,0
638,sext,int,int,64,-1
639,sext,operand,int,32,0
640,load,int,int,64,-1
641,load,pointer,pointer,64,0
642,icmp,int,int,1,-1
643,icmp,operand,int,64,0
644,icmp,operand,int,64,1
645,br,operand,int,1,0
646,load,int,int,32,-1
647,load,pointer,pointer,64,0
648,sext,int,int,64,-1
649,sext,operand,int,32,0
650,load,pointer,pointer,64,-1
651,load,pointer,pointer,64,0
652,load,int,int,32,-1
653,load,pointer,pointer,64,0
654,sext,int,int,64,-1
655,sext,operand,int,32,0
656,getelementptr,pointer,pointer,64,-1
657,getelementptr,pointer,pointer,64,0
658,getelementptr,operand,int,64,1
659,store,operand,int,64,0
660,store,pointer,pointer,64,1
661,alloca,pointer,pointer,32,-1
662,alloca,operand,int,32,0
663,alloca,pointer,pointer,32,-1
664,alloca,operand,int,32,0
665,alloca,pointer,pointer,32,-1
666,alloca,operand,int,32,0
667,alloca,pointer,pointer,32,-1
668,alloca,operand,int,32,0
669,alloca,pointer,pointer,32,-1
670,alloca,operand,int,32,0
671,alloca,pointer,pointer,32,-1
672,alloca,operand,int,32,0
673,alloca,pointer,pointer,32,-1
674,alloca,operand,int,32,0
675,alloca,pointer,pointer,32,-1
676,alloca,operand,int,32,0
677,addrspacecast,pointer,pointer,64,-1
678,addrspacecast,pointer,pointer,32,0
679,addrspacecast,pointer,pointer,64,-1
680,addrspacecast,pointer,pointer,32,0
681,addrspacecast,pointer,pointer,64,-1
682,addrspacecast,pointer,pointer,32,0
683,addrspacecast,pointer,pointer,64,-1
684,addrspacecast,pointer,pointer,32,0
685,addrspacecast,pointer,pointer,64,-1
686,addrspacecast,pointer,pointer,32,0
687,addrspacecast,pointer,pointer,64,-1
688,addrspacecast,pointer,pointer,32,0
689,addrspacecast,pointer,pointer,64,-1
690,addrspacecast,pointer,pointer,64,0
691,store,pointer,pointer,64,0
692,store,pointer,pointer,64,1
693,load,pointer,pointer,64,-1
694,load,pointer,pointer,64,0
695,store,pointer,pointer,64,0
696,store,pointer,pointer,64,1
697,store,operand,int,64,0
698,store,pointer,pointer,64,1
699,addrspacecast,pointer,pointer,64,-1
700,addrspacecast,pointer,pointer,32,0
701,addrspacecast,pointer,pointer,64,-1
702,addrspacecast,pointer,pointer,32,0
703,call,int,int,64,-1
704,call,operand,int,32,0
705,call,pointer,pointer,64,1
706,trunc,int,int,32,-1
707,trunc,operand,int,64,0
708,store,operand,int,32,0
709,store,pointer,pointer,64,1
710,load,int,int,64,-1
711,load,pointer,pointer,64,0
712,mul,int,int,64,-1
713,mul,operand,int,64,0
714,mul,operand,int,64,1
715,udiv,int,int,64,-1
716,udiv,operand,int,64,0
717,udiv,operand,int,64,1
718,load,int,int,32,-1
719,load,pointer,pointer,64,0
720,sext,int,int,64,-1
721,sext,operand,int,32,0
722,mul,int,int,64,-1
723,mul,operand,int,64,0
724,mul,operand,int,64,1
725,call,int,int,64,-1
726,call,operand,int,64,0
727,call,pointer,pointer,64,1
728,store,operand,int,64,0
729,store,pointer,pointer,64,1
730,store,operand,int,64,0
731,store,pointer,pointer,64,1
732,load,int,int,64,-1
733,load,pointer,pointer,64,0
734,load,int,int,64,-1
735,load,pointer,pointer,64,0
736,mul,int,int,64,-1
737,mul,operand,int,64,0
738,mul,operand,int,64,1
739,udiv,int,int,64,-1
740,udiv,operand,int,64,0
741,udiv,operand,int,64,1
742,icmp,int,int,1,-1
743,icmp,operand,int,64,0
744,icmp,operand,int,64,1
745,br,operand,int,1,0
746,load,int,int,64,-1
747,load,pointer,pointer,64,0
748,shl,int,int,64,-1
749,shl,operand,int,64,0
750,shl,operand,int,64,1
751,load,int,int,64,-1
752,load,pointer,pointer,64,0
753,icmp,int,int,1,-1
754,icmp,operand,int,64,0
755,icmp,operand,int,64,1
756,zext,int,int,64,-1
757,zext,operand,int,1,0
758,select,int,int,64,-1
759,select,operand,int,1,0
760,select,operand,int,64,1
761,select,operand,int,64,2
762,xor,int,int,64,-1
763,xor,operand,int,64,0
764,xor,operand,int,64,1
765,store,operand,int,64,0
766,store,pointer,pointer,64,1
767,load,pointer,pointer,64,-1
768,load,pointer,pointer,64,0
769,load,int,int,64,-1
770,load,pointer,pointer,64,0
771,load,int,int,64,-1
772,load,pointer,pointer,64,0
773,sub,int,int,64,-1
774,sub,operand,int,64,0
775,sub,operand,int,64,1
776,and,int,int,64,-1
777,and,operand,int,64,0
778,and,operand,int,64,1
779,getelementptr,pointer,pointer,64,-1
780,getelementptr,pointer,pointer,64,0
781,getelementptr,operand,int,64,1
782,load,int,int,64,-1
783,load,pointer,pointer,64,0
784,call,int,int,64,-1
785,call,pointer,pointer,64,0
786,call,operand,int,64,1
787,call,pointer,pointer,64,2
788,load,int,int,64,-1
789,load,pointer,pointer,64,0
790,add,int,int,64,-1
791,add,operand,int,64,0
792,add,operand,int,64,1
793,store,operand,int,64,0
794,store,pointer,pointer,64,1
795,alloca,pointer,pointer,32,-1
796,alloca,operand,int,32,0
797,alloca,pointer,pointer,32,-1
798,alloca,operand,int,32,0
799,alloca,pointer,pointer,32,-1
800,alloca,operand,int,32,0
801,alloca,pointer,pointer,32,-1
802,alloca,operand,int,32,0
803,alloca,pointer,pointer,32,-1
804,alloca,operand,int,32,0
805,addrspacecast,pointer,pointer,64,-1
806,addrspacecast,pointer,pointer,32,0
807,addrspacecast,pointer,pointer,64,-1
808,addrspacecast,pointer,pointer,32,0
809,addrspacecast,pointer,pointer,64,-1
810,addrspacecast,pointer,pointer,32,0
811,addrspacecast,pointer,pointer,64,-1
812,addrspacecast,pointer,pointer,32,0
813,addrspacecast,pointer,pointer,64,-1
814,addrspacecast,pointer,pointer,32,0
815,store,pointer,pointer,64,0
816,store,pointer,pointer,64,1
817,store,operand,int,64,0
818,store,pointer,pointer,64,1
819,load,pointer,pointer,64,-1
820,load,pointer,pointer,64,0
821,load,int,int,64,-1
822,load,pointer,pointer,64,0
823,store,operand,int,64,0
824,store,pointer,pointer,64,1
825,load,int,int,64,-1
826,load,pointer,pointer,64,0
827,atomicrmw,int,int,64,-1
828,atomicrmw,pointer,pointer,64,0
829,atomicrmw,operand,int,64,1
830,store,operand,int,64,0
831,store,pointer,pointer,64,1
832,load,int,int,64,-1
833,load,pointer,pointer,64,0
834,ret,operand,int,64,0
835,switch,operand,int,32,0
836,switch,operand,int,32,2
837,switch,operand,int,32,4
838,switch,operand,int,32,6
839,call,int,int,32,-1
840,call,pointer,pointer,64,0
841,call,int,int,32,-1
842,call,pointer,pointer,64,0
843,call,int,int,32,-1
844,call,pointer,pointer,64,0
845,phi,int,int,32,-1
846,phi,operand,int,32,0
847,phi,operand,int,32,1
848,phi,operand,int,32,2
849,phi,operand,int,32,3
850,zext,int,int,64,-1
851,zext,operand,int,32,0
852,ret,operand,int,64,0
853,call,operand,int,32,0
854,call,operand,int,64,1
855,call,operand,int,64,2
856,call,operand,int,64,3
857,call,operand,int,64,4
858,call,operand,int,64,5
859,call,operand,int,64,6
860,call,operand,int,64,7
861,call,operand,int,64,8
862,call,pointer,pointer,64,9
863,extractelement,int,int,64,-1
864,extractelement,operand,int,64,1
865,ret,operand,int,64,0
866,load,int,int,32,-1
867,load,pointer,pointer,64,0
868,icmp,int,int,1,-1
869,icmp,operand,int,32,0
870,icmp,operand,int,32,1
871,call,pointer,pointer,64,-1
872,call,pointer,pointer,64,0
873,select,int,int,64,-1
874,select,operand,int,1,0
875,select,operand,int,64,1
876,select,operand,int,64,2
877,getelementptr,pointer,pointer,64,-1
878,getelementptr,pointer,pointer,64,0
879,getelementptr,operand,int,64,1
880,load,int,int,64,-1
881,load,pointer,pointer,64,0
882,inttoptr,pointer,pointer,64,-1
883,inttoptr,operand,int,64,0
884,addrspacecast,pointer,pointer,64,-1
885,addrspacecast,pointer,pointer,64,0
886,call,pointer,pointer,64,0
887,call,operand,int,32,1
888,call,operand,int,64,2
889,call,operand,int,64,3
890,call,operand,int,64,4
891,call,operand,int,64,5
892,call,operand,int,64,6
893,call,operand,int,64,7
894,call,operand,int,64,8
895,call,operand,int,64,9
896,call,pointer,pointer,64,10
897,call,int,int,32,-1
898,call,operand,int,32,0
899,call,operand,int,32,1
900,call,pointer,pointer,64,2
901,call,int,int,32,-1
902,call,operand,int,32,0
903,call,operand,int,32,1
904,call,pointer,pointer,64,2
905,call,int,int,32,-1
906,call,operand,int,32,0
907,call,pointer,pointer,64,1
908,addrspacecast,pointer,pointer,64,-1
909,addrspacecast,pointer,pointer,64,0
910,icmp,int,int,1,-1
911,icmp,operand,int,32,0
912,icmp,operand,int,32,1
913,br,operand,int,1,0
914,getelementptr,pointer,pointer,64,-1
915,getelementptr,pointer,pointer,64,0
916,getelementptr,operand,int,64,1
917,load,int,int,64,-1
918,load,pointer,pointer,64,0
919,getelementptr,pointer,pointer,64,-1
920,getelementptr,pointer,pointer,64,0
921,getelementptr,operand,int,64,1
922,load,pointer,pointer,64,-1
923,load,pointer,pointer,64,0
924,load,int,int,64,-1
925,load,pointer,pointer,64,0
926,and,int,int,64,-1
927,and,operand,int,64,0
928,and,operand,int,64,1
929,getelementptr,pointer,pointer,64,-1
930,getelementptr,pointer,pointer,64,0
931,getelementptr,operand,int,64,1
932,load,int,int,64,-1
933,load,pointer,pointer,64,0
934,cmpxchg,pointer,pointer,64,0
935,cmpxchg,operand,int,64,1
936,cmpxchg,operand,int,64,2
937,extractvalue,int,int,1,-1
938,extractvalue,int,int,64,-1
939,br,operand,int,1,0
940,phi,int,int,64,-1
941,phi,operand,int,64,0
942,phi,operand,int,64,1
943,call,operand,int,32,0
944,call,pointer,pointer,64,1
945,load,pointer,pointer,64,-1
946,load,pointer,pointer,64,0
947,load,int,int,64,-1
948,load,pointer,pointer,64,0
949,and,int,int,64,-1
950,and,operand,int,64,0
951,and,operand,int,64,1
952,getelementptr,pointer,pointer,64,-1
953,getelementptr,pointer,pointer,64,0
954,getelementptr,operand,int,64,1
955,load,int,int,64,-1
956,load,pointer,pointer,64,0
957,cmpxchg,pointer,pointer,64,0
958,cmpxchg,operand,int,64,1
959,cmpxchg,operand,int,64,2
960,extractvalue,int,int,1,-1
961,extractvalue,int,int,64,-1
962,br,operand,int,1,0
963,phi,int,int,64,-1
964,phi,operand,int,64,0
965,phi,operand,int,64,1
966,phi,operand,int,64,2
967,trunc,int,int,32,-1
968,trunc,operand,int,64,0
969,lshr,int,int,64,-1
970,lshr,operand,int,64,0
971,lshr,operand,int,64,1
972,trunc,int,int,32,-1
973,trunc,operand,int,64,0
974,call,int,int,32,-1
975,call,operand,int,32,0
976,call,pointer,pointer,64,1
977,call,int,int,32,-1
978,call,operand,int,32,0
979,call,pointer,pointer,64,1
980,zext,int,int,64,-1
981,zext,operand,int,32,0
982,shl,int,int,64,-1
983,shl,operand,int,64,0
984,shl,operand,int,64,1
985,zext,int,int,64,-1
986,zext,operand,int,32,0
987,or,int,int,64,-1
988,or,operand,int,64,0
989,or,operand,int,64,1
990,load,pointer,pointer,64,-1
991,load,pointer,pointer,64,0
992,getelementptr,pointer,pointer,64,-1
993,getelementptr,pointer,pointer,64,0
994,getelementptr,operand,int,64,1
995,load,int,int,64,-1
996,load,pointer,pointer,64,0
997,and,int,int,64,-1
998,and,operand,int,64,0
999,and,operand,int,64,1
1000,getelementptr,pointer,pointer,64,-1
1001,getelementptr,pointer,pointer,64,0
1002,getelementptr,operand,int,64,1
1003,getelementptr,pointer,pointer,64,-1
1004,getelementptr,pointer,pointer,64,0
1005,getelementptr,operand,int,64,1
1006,load,pointer,pointer,64,-1
1007,load,pointer,pointer,64,0
1008,getelementptr,pointer,pointer,64,-1
1009,getelementptr,pointer,pointer,64,0
1010,getelementptr,operand,int,64,1
1011,call,int,int,64,-1
1012,call,operand,int,1,0
1013,call,pointer,pointer,64,1
1014,br,operand,int,1,0
1015,getelementptr,pointer,pointer,64,-1
1016,getelementptr,pointer,pointer,64,0
1017,getelementptr,operand,int,64,1
1018,getelementptr,pointer,pointer,64,-1
1019,getelementptr,pointer,pointer,64,0
1020,getelementptr,operand,int,64,1
1021,getelementptr,pointer,pointer,64,-1
1022,getelementptr,pointer,pointer,64,0
1023,getelementptr,operand,int,64,1
1024,store,operand,int,32,0
1025,store,pointer,pointer,64,1
1026,store,operand,int,64,0
1027,store,pointer,pointer,64,1
1028,store,operand,int,32,0
1029,store,pointer,pointer,64,1
1030,zext,int,int,64,-1
1031,zext,operand,int,32,0
1032,getelementptr,pointer,pointer,64,-1
1033,getelementptr,pointer,pointer,64,0
1034,getelementptr,operand,int,64,1
1035,getelementptr,operand,int,64,2
1036,store,operand,int,64,0
1037,store,pointer,pointer,64,1
1038,getelementptr,pointer,pointer,64,-1
1039,getelementptr,pointer,pointer,64,0
1040,getelementptr,operand,int,64,1
1041,store,operand,int,64,0
1042,store,pointer,pointer,64,1
1043,getelementptr,pointer,pointer,64,-1
1044,getelementptr,pointer,pointer,64,0
1045,getelementptr,operand,int,64,1
1046,store,operand,int,64,0
1047,store,pointer,pointer,64,1
1048,getelementptr,pointer,pointer,64,-1
1049,getelementptr,pointer,pointer,64,0
1050,getelementptr,operand,int,64,1
1051,store,operand,int,64,0
1052,store,pointer,pointer,64,1
1053,getelementptr,pointer,pointer,64,-1
1054,getelementptr,pointer,pointer,64,0
1055,getelementptr,operand,int,64,1
1056,store,operand,int,64,0
1057,store,pointer,pointer,64,1
1058,getelementptr,pointer,pointer,64,-1
1059,getelementptr,pointer,pointer,64,0
1060,getelementptr,operand,int,64,1
1061,store,operand,int,64,0
1062,store,pointer,pointer,64,1
1063,getelementptr,pointer,pointer,64,-1
1064,getelementptr,pointer,pointer,64,0
1065,getelementptr,operand,int,64,1
1066,store,operand,int,64,0
1067,store,pointer,pointer,64,1
1068,getelementptr,pointer,pointer,64,-1
1069,getelementptr,pointer,pointer,64,0
1070,getelementptr,operand,int,64,1
1071,store,operand,int,64,0
1072,store,pointer,pointer,64,1
1073,br,operand,int,1,0
1074,getelementptr,pointer,pointer,64,-1
1075,getelementptr,pointer,pointer,64,0
1076,getelementptr,operand,int,64,1
1077,load,int,int,64,-1
1078,load,pointer,pointer,64,0
1079,load,int,int,64,-1
1080,load,pointer,pointer,64,0
1081,and,int,int,64,-1
1082,and,operand,int,64,0
1083,and,operand,int,64,1
1084,getelementptr,pointer,pointer,64,-1
1085,getelementptr,pointer,pointer,64,0
1086,getelementptr,operand,int,64,1
1087,store,operand,int,64,0
1088,store,pointer,pointer,64,1
1089,cmpxchg,pointer,pointer,64,0
1090,cmpxchg,operand,int,64,1
1091,cmpxchg,operand,int,64,2
1092,extractvalue,int,int,1,-1
1093,br,operand,int,1,0
1094,extractvalue,int,int,64,-1
1095,call,operand,int,32,0
1096,call,pointer,pointer,64,1
1097,store,operand,int,64,0
1098,store,pointer,pointer,64,1
1099,cmpxchg,pointer,pointer,64,0
1100,cmpxchg,operand,int,64,1
1101,cmpxchg,operand,int,64,2
1102,extractvalue,int,int,1,-1
1103,br,operand,int,1,0
1104,getelementptr,pointer,pointer,64,-1
1105,getelementptr,pointer,pointer,64,0
1106,getelementptr,operand,int,64,1
1107,load,int,int,64,-1
1108,load,pointer,pointer,64,0
1109,call,operand,int,64,0
1110,call,operand,int,64,1
1111,call,operand,int,32,2
1112,call,pointer,pointer,64,3
1113,getelementptr,pointer,pointer,64,-1
1114,getelementptr,pointer,pointer,64,0
1115,getelementptr,operand,int,64,1
1116,br,operand,int,1,0
1117,load,int,int,32,-1
1118,load,pointer,pointer,64,0
1119,and,int,int,32,-1
1120,and,operand,int,32,0
1121,and,operand,int,32,1
1122,phi,int,int,32,-1
1123,phi,operand,int,32,0
1124,phi,operand,int,32,1
1125,call,int,int,32,-1
1126,call,operand,int,32,0
1127,call,pointer,pointer,64,1
1128,icmp,int,int,1,-1
1129,icmp,operand,int,32,0
1130,icmp,operand,int,32,1
1131,br,operand,int,1,0
1132,call,operand,int,32,0
1133,call,pointer,pointer,64,1
1134,load,int,int,64,-1
1135,load,pointer,pointer,64,0
1136,load,int,int,64,-1
1137,load,pointer,pointer,64,0
1138,br,operand,int,1,0
1139,load,int,int,64,-1
1140,load,pointer,pointer,64,0
1141,add,int,int,64,-1
1142,add,operand,int,64,0
1143,add,operand,int,64,1
1144,add,int,int,64,-1
1145,add,operand,int,64,0
1146,add,operand,int,64,1
1147,icmp,int,int,1,-1
1148,icmp,operand,int,64,0
1149,icmp,operand,int,64,1
1150,select,int,int,64,-1
1151,select,operand,int,1,0
1152,select,operand,int,64,1
1153,select,operand,int,64,2
1154,getelementptr,pointer,pointer,64,-1
1155,getelementptr,pointer,pointer,64,0
1156,getelementptr,operand,int,64,1
1157,load,int,int,64,-1
1158,load,pointer,pointer,64,0
1159,load,pointer,pointer,64,-1
1160,load,pointer,pointer,64,0
1161,and,int,int,64,-1
1162,and,operand,int,64,0
1163,and,operand,int,64,1
1164,getelementptr,pointer,pointer,64,-1
1165,getelementptr,pointer,pointer,64,0
1166,getelementptr,operand,int,64,1
1167,store,operand,int,64,0
1168,store,pointer,pointer,64,1
1169,cmpxchg,pointer,pointer,64,0
1170,cmpxchg,operand,int,64,1
1171,cmpxchg,operand,int,64,2
1172,extractvalue,int,int,1,-1
1173,br,operand,int,1,0
1174,extractvalue,int,int,64,-1
1175,call,operand,int,32,0
1176,call,pointer,pointer,64,1
1177,store,operand,int,64,0
1178,store,pointer,pointer,64,1
1179,cmpxchg,pointer,pointer,64,0
1180,cmpxchg,operand,int,64,1
1181,cmpxchg,operand,int,64,2
1182,extractvalue,int,int,1,-1
1183,br,operand,int,1,0
1184,insertelement,operand,int,64,1
1185,insertelement,operand,int,64,2
1186,insertelement,operand,int,64,1
1187,insertelement,operand,int,64,2
1188,inttoptr,pointer,pointer,64,-1
1189,inttoptr,operand,int,64,0
1190,getelementptr,pointer,pointer,64,-1
1191,getelementptr,pointer,pointer,64,0
1192,getelementptr,operand,int,64,1
1193,switch,operand,int,32,0
1194,switch,operand,int,32,2
1195,switch,operand,int,32,4
1196,switch,operand,int,32,6
1197,switch,operand,int,32,8
1198,switch,operand,int,32,10
1199,atomicrmw,int,int,64,-1
1200,atomicrmw,pointer,pointer,64,0
1201,atomicrmw,operand,int,64,1
1202,atomicrmw,int,int,64,-1
1203,atomicrmw,pointer,pointer,64,0
1204,atomicrmw,operand,int,64,1
1205,atomicrmw,int,int,64,-1
1206,atomicrmw,pointer,pointer,64,0
1207,atomicrmw,operand,int,64,1
1208,atomicrmw,int,int,64,-1
1209,atomicrmw,pointer,pointer,64,0
1210,atomicrmw,operand,int,64,1
1211,atomicrmw,int,int,64,-1
1212,atomicrmw,pointer,pointer,64,0
1213,atomicrmw,operand,int,64,1
1214,getelementptr,pointer,pointer,64,-1
1215,getelementptr,pointer,pointer,64,0
1216,getelementptr,operand,int,64,1
1217,load,int,int,64,-1
1218,load,pointer,pointer,64,0
1219,icmp,int,int,1,-1
1220,icmp,operand,int,64,0
1221,icmp,operand,int,64,1
1222,br,operand,int,1,0
1223,inttoptr,pointer,pointer,64,-1
1224,inttoptr,operand,int,64,0
1225,getelementptr,pointer,pointer,64,-1
1226,getelementptr,pointer,pointer,64,0
1227,getelementptr,operand,int,64,1
1228,load,int,int,32,-1
1229,load,pointer,pointer,64,0
1230,zext,int,int,64,-1
1231,zext,operand,int,32,0
1232,store,operand,int,64,0
1233,store,pointer,pointer,64,1
1234,load,int,int,32,-1
1235,load,pointer,pointer,64,0
1236,icmp,int,int,1,-1
1237,icmp,operand,int,32,0
1238,icmp,operand,int,32,1
1239,icmp,int,int,1,-1
1240,icmp,operand,int,32,0
1241,icmp,operand,int,32,1
1242,icmp,int,int,1,-1
1243,icmp,operand,int,32,0
1244,icmp,operand,int,32,1
1245,select,int,int,32,-1
1246,select,operand,int,1,0
1247,select,operand,int,32,1
1248,select,operand,int,32,2
1249,select,int,int,32,-1
1250,select,operand,int,1,0
1251,select,operand,int,32,1
1252,select,operand,int,32,2
1253,select,int,int,32,-1
1254,select,operand,int,1,0
1255,select,operand,int,32,1
1256,select,operand,int,32,2
1257,and,int,int,32,-1
1258,and,operand,int,32,0
1259,and,operand,int,32,1
1260,call,int,int,32,-1
1261,call,operand,int,32,0
1262,call,pointer,pointer,64,1
1263,call,operand,int,32,0
1264,call,operand,int,32,1
1265,call,pointer,pointer,64,2
1266,icmp,int,int,1,-1
1267,icmp,operand,int,32,0
1268,icmp,operand,int,32,1
1269,or,int,int,64,-1
1270,or,operand,int,64,0
1271,or,operand,int,64,1
1272,select,int,int,64,-1
1273,select,operand,int,1,0
1274,select,operand,int,64,1
1275,select,operand,int,64,2
1276,and,int,int,64,-1
1277,and,operand,int,64,0
1278,and,operand,int,64,1
1279,zext,int,int,64,-1
1280,zext,operand,int,32,0
1281,shl,int,int,64,-1
1282,shl,operand,int,64,0
1283,shl,operand,int,64,1
1284,or,int,int,64,-1
1285,or,operand,int,64,0
1286,or,operand,int,64,1
1287,call,operand,int,32,0
1288,call,operand,int,64,1
1289,call,operand,int,64,2
1290,call,operand,int,64,3
1291,call,operand,int,64,4
1292,call,operand,int,64,5
1293,call,operand,int,64,6
1294,call,operand,int,64,7
1295,call,operand,int,64,8
1296,call,pointer,pointer,64,9
1297,extractelement,int,int,64,-1
1298,extractelement,operand,int,64,1
1299,ret,operand,int,64,0
1300,icmp,int,int,1,-1
1301,icmp,operand,int,32,0
1302,icmp,operand,int,32,1
1303,or,int,int,64,-1
1304,or,operand,int,64,0
1305,or,operand,int,64,1
1306,select,int,int,64,-1
1307,select,operand,int,1,0
1308,select,operand,int,64,1
1309,select,operand,int,64,2
1310,icmp,int,int,1,-1
1311,icmp,pointer,pointer,64,0
1312,icmp,pointer,pointer,64,1
1313,br,operand,int,1,0
1314,and,int,int,64,-1
1315,and,operand,int,64,0
1316,and,operand,int,64,1
1317,or,int,int,64,-1
1318,or,operand,int,64,0
1319,or,operand,int,64,1
1320,call,operand,int,32,0
1321,call,operand,int,64,1
1322,call,operand,int,64,2
1323,call,operand,int,64,3
1324,call,operand,int,64,4
1325,call,operand,int,64,5
1326,call,operand,int,64,6
1327,call,operand,int,64,7
1328,call,operand,int,64,8
1329,call,pointer,pointer,64,9
1330,and,int,int,64,-1
1331,and,operand,int,64,0
1332,and,operand,int,64,1
1333,and,int,int,64,-1
1334,and,operand,int,64,0
1335,and,operand,int,64,1
1336,insertelement,operand,int,64,1
1337,insertelement,operand,int,64,2
1338,phi,int,int,64,-1
1339,phi,operand,int,64,0
1340,phi,operand,int,64,1
1341,phi,pointer,pointer,64,-1
1342,phi,pointer,pointer,64,0
1343,phi,pointer,pointer,64,1
1344,icmp,int,int,1,-1
1345,icmp,operand,int,64,0
1346,icmp,operand,int,64,1
1347,extractelement,int,int,64,-1
1348,extractelement,operand,int,64,1
1349,or,int,int,64,-1
1350,or,operand,int,64,0
1351,or,operand,int,64,1
1352,insertelement,operand,int,64,1
1353,insertelement,operand,int,64,2
1354,select,operand,int,1,0
1355,call,int,int,64,-1
1356,call,operand,int,64,0
1357,call,operand,int,64,1
1358,call,pointer,pointer,64,2
1359,trunc,int,int,32,-1
1360,trunc,operand,int,64,0
1361,extractelement,int,int,64,-1
1362,extractelement,operand,int,64,1
1363,icmp,int,int,1,-1
1364,icmp,operand,int,64,0
1365,icmp,operand,int,64,1
1366,br,operand,int,1,0
1367,icmp,int,int,1,-1
1368,icmp,operand,int,64,0
1369,icmp,operand,int,64,1
1370,br,operand,int,1,0
1371,load,int,int,8,-1
1372,load,pointer,pointer,64,0
1373,zext,int,int,64,-1
1374,zext,operand,int,8,0
1375,getelementptr,pointer,pointer,64,-1
1376,getelementptr,pointer,pointer,64,0
1377,getelementptr,operand,int,64,1
1378,load,int,int,8,-1
1379,load,pointer,pointer,64,0
1380,zext,int,int,64,-1
1381,zext,operand,int,8,0
1382,shl,int,int,64,-1
1383,shl,operand,int,64,0
1384,shl,operand,int,64,1
1385,or,int,int,64,-1
1386,or,operand,int,64,0
1387,or,operand,int,64,1
1388,getelementptr,pointer,pointer,64,-1
1389,getelementptr,pointer,pointer,64,0
1390,getelementptr,operand,int,64,1
1391,load,int,int,8,-1
1392,load,pointer,pointer,64,0
1393,zext,int,int,64,-1
1394,zext,operand,int,8,0
1395,shl,int,int,64,-1
1396,shl,operand,int,64,0
1397,shl,operand,int,64,1
1398,or,int,int,64,-1
1399,or,operand,int,64,0
1400,or,operand,int,64,1
1401,getelementptr,pointer,pointer,64,-1
1402,getelementptr,pointer,pointer,64,0
1403,getelementptr,operand,int,64,1
1404,load,int,int,8,-1
1405,load,pointer,pointer,64,0
1406,zext,int,int,64,-1
1407,zext,operand,int,8,0
1408,shl,int,int,64,-1
1409,shl,operand,int,64,0
1410,shl,operand,int,64,1
1411,or,int,int,64,-1
1412,or,operand,int,64,0
1413,or,operand,int,64,1
1414,getelementptr,pointer,pointer,64,-1
1415,getelementptr,pointer,pointer,64,0
1416,getelementptr,operand,int,64,1
1417,load,int,int,8,-1
1418,load,pointer,pointer,64,0
1419,zext,int,int,64,-1
1420,zext,operand,int,8,0
1421,shl,int,int,64,-1
1422,shl,operand,int,64,0
1423,shl,operand,int,64,1
1424,or,int,int,64,-1
1425,or,operand,int,64,0
1426,or,operand,int,64,1
1427,getelementptr,pointer,pointer,64,-1
1428,getelementptr,pointer,pointer,64,0
1429,getelementptr,operand,int,64,1
1430,load,int,int,8,-1
1431,load,pointer,pointer,64,0
1432,zext,int,int,64,-1
1433,zext,operand,int,8,0
1434,shl,int,int,64,-1
1435,shl,operand,int,64,0
1436,shl,operand,int,64,1
1437,or,int,int,64,-1
1438,or,operand,int,64,0
1439,or,operand,int,64,1
1440,getelementptr,pointer,pointer,64,-1
1441,getelementptr,pointer,pointer,64,0
1442,getelementptr,operand,int,64,1
1443,load,int,int,8,-1
1444,load,pointer,pointer,64,0
1445,zext,int,int,64,-1
1446,zext,operand,int,8,0
1447,shl,int,int,64,-1
1448,shl,operand,int,64,0
1449,shl,operand,int,64,1
1450,or,int,int,64,-1
1451,or,operand,int,64,0
1452,or,operand,int,64,1
1453,getelementptr,pointer,pointer,64,-1
1454,getelementptr,pointer,pointer,64,0
1455,getelementptr,operand,int,64,1
1456,load,int,int,8,-1
1457,load,pointer,pointer,64,0
1458,zext,int,int,64,-1
1459,zext,operand,int,8,0
1460,shl,int,int,64,-1
1461,shl,operand,int,64,0
1462,shl,operand,int,64,1
1463,or,int,int,64,-1
1464,or,operand,int,64,0
1465,or,operand,int,64,1
1466,add,int,int,32,-1
1467,add,operand,int,32,0
1468,add,operand,int,32,1
1469,getelementptr,pointer,pointer,64,-1
1470,getelementptr,pointer,pointer,64,0
1471,getelementptr,operand,int,64,1
1472,phi,int,int,32,-1
1473,phi,operand,int,32,0
1474,phi,operand,int,32,1
1475,phi,int,int,64,-1
1476,phi,operand,int,64,0
1477,phi,operand,int,64,1
1478,zext,int,int,64,-1
1479,zext,operand,int,32,0
1480,getelementptr,pointer,pointer,64,-1
1481,getelementptr,pointer,pointer,64,0
1482,getelementptr,operand,int,64,1
1483,load,int,int,8,-1
1484,load,pointer,pointer,64,0
1485,zext,int,int,64,-1
1486,zext,operand,int,8,0
1487,shl,int,int,32,-1
1488,shl,operand,int,32,0
1489,shl,operand,int,32,1
1490,zext,int,int,64,-1
1491,zext,operand,int,32,0
1492,shl,int,int,64,-1
1493,shl,operand,int,64,0
1494,shl,operand,int,64,1
1495,or,int,int,64,-1
1496,or,operand,int,64,0
1497,or,operand,int,64,1
1498,add,int,int,32,-1
1499,add,operand,int,32,0
1500,add,operand,int,32,1
1501,icmp,int,int,1,-1
1502,icmp,operand,int,32,0
1503,icmp,operand,int,32,1
1504,br,operand,int,1,0
1505,phi,pointer,pointer,64,-1
1506,phi,pointer,pointer,64,0
1507,phi,pointer,pointer,64,1
1508,phi,pointer,pointer,64,2
1509,phi,int,int,32,-1
1510,phi,operand,int,32,0
1511,phi,operand,int,32,1
1512,phi,operand,int,32,2
1513,phi,int,int,64,-1
1514,phi,operand,int,64,0
1515,phi,operand,int,64,1
1516,phi,operand,int,64,2
1517,icmp,int,int,1,-1
1518,icmp,operand,int,32,0
1519,icmp,operand,int,32,1
1520,br,operand,int,1,0
1521,icmp,int,int,1,-1
1522,icmp,operand,int,32,0
1523,icmp,operand,int,32,1
1524,br,operand,int,1,0
1525,load,int,int,8,-1
1526,load,pointer,pointer,64,0
1527,zext,int,int,64,-1
1528,zext,operand,int,8,0
1529,getelementptr,pointer,pointer,64,-1
1530,getelementptr,pointer,pointer,64,0
1531,getelementptr,operand,int,64,1
1532,load,int,int,8,-1
1533,load,pointer,pointer,64,0
1534,zext,int,int,64,-1
1535,zext,operand,int,8,0
1536,shl,int,int,64,-1
1537,shl,operand,int,64,0
1538,shl,operand,int,64,1
1539,or,int,int,64,-1
1540,or,operand,int,64,0
1541,or,operand,int,64,1
1542,getelementptr,pointer,pointer,64,-1
1543,getelementptr,pointer,pointer,64,0
1544,getelementptr,operand,int,64,1
1545,load,int,int,8,-1
1546,load,pointer,pointer,64,0
1547,zext,int,int,64,-1
1548,zext,operand,int,8,0
1549,shl,int,int,64,-1
1550,shl,operand,int,64,0
1551,shl,operand,int,64,1
1552,or,int,int,64,-1
1553,or,operand,int,64,0
1554,or,operand,int,64,1
1555,getelementptr,pointer,pointer,64,-1
1556,getelementptr,pointer,pointer,64,0
1557,getelementptr,operand,int,64,1
1558,load,int,int,8,-1
1559,load,pointer,pointer,64,0
1560,zext,int,int,64,-1
1561,zext,operand,int,8,0
1562,shl,int,int,64,-1
1563,shl,operand,int,64,0
1564,shl,operand,int,64,1
1565,or,int,int,64,-1
1566,or,operand,int,64,0
1567,or,operand,int,64,1
1568,getelementptr,pointer,pointer,64,-1
1569,getelementptr,pointer,pointer,64,0
1570,getelementptr,operand,int,64,1
1571,load,int,int,8,-1
1572,load,pointer,pointer,64,0
1573,zext,int,int,64,-1
1574,zext,operand,int,8,0
1575,shl,int,int,64,-1
1576,shl,operand,int,64,0
1577,shl,operand,int,64,1
1578,or,int,int,64,-1
1579,or,operand,int,64,0
1580,or,operand,int,64,1
1581,getelementptr,pointer,pointer,64,-1
1582,getelementptr,pointer,pointer,64,0
1583,getelementptr,operand,int,64,1
1584,load,int,int,8,-1
1585,load,pointer,pointer,64,0
1586,zext,int,int,64,-1
1587,zext,operand,int,8,0
1588,shl,int,int,64,-1
1589,shl,operand,int,64,0
1590,shl,operand,int,64,1
1591,or,int,int,64,-1
1592,or,operand,int,64,0
1593,or,operand,int,64,1
1594,getelementptr,pointer,pointer,64,-1
1595,getelementptr,pointer,pointer,64,0
1596,getelementptr,operand,int,64,1
1597,load,int,int,8,-1
1598,load,pointer,pointer,64,0
1599,zext,int,int,64,-1
1600,zext,operand,int,8,0
1601,shl,int,int,64,-1
1602,shl,operand,int,64,0
1603,shl,operand,int,64,1
1604,or,int,int,64,-1
1605,or,operand,int,64,0
1606,or,operand,int,64,1
1607,getelementptr,pointer,pointer,64,-1
1608,getelementptr,pointer,pointer,64,0
1609,getelementptr,operand,int,64,1
1610,load,int,int,8,-1
1611,load,pointer,pointer,64,0
1612,zext,int,int,64,-1
1613,zext,operand,int,8,0
1614,shl,int,int,64,-1
1615,shl,operand,int,64,0
1616,shl,operand,int,64,1
1617,or,int,int,64,-1
1618,or,operand,int,64,0
1619,or,operand,int,64,1
1620,add,int,int,32,-1
1621,add,operand,int,32,0
1622,add,operand,int,32,1
1623,getelementptr,pointer,pointer,64,-1
1624,getelementptr,pointer,pointer,64,0
1625,getelementptr,operand,int,64,1
1626,phi,int,int,32,-1
1627,phi,operand,int,32,0
1628,phi,operand,int,32,1
1629,phi,int,int,64,-1
1630,phi,operand,int,64,0
1631,phi,operand,int,64,1
1632,zext,int,int,64,-1
1633,zext,operand,int,32,0
1634,getelementptr,pointer,pointer,64,-1
1635,getelementptr,pointer,pointer,64,0
1636,getelementptr,operand,int,64,1
1637,load,int,int,8,-1
1638,load,pointer,pointer,64,0
1639,zext,int,int,64,-1
1640,zext,operand,int,8,0
1641,shl,int,int,32,-1
1642,shl,operand,int,32,0
1643,shl,operand,int,32,1
1644,zext,int,int,64,-1
1645,zext,operand,int,32,0
1646,shl,int,int,64,-1
1647,shl,operand,int,64,0
1648,shl,operand,int,64,1
1649,or,int,int,64,-1
1650,or,operand,int,64,0
1651,or,operand,int,64,1
1652,add,int,int,32,-1
1653,add,operand,int,32,0
1654,add,operand,int,32,1
1655,icmp,int,int,1,-1
1656,icmp,operand,int,32,0
1657,icmp,operand,int,32,1
1658,br,operand,int,1,0
1659,phi,pointer,pointer,64,-1
1660,phi,pointer,pointer,64,0
1661,phi,pointer,pointer,64,1
1662,phi,pointer,pointer,64,2
1663,phi,int,int,32,-1
1664,phi,operand,int,32,0
1665,phi,operand,int,32,1
1666,phi,operand,int,32,2
1667,phi,int,int,64,-1
1668,phi,operand,int,64,0
1669,phi,operand,int,64,1
1670,phi,operand,int,64,2
1671,icmp,int,int,1,-1
1672,icmp,operand,int,32,0
1673,icmp,operand,int,32,1
1674,br,operand,int,1,0
1675,icmp,int,int,1,-1
1676,icmp,operand,int,32,0
1677,icmp,operand,int,32,1
1678,br,operand,int,1,0
1679,load,int,int,8,-1
1680,load,pointer,pointer,64,0
1681,zext,int,int,64,-1
1682,zext,operand,int,8,0
1683,getelementptr,pointer,pointer,64,-1
1684,getelementptr,pointer,pointer,64,0
1685,getelementptr,operand,int,64,1
1686,load,int,int,8,-1
1687,load,pointer,pointer,64,0
1688,zext,int,int,64,-1
1689,zext,operand,int,8,0
1690,shl,int,int,64,-1
1691,shl,operand,int,64,0
1692,shl,operand,int,64,1
1693,or,int,int,64,-1
1694,or,operand,int,64,0
1695,or,operand,int,64,1
1696,getelementptr,pointer,pointer,64,-1
1697,getelementptr,pointer,pointer,64,0
1698,getelementptr,operand,int,64,1
1699,load,int,int,8,-1
1700,load,pointer,pointer,64,0
1701,zext,int,int,64,-1
1702,zext,operand,int,8,0
1703,shl,int,int,64,-1
1704,shl,operand,int,64,0
1705,shl,operand,int,64,1
1706,or,int,int,64,-1
1707,or,operand,int,64,0
1708,or,operand,int,64,1
1709,getelementptr,pointer,pointer,64,-1
1710,getelementptr,pointer,pointer,64,0
1711,getelementptr,operand,int,64,1
1712,load,int,int,8,-1
1713,load,pointer,pointer,64,0
1714,zext,int,int,64,-1
1715,zext,operand,int,8,0
1716,shl,int,int,64,-1
1717,shl,operand,int,64,0
1718,shl,operand,int,64,1
1719,or,int,int,64,-1
1720,or,operand,int,64,0
1721,or,operand,int,64,1
1722,getelementptr,pointer,pointer,64,-1
1723,getelementptr,pointer,pointer,64,0
1724,getelementptr,operand,int,64,1
1725,load,int,int,8,-1
1726,load,pointer,pointer,64,0
1727,zext,int,int,64,-1
1728,zext,operand,int,8,0
1729,shl,int,int,64,-1
1730,shl,operand,int,64,0
1731,shl,operand,int,64,1
1732,or,int,int,64,-1
1733,or,operand,int,64,0
1734,or,operand,int,64,1
1735,getelementptr,pointer,pointer,64,-1
1736,getelementptr,pointer,pointer,64,0
1737,getelementptr,operand,int,64,1
1738,load,int,int,8,-1
1739,load,pointer,pointer,64,0
1740,zext,int,int,64,-1
1741,zext,operand,int,8,0
1742,shl,int,int,64,-1
1743,shl,operand,int,64,0
1744,shl,operand,int,64,1
1745,or,int,int,64,-1
1746,or,operand,int,64,0
1747,or,operand,int,64,1
1748,getelementptr,pointer,pointer,64,-1
1749,getelementptr,pointer,pointer,64,0
1750,getelementptr,operand,int,64,1
1751,load,int,int,8,-1
1752,load,pointer,pointer,64,0
1753,zext,int,int,64,-1
1754,zext,operand,int,8,0
1755,shl,int,int,64,-1
1756,shl,operand,int,64,0
1757,shl,operand,int,64,1
1758,or,int,int,64,-1
1759,or,operand,int,64,0
1760,or,operand,int,64,1
1761,getelementptr,pointer,pointer,64,-1
1762,getelementptr,pointer,pointer,64,0
1763,getelementptr,operand,int,64,1
1764,load,int,int,8,-1
1765,load,pointer,pointer,64,0
1766,zext,int,int,64,-1
1767,zext,operand,int,8,0
1768,shl,int,int,64,-1
1769,shl,operand,int,64,0
1770,shl,operand,int,64,1
1771,or,int,int,64,-1
1772,or,operand,int,64,0
1773,or,operand,int,64,1
1774,add,int,int,32,-1
1775,add,operand,int,32,0
1776,add,operand,int,32,1
1777,getelementptr,pointer,pointer,64,-1
1778,getelementptr,pointer,pointer,64,0
1779,getelementptr,operand,int,64,1
1780,phi,int,int,32,-1
1781,phi,operand,int,32,0
1782,phi,operand,int,32,1
1783,phi,int,int,64,-1
1784,phi,operand,int,64,0
1785,phi,operand,int,64,1
1786,zext,int,int,64,-1
1787,zext,operand,int,32,0
1788,getelementptr,pointer,pointer,64,-1
1789,getelementptr,pointer,pointer,64,0
1790,getelementptr,operand,int,64,1
1791,load,int,int,8,-1
1792,load,pointer,pointer,64,0
1793,zext,int,int,64,-1
1794,zext,operand,int,8,0
1795,shl,int,int,32,-1
1796,shl,operand,int,32,0
1797,shl,operand,int,32,1
1798,zext,int,int,64,-1
1799,zext,operand,int,32,0
1800,shl,int,int,64,-1
1801,shl,operand,int,64,0
1802,shl,operand,int,64,1
1803,or,int,int,64,-1
1804,or,operand,int,64,0
1805,or,operand,int,64,1
1806,add,int,int,32,-1
1807,add,operand,int,32,0
1808,add,operand,int,32,1
1809,icmp,int,int,1,-1
1810,icmp,operand,int,32,0
1811,icmp,operand,int,32,1
1812,br,operand,int,1,0
1813,phi,pointer,pointer,64,-1
1814,phi,pointer,pointer,64,0
1815,phi,pointer,pointer,64,1
1816,phi,pointer,pointer,64,2
1817,phi,int,int,32,-1
1818,phi,operand,int,32,0
1819,phi,operand,int,32,1
1820,phi,operand,int,32,2
1821,phi,int,int,64,-1
1822,phi,operand,int,64,0
1823,phi,operand,int,64,1
1824,phi,operand,int,64,2
1825,icmp,int,int,1,-1
1826,icmp,operand,int,32,0
1827,icmp,operand,int,32,1
1828,br,operand,int,1,0
1829,icmp,int,int,1,-1
1830,icmp,operand,int,32,0
1831,icmp,operand,int,32,1
1832,br,operand,int,1,0
1833,load,int,int,8,-1
1834,load,pointer,pointer,64,0
1835,zext,int,int,64,-1
1836,zext,operand,int,8,0
1837,getelementptr,pointer,pointer,64,-1
1838,getelementptr,pointer,pointer,64,0
1839,getelementptr,operand,int,64,1
1840,load,int,int,8,-1
1841,load,pointer,pointer,64,0
1842,zext,int,int,64,-1
1843,zext,operand,int,8,0
1844,shl,int,int,64,-1
1845,shl,operand,int,64,0
1846,shl,operand,int,64,1
1847,or,int,int,64,-1
1848,or,operand,int,64,0
1849,or,operand,int,64,1
1850,getelementptr,pointer,pointer,64,-1
1851,getelementptr,pointer,pointer,64,0
1852,getelementptr,operand,int,64,1
1853,load,int,int,8,-1
1854,load,pointer,pointer,64,0
1855,zext,int,int,64,-1
1856,zext,operand,int,8,0
1857,shl,int,int,64,-1
1858,shl,operand,int,64,0
1859,shl,operand,int,64,1
1860,or,int,int,64,-1
1861,or,operand,int,64,0
1862,or,operand,int,64,1
1863,getelementptr,pointer,pointer,64,-1
1864,getelementptr,pointer,pointer,64,0
1865,getelementptr,operand,int,64,1
1866,load,int,int,8,-1
1867,load,pointer,pointer,64,0
1868,zext,int,int,64,-1
1869,zext,operand,int,8,0
1870,shl,int,int,64,-1
1871,shl,operand,int,64,0
1872,shl,operand,int,64,1
1873,or,int,int,64,-1
1874,or,operand,int,64,0
1875,or,operand,int,64,1
1876,getelementptr,pointer,pointer,64,-1
1877,getelementptr,pointer,pointer,64,0
1878,getelementptr,operand,int,64,1
1879,load,int,int,8,-1
1880,load,pointer,pointer,64,0
1881,zext,int,int,64,-1
1882,zext,operand,int,8,0
1883,shl,int,int,64,-1
1884,shl,operand,int,64,0
1885,shl,operand,int,64,1
1886,or,int,int,64,-1
1887,or,operand,int,64,0
1888,or,operand,int,64,1
1889,getelementptr,pointer,pointer,64,-1
1890,getelementptr,pointer,pointer,64,0
1891,getelementptr,operand,int,64,1
1892,load,int,int,8,-1
1893,load,pointer,pointer,64,0
1894,zext,int,int,64,-1
1895,zext,operand,int,8,0
1896,shl,int,int,64,-1
1897,shl,operand,int,64,0
1898,shl,operand,int,64,1
1899,or,int,int,64,-1
1900,or,operand,int,64,0
1901,or,operand,int,64,1
1902,getelementptr,pointer,pointer,64,-1
1903,getelementptr,pointer,pointer,64,0
1904,getelementptr,operand,int,64,1
1905,load,int,int,8,-1
1906,load,pointer,pointer,64,0
1907,zext,int,int,64,-1
1908,zext,operand,int,8,0
1909,shl,int,int,64,-1
1910,shl,operand,int,64,0
1911,shl,operand,int,64,1
1912,or,int,int,64,-1
1913,or,operand,int,64,0
1914,or,operand,int,64,1
1915,getelementptr,pointer,pointer,64,-1
1916,getelementptr,pointer,pointer,64,0
1917,getelementptr,operand,int,64,1
1918,load,int,int,8,-1
1919,load,pointer,pointer,64,0
1920,zext,int,int,64,-1
1921,zext,operand,int,8,0
1922,shl,int,int,64,-1
1923,shl,operand,int,64,0
1924,shl,operand,int,64,1
1925,or,int,int,64,-1
1926,or,operand,int,64,0
1927,or,operand,int,64,1
1928,add,int,int,32,-1
1929,add,operand,int,32,0
1930,add,operand,int,32,1
1931,getelementptr,pointer,pointer,64,-1
1932,getelementptr,pointer,pointer,64,0
1933,getelementptr,operand,int,64,1
1934,phi,int,int,32,-1
1935,phi,operand,int,32,0
1936,phi,operand,int,32,1
1937,phi,int,int,64,-1
1938,phi,operand,int,64,0
1939,phi,operand,int,64,1
1940,zext,int,int,64,-1
1941,zext,operand,int,32,0
1942,getelementptr,pointer,pointer,64,-1
1943,getelementptr,pointer,pointer,64,0
1944,getelementptr,operand,int,64,1
1945,load,int,int,8,-1
1946,load,pointer,pointer,64,0
1947,zext,int,int,64,-1
1948,zext,operand,int,8,0
1949,shl,int,int,32,-1
1950,shl,operand,int,32,0
1951,shl,operand,int,32,1
1952,zext,int,int,64,-1
1953,zext,operand,int,32,0
1954,shl,int,int,64,-1
1955,shl,operand,int,64,0
1956,shl,operand,int,64,1
1957,or,int,int,64,-1
1958,or,operand,int,64,0
1959,or,operand,int,64,1
1960,add,int,int,32,-1
1961,add,operand,int,32,0
1962,add,operand,int,32,1
1963,icmp,int,int,1,-1
1964,icmp,operand,int,32,0
1965,icmp,operand,int,32,1
1966,br,operand,int,1,0
1967,phi,pointer,pointer,64,-1
1968,phi,pointer,pointer,64,0
1969,phi,pointer,pointer,64,1
1970,phi,pointer,pointer,64,2
1971,phi,int,int,32,-1
1972,phi,operand,int,32,0
1973,phi,operand,int,32,1
1974,phi,operand,int,32,2
1975,phi,int,int,64,-1
1976,phi,operand,int,64,0
1977,phi,operand,int,64,1
1978,phi,operand,int,64,2
1979,icmp,int,int,1,-1
1980,icmp,operand,int,32,0
1981,icmp,operand,int,32,1
1982,br,operand,int,1,0
1983,icmp,int,int,1,-1
1984,icmp,operand,int,32,0
1985,icmp,operand,int,32,1
1986,br,operand,int,1,0
1987,load,int,int,8,-1
1988,load,pointer,pointer,64,0
1989,zext,int,int,64,-1
1990,zext,operand,int,8,0
1991,getelementptr,pointer,pointer,64,-1
1992,getelementptr,pointer,pointer,64,0
1993,getelementptr,operand,int,64,1
1994,load,int,int,8,-1
1995,load,pointer,pointer,64,0
1996,zext,int,int,64,-1
1997,zext,operand,int,8,0
1998,shl,int,int,64,-1
1999,shl,operand,int,64,0
2000,shl,operand,int,64,1
2001,or,int,int,64,-1
2002,or,operand,int,64,0
2003,or,operand,int,64,1
2004,getelementptr,pointer,pointer,64,-1
2005,getelementptr,pointer,pointer,64,0
2006,getelementptr,operand,int,64,1
2007,load,int,int,8,-1
2008,load,pointer,pointer,64,0
2009,zext,int,int,64,-1
2010,zext,operand,int,8,0
2011,shl,int,int,64,-1
2012,shl,operand,int,64,0
2013,shl,operand,int,64,1
2014,or,int,int,64,-1
2015,or,operand,int,64,0
2016,or,operand,int,64,1
2017,getelementptr,pointer,pointer,64,-1
2018,getelementptr,pointer,pointer,64,0
2019,getelementptr,operand,int,64,1
2020,load,int,int,8,-1
2021,load,pointer,pointer,64,0
2022,zext,int,int,64,-1
2023,zext,operand,int,8,0
2024,shl,int,int,64,-1
2025,shl,operand,int,64,0
2026,shl,operand,int,64,1
2027,or,int,int,64,-1
2028,or,operand,int,64,0
2029,or,operand,int,64,1
2030,getelementptr,pointer,pointer,64,-1
2031,getelementptr,pointer,pointer,64,0
2032,getelementptr,operand,int,64,1
2033,load,int,int,8,-1
2034,load,pointer,pointer,64,0
2035,zext,int,int,64,-1
2036,zext,operand,int,8,0
2037,shl,int,int,64,-1
2038,shl,operand,int,64,0
2039,shl,operand,int,64,1
2040,or,int,int,64,-1
2041,or,operand,int,64,0
2042,or,operand,int,64,1
2043,getelementptr,pointer,pointer,64,-1
2044,getelementptr,pointer,pointer,64,0
2045,getelementptr,operand,int,64,1
2046,load,int,int,8,-1
2047,load,pointer,pointer,64,0
2048,zext,int,int,64,-1
2049,zext,operand,int,8,0
2050,shl,int,int,64,-1
2051,shl,operand,int,64,0
2052,shl,operand,int,64,1
2053,or,int,int,64,-1
2054,or,operand,int,64,0
2055,or,operand,int,64,1
2056,getelementptr,pointer,pointer,64,-1
2057,getelementptr,pointer,pointer,64,0
2058,getelementptr,operand,int,64,1
2059,load,int,int,8,-1
2060,load,pointer,pointer,64,0
2061,zext,int,int,64,-1
2062,zext,operand,int,8,0
2063,shl,int,int,64,-1
2064,shl,operand,int,64,0
2065,shl,operand,int,64,1
2066,or,int,int,64,-1
2067,or,operand,int,64,0
2068,or,operand,int,64,1
2069,getelementptr,pointer,pointer,64,-1
2070,getelementptr,pointer,pointer,64,0
2071,getelementptr,operand,int,64,1
2072,load,int,int,8,-1
2073,load,pointer,pointer,64,0
2074,zext,int,int,64,-1
2075,zext,operand,int,8,0
2076,shl,int,int,64,-1
2077,shl,operand,int,64,0
2078,shl,operand,int,64,1
2079,or,int,int,64,-1
2080,or,operand,int,64,0
2081,or,operand,int,64,1
2082,add,int,int,32,-1
2083,add,operand,int,32,0
2084,add,operand,int,32,1
2085,getelementptr,pointer,pointer,64,-1
2086,getelementptr,pointer,pointer,64,0
2087,getelementptr,operand,int,64,1
2088,phi,int,int,32,-1
2089,phi,operand,int,32,0
2090,phi,operand,int,32,1
2091,phi,int,int,64,-1
2092,phi,operand,int,64,0
2093,phi,operand,int,64,1
2094,zext,int,int,64,-1
2095,zext,operand,int,32,0
2096,getelementptr,pointer,pointer,64,-1
2097,getelementptr,pointer,pointer,64,0
2098,getelementptr,operand,int,64,1
2099,load,int,int,8,-1
2100,load,pointer,pointer,64,0
2101,zext,int,int,64,-1
2102,zext,operand,int,8,0
2103,shl,int,int,32,-1
2104,shl,operand,int,32,0
2105,shl,operand,int,32,1
2106,zext,int,int,64,-1
2107,zext,operand,int,32,0
2108,shl,int,int,64,-1
2109,shl,operand,int,64,0
2110,shl,operand,int,64,1
2111,or,int,int,64,-1
2112,or,operand,int,64,0
2113,or,operand,int,64,1
2114,add,int,int,32,-1
2115,add,operand,int,32,0
2116,add,operand,int,32,1
2117,icmp,int,int,1,-1
2118,icmp,operand,int,32,0
2119,icmp,operand,int,32,1
2120,br,operand,int,1,0
2121,phi,pointer,pointer,64,-1
2122,phi,pointer,pointer,64,0
2123,phi,pointer,pointer,64,1
2124,phi,pointer,pointer,64,2
2125,phi,int,int,32,-1
2126,phi,operand,int,32,0
2127,phi,operand,int,32,1
2128,phi,operand,int,32,2
2129,phi,int,int,64,-1
2130,phi,operand,int,64,0
2131,phi,operand,int,64,1
2132,phi,operand,int,64,2
2133,icmp,int,int,1,-1
2134,icmp,operand,int,32,0
2135,icmp,operand,int,32,1
2136,br,operand,int,1,0
2137,icmp,int,int,1,-1
2138,icmp,operand,int,32,0
2139,icmp,operand,int,32,1
2140,br,operand,int,1,0
2141,load,int,int,8,-1
2142,load,pointer,pointer,64,0
2143,zext,int,int,64,-1
2144,zext,operand,int,8,0
2145,getelementptr,pointer,pointer,64,-1
2146,getelementptr,pointer,pointer,64,0
2147,getelementptr,operand,int,64,1
2148,load,int,int,8,-1
2149,load,pointer,pointer,64,0
2150,zext,int,int,64,-1
2151,zext,operand,int,8,0
2152,shl,int,int,64,-1
2153,shl,operand,int,64,0
2154,shl,operand,int,64,1
2155,or,int,int,64,-1
2156,or,operand,int,64,0
2157,or,operand,int,64,1
2158,getelementptr,pointer,pointer,64,-1
2159,getelementptr,pointer,pointer,64,0
2160,getelementptr,operand,int,64,1
2161,load,int,int,8,-1
2162,load,pointer,pointer,64,0
2163,zext,int,int,64,-1
2164,zext,operand,int,8,0
2165,shl,int,int,64,-1
2166,shl,operand,int,64,0
2167,shl,operand,int,64,1
2168,or,int,int,64,-1
2169,or,operand,int,64,0
2170,or,operand,int,64,1
2171,getelementptr,pointer,pointer,64,-1
2172,getelementptr,pointer,pointer,64,0
2173,getelementptr,operand,int,64,1
2174,load,int,int,8,-1
2175,load,pointer,pointer,64,0
2176,zext,int,int,64,-1
2177,zext,operand,int,8,0
2178,shl,int,int,64,-1
2179,shl,operand,int,64,0
2180,shl,operand,int,64,1
2181,or,int,int,64,-1
2182,or,operand,int,64,0
2183,or,operand,int,64,1
2184,getelementptr,pointer,pointer,64,-1
2185,getelementptr,pointer,pointer,64,0
2186,getelementptr,operand,int,64,1
2187,load,int,int,8,-1
2188,load,pointer,pointer,64,0
2189,zext,int,int,64,-1
2190,zext,operand,int,8,0
2191,shl,int,int,64,-1
2192,shl,operand,int,64,0
2193,shl,operand,int,64,1
2194,or,int,int,64,-1
2195,or,operand,int,64,0
2196,or,operand,int,64,1
2197,getelementptr,pointer,pointer,64,-1
2198,getelementptr,pointer,pointer,64,0
2199,getelementptr,operand,int,64,1
2200,load,int,int,8,-1
2201,load,pointer,pointer,64,0
2202,zext,int,int,64,-1
2203,zext,operand,int,8,0
2204,shl,int,int,64,-1
2205,shl,operand,int,64,0
2206,shl,operand,int,64,1
2207,or,int,int,64,-1
2208,or,operand,int,64,0
2209,or,operand,int,64,1
2210,getelementptr,pointer,pointer,64,-1
2211,getelementptr,pointer,pointer,64,0
2212,getelementptr,operand,int,64,1
2213,load,int,int,8,-1
2214,load,pointer,pointer,64,0
2215,zext,int,int,64,-1
2216,zext,operand,int,8,0
2217,shl,int,int,64,-1
2218,shl,operand,int,64,0
2219,shl,operand,int,64,1
2220,or,int,int,64,-1
2221,or,operand,int,64,0
2222,or,operand,int,64,1
2223,getelementptr,pointer,pointer,64,-1
2224,getelementptr,pointer,pointer,64,0
2225,getelementptr,operand,int,64,1
2226,load,int,int,8,-1
2227,load,pointer,pointer,64,0
2228,zext,int,int,64,-1
2229,zext,operand,int,8,0
2230,shl,int,int,64,-1
2231,shl,operand,int,64,0
2232,shl,operand,int,64,1
2233,or,int,int,64,-1
2234,or,operand,int,64,0
2235,or,operand,int,64,1
2236,add,int,int,32,-1
2237,add,operand,int,32,0
2238,add,operand,int,32,1
2239,getelementptr,pointer,pointer,64,-1
2240,getelementptr,pointer,pointer,64,0
2241,getelementptr,operand,int,64,1
2242,phi,int,int,32,-1
2243,phi,operand,int,32,0
2244,phi,operand,int,32,1
2245,phi,int,int,64,-1
2246,phi,operand,int,64,0
2247,phi,operand,int,64,1
2248,zext,int,int,64,-1
2249,zext,operand,int,32,0
2250,getelementptr,pointer,pointer,64,-1
2251,getelementptr,pointer,pointer,64,0
2252,getelementptr,operand,int,64,1
2253,load,int,int,8,-1
2254,load,pointer,pointer,64,0
2255,zext,int,int,64,-1
2256,zext,operand,int,8,0
2257,shl,int,int,32,-1
2258,shl,operand,int,32,0
2259,shl,operand,int,32,1
2260,zext,int,int,64,-1
2261,zext,operand,int,32,0
2262,shl,int,int,64,-1
2263,shl,operand,int,64,0
2264,shl,operand,int,64,1
2265,or,int,int,64,-1
2266,or,operand,int,64,0
2267,or,operand,int,64,1
2268,add,int,int,32,-1
2269,add,operand,int,32,0
2270,add,operand,int,32,1
2271,icmp,int,int,1,-1
2272,icmp,operand,int,32,0
2273,icmp,operand,int,32,1
2274,br,operand,int,1,0
2275,phi,pointer,pointer,64,-1
2276,phi,pointer,pointer,64,0
2277,phi,pointer,pointer,64,1
2278,phi,pointer,pointer,64,2
2279,phi,int,int,32,-1
2280,phi,operand,int,32,0
2281,phi,operand,int,32,1
2282,phi,operand,int,32,2
2283,phi,int,int,64,-1
2284,phi,operand,int,64,0
2285,phi,operand,int,64,1
2286,phi,operand,int,64,2
2287,icmp,int,int,1,-1
2288,icmp,operand,int,32,0
2289,icmp,operand,int,32,1
2290,br,operand,int,1,0
2291,icmp,int,int,1,-1
2292,icmp,operand,int,32,0
2293,icmp,operand,int,32,1
2294,br,operand,int,1,0
2295,load,int,int,8,-1
2296,load,pointer,pointer,64,0
2297,zext,int,int,64,-1
2298,zext,operand,int,8,0
2299,getelementptr,pointer,pointer,64,-1
2300,getelementptr,pointer,pointer,64,0
2301,getelementptr,operand,int,64,1
2302,load,int,int,8,-1
2303,load,pointer,pointer,64,0
2304,zext,int,int,64,-1
2305,zext,operand,int,8,0
2306,shl,int,int,64,-1
2307,shl,operand,int,64,0
2308,shl,operand,int,64,1
2309,or,int,int,64,-1
2310,or,operand,int,64,0
2311,or,operand,int,64,1
2312,getelementptr,pointer,pointer,64,-1
2313,getelementptr,pointer,pointer,64,0
2314,getelementptr,operand,int,64,1
2315,load,int,int,8,-1
2316,load,pointer,pointer,64,0
2317,zext,int,int,64,-1
2318,zext,operand,int,8,0
2319,shl,int,int,64,-1
2320,shl,operand,int,64,0
2321,shl,operand,int,64,1
2322,or,int,int,64,-1
2323,or,operand,int,64,0
2324,or,operand,int,64,1
2325,getelementptr,pointer,pointer,64,-1
2326,getelementptr,pointer,pointer,64,0
2327,getelementptr,operand,int,64,1
2328,load,int,int,8,-1
2329,load,pointer,pointer,64,0
2330,zext,int,int,64,-1
2331,zext,operand,int,8,0
2332,shl,int,int,64,-1
2333,shl,operand,int,64,0
2334,shl,operand,int,64,1
2335,or,int,int,64,-1
2336,or,operand,int,64,0
2337,or,operand,int,64,1
2338,getelementptr,pointer,pointer,64,-1
2339,getelementptr,pointer,pointer,64,0
2340,getelementptr,operand,int,64,1
2341,load,int,int,8,-1
2342,load,pointer,pointer,64,0
2343,zext,int,int,64,-1
2344,zext,operand,int,8,0
2345,shl,int,int,64,-1
2346,shl,operand,int,64,0
2347,shl,operand,int,64,1
2348,or,int,int,64,-1
2349,or,operand,int,64,0
2350,or,operand,int,64,1
2351,getelementptr,pointer,pointer,64,-1
2352,getelementptr,pointer,pointer,64,0
2353,getelementptr,operand,int,64,1
2354,load,int,int,8,-1
2355,load,pointer,pointer,64,0
2356,zext,int,int,64,-1
2357,zext,operand,int,8,0
2358,shl,int,int,64,-1
2359,shl,operand,int,64,0
2360,shl,operand,int,64,1
2361,or,int,int,64,-1
2362,or,operand,int,64,0
2363,or,operand,int,64,1
2364,getelementptr,pointer,pointer,64,-1
2365,getelementptr,pointer,pointer,64,0
2366,getelementptr,operand,int,64,1
2367,load,int,int,8,-1
2368,load,pointer,pointer,64,0
2369,zext,int,int,64,-1
2370,zext,operand,int,8,0
2371,shl,int,int,64,-1
2372,shl,operand,int,64,0
2373,shl,operand,int,64,1
2374,or,int,int,64,-1
2375,or,operand,int,64,0
2376,or,operand,int,64,1
2377,getelementptr,pointer,pointer,64,-1
2378,getelementptr,pointer,pointer,64,0
2379,getelementptr,operand,int,64,1
2380,load,int,int,8,-1
2381,load,pointer,pointer,64,0
2382,zext,int,int,64,-1
2383,zext,operand,int,8,0
2384,shl,int,int,64,-1
2385,shl,operand,int,64,0
2386,shl,operand,int,64,1
2387,or,int,int,64,-1
2388,or,operand,int,64,0
2389,or,operand,int,64,1
2390,phi,int,int,32,-1
2391,phi,operand,int,32,0
2392,phi,operand,int,32,1
2393,phi,int,int,64,-1
2394,phi,operand,int,64,0
2395,phi,operand,int,64,1
2396,zext,int,int,64,-1
2397,zext,operand,int,32,0
2398,getelementptr,pointer,pointer,64,-1
2399,getelementptr,pointer,pointer,64,0
2400,getelementptr,operand,int,64,1
2401,load,int,int,8,-1
2402,load,pointer,pointer,64,0
2403,zext,int,int,64,-1
2404,zext,operand,int,8,0
2405,shl,int,int,32,-1
2406,shl,operand,int,32,0
2407,shl,operand,int,32,1
2408,zext,int,int,64,-1
2409,zext,operand,int,32,0
2410,shl,int,int,64,-1
2411,shl,operand,int,64,0
2412,shl,operand,int,64,1
2413,or,int,int,64,-1
2414,or,operand,int,64,0
2415,or,operand,int,64,1
2416,add,int,int,32,-1
2417,add,operand,int,32,0
2418,add,operand,int,32,1
2419,icmp,int,int,1,-1
2420,icmp,operand,int,32,0
2421,icmp,operand,int,32,1
2422,br,operand,int,1,0
2423,phi,int,int,64,-1
2424,phi,operand,int,64,0
2425,phi,operand,int,64,1
2426,phi,operand,int,64,2
2427,shl,int,int,64,-1
2428,shl,operand,int,64,0
2429,shl,operand,int,64,1
2430,add,int,int,64,-1
2431,add,operand,int,64,0
2432,add,operand,int,64,1
2433,and,int,int,64,-1
2434,and,operand,int,64,0
2435,and,operand,int,64,1
2436,and,int,int,64,-1
2437,and,operand,int,64,0
2438,and,operand,int,64,1
2439,or,int,int,64,-1
2440,or,operand,int,64,0
2441,or,operand,int,64,1
2442,call,operand,int,32,0
2443,call,operand,int,64,1
2444,call,operand,int,64,2
2445,call,operand,int,64,3
2446,call,operand,int,64,4
2447,call,operand,int,64,5
2448,call,operand,int,64,6
2449,call,operand,int,64,7
2450,call,operand,int,64,8
2451,call,pointer,pointer,64,9
2452,sub,int,int,64,-1
2453,sub,operand,int,64,0
2454,sub,operand,int,64,1
2455,getelementptr,pointer,pointer,64,-1
2456,getelementptr,pointer,pointer,64,0
2457,getelementptr,operand,int,64,1
2458,icmp,int,int,1,-1
2459,icmp,operand,int,64,0
2460,icmp,operand,int,64,1
2461,br,operand,int,1,0
2462,extractelement,int,int,64,-1
2463,extractelement,operand,int,64,1
2464,ret,operand,int,64,0
2465,switch,operand,int,32,0
2466,switch,operand,int,32,2
2467,switch,operand,int,32,4
2468,switch,operand,int,32,6
2469,load,int,int,32,-1
2470,load,pointer,pointer,64,0
2471,icmp,int,int,1,-1
2472,icmp,operand,int,32,0
2473,icmp,operand,int,32,1
2474,br,operand,int,1,0
2475,call,pointer,pointer,64,-1
2476,call,pointer,pointer,64,0
2477,call,int,int,32,-1
2478,call,pointer,pointer,64,0
2479,getelementptr,pointer,pointer,64,-1
2480,getelementptr,pointer,pointer,64,0
2481,getelementptr,operand,int,64,1
2482,load,int,int,16,-1
2483,load,pointer,pointer,64,0
2484,zext,int,int,32,-1
2485,zext,operand,int,16,0
2486,getelementptr,pointer,pointer,64,-1
2487,getelementptr,pointer,pointer,64,0
2488,getelementptr,operand,int,64,1
2489,load,int,int,32,-1
2490,load,pointer,pointer,64,0
2491,mul,int,int,32,-1
2492,mul,operand,int,32,0
2493,mul,operand,int,32,1
2494,sub,int,int,32,-1
2495,sub,operand,int,32,0
2496,sub,operand,int,32,1
2497,call,int,int,32,-1
2498,call,operand,int,32,0
2499,call,operand,int,32,1
2500,call,pointer,pointer,64,2
2501,zext,int,int,64,-1
2502,zext,operand,int,32,0
2503,call,int,int,32,-1
2504,call,pointer,pointer,64,0
2505,call,pointer,pointer,64,-1
2506,call,pointer,pointer,64,0
2507,load,int,int,32,-1
2508,load,pointer,pointer,64,0
2509,icmp,int,int,1,-1
2510,icmp,operand,int,32,0
2511,icmp,operand,int,32,1
2512,select,int,int,64,-1
2513,select,operand,int,1,0
2514,select,operand,int,64,1
2515,select,operand,int,64,2
2516,getelementptr,pointer,pointer,64,-1
2517,getelementptr,pointer,pointer,64,0
2518,getelementptr,operand,int,64,1
2519,load,int,int,16,-1
2520,load,pointer,pointer,64,0
2521,zext,int,int,64,-1
2522,zext,operand,int,16,0
2523,load,int,int,32,-1
2524,load,pointer,pointer,64,0
2525,icmp,int,int,1,-1
2526,icmp,operand,int,32,0
2527,icmp,operand,int,32,1
2528,br,operand,int,1,0
2529,call,pointer,pointer,64,-1
2530,call,pointer,pointer,64,0
2531,call,int,int,32,-1
2532,call,pointer,pointer,64,0
2533,getelementptr,pointer,pointer,64,-1
2534,getelementptr,pointer,pointer,64,0
2535,getelementptr,operand,int,64,1
2536,load,int,int,16,-1
2537,load,pointer,pointer,64,0
2538,zext,int,int,32,-1
2539,zext,operand,int,16,0
2540,getelementptr,pointer,pointer,64,-1
2541,getelementptr,pointer,pointer,64,0
2542,getelementptr,operand,int,64,1
2543,load,int,int,32,-1
2544,load,pointer,pointer,64,0
2545,mul,int,int,32,-1
2546,mul,operand,int,32,0
2547,mul,operand,int,32,1
2548,sub,int,int,32,-1
2549,sub,operand,int,32,0
2550,sub,operand,int,32,1
2551,call,int,int,32,-1
2552,call,operand,int,32,0
2553,call,operand,int,32,1
2554,call,pointer,pointer,64,2
2555,zext,int,int,64,-1
2556,zext,operand,int,32,0
2557,call,int,int,32,-1
2558,call,pointer,pointer,64,0
2559,call,pointer,pointer,64,-1
2560,call,pointer,pointer,64,0
2561,getelementptr,pointer,pointer,64,-1
2562,getelementptr,pointer,pointer,64,0
2563,getelementptr,operand,int,64,1
2564,load,int,int,32,-1
2565,load,pointer,pointer,64,0
2566,icmp,int,int,1,-1
2567,icmp,operand,int,32,0
2568,icmp,operand,int,32,1
2569,select,int,int,64,-1
2570,select,operand,int,1,0
2571,select,operand,int,64,1
2572,select,operand,int,64,2
2573,getelementptr,pointer,pointer,64,-1
2574,getelementptr,pointer,pointer,64,0
2575,getelementptr,operand,int,64,1
2576,load,int,int,16,-1
2577,load,pointer,pointer,64,0
2578,zext,int,int,64,-1
2579,zext,operand,int,16,0
2580,load,int,int,32,-1
2581,load,pointer,pointer,64,0
2582,icmp,int,int,1,-1
2583,icmp,operand,int,32,0
2584,icmp,operand,int,32,1
2585,br,operand,int,1,0
2586,call,pointer,pointer,64,-1
2587,call,pointer,pointer,64,0
2588,call,int,int,32,-1
2589,call,pointer,pointer,64,0
2590,getelementptr,pointer,pointer,64,-1
2591,getelementptr,pointer,pointer,64,0
2592,getelementptr,operand,int,64,1
2593,load,int,int,16,-1
2594,load,pointer,pointer,64,0
2595,zext,int,int,32,-1
2596,zext,operand,int,16,0
2597,getelementptr,pointer,pointer,64,-1
2598,getelementptr,pointer,pointer,64,0
2599,getelementptr,operand,int,64,1
2600,load,int,int,32,-1
2601,load,pointer,pointer,64,0
2602,mul,int,int,32,-1
2603,mul,operand,int,32,0
2604,mul,operand,int,32,1
2605,sub,int,int,32,-1
2606,sub,operand,int,32,0
2607,sub,operand,int,32,1
2608,call,int,int,32,-1
2609,call,operand,int,32,0
2610,call,operand,int,32,1
2611,call,pointer,pointer,64,2
2612,zext,int,int,64,-1
2613,zext,operand,int,32,0
2614,call,int,int,32,-1
2615,call,pointer,pointer,64,0
2616,call,pointer,pointer,64,-1
2617,call,pointer,pointer,64,0
2618,getelementptr,pointer,pointer,64,-1
2619,getelementptr,pointer,pointer,64,0
2620,getelementptr,operand,int,64,1
2621,load,int,int,32,-1
2622,load,pointer,pointer,64,0
2623,icmp,int,int,1,-1
2624,icmp,operand,int,32,0
2625,icmp,operand,int,32,1
2626,select,int,int,64,-1
2627,select,operand,int,1,0
2628,select,operand,int,64,1
2629,select,operand,int,64,2
2630,getelementptr,pointer,pointer,64,-1
2631,getelementptr,pointer,pointer,64,0
2632,getelementptr,operand,int,64,1
2633,load,int,int,16,-1
2634,load,pointer,pointer,64,0
2635,zext,int,int,64,-1
2636,zext,operand,int,16,0
2637,phi,int,int,64,-1
2638,phi,operand,int,64,0
2639,phi,operand,int,64,1
2640,phi,operand,int,64,2
2641,phi,operand,int,64,3
2642,phi,operand,int,64,4
2643,phi,operand,int,64,5
2644,phi,operand,int,64,6
2645,ret,operand,int,64,0
2646,switch,operand,int,32,0
2647,switch,operand,int,32,2
2648,switch,operand,int,32,4
2649,switch,operand,int,32,6
2650,call,int,int,32,-1
2651,call,pointer,pointer,64,0
2652,call,int,int,32,-1
2653,call,pointer,pointer,64,0
2654,call,int,int,32,-1
2655,call,pointer,pointer,64,0
2656,phi,int,int,32,-1
2657,phi,operand,int,32,0
2658,phi,operand,int,32,1
2659,phi,operand,int,32,2
2660,phi,operand,int,32,3
2661,zext,int,int,64,-1
2662,zext,operand,int,32,0
2663,ret,operand,int,64,0
