site_id,bit_index,result,exit_code,stdout,stderr,dump,metric_abs_max,metric_mean_abs,metric_rmse,metric_max_rel,metric_mean_rel,metric_p95_abs,metric_p99_abs,metric_num_bad,metric_frac_bad,metric_max_ulp,metric_mean_ulp,metric_ham_bits,metric_ham_bytes,metric_size_bytes
2,10,SDC,0,/home/mdunlavy/GPU_FI/HeCBench/results/llvm17_inject/randomAccess/float/site2_bit10.out,/home/mdunlavy/GPU_FI/HeCBench/results/llvm17_inject/randomAccess/float/site2_bit10.err,,,,,,,,,,,,,4,4,536870920
4,52,MASKED,0,/home/mdunlavy/GPU_FI/HeCBench/results/llvm17_inject/randomAccess/float/site4_bit52.out,/home/mdunlavy/GPU_FI/HeCBench/results/llvm17_inject/randomAccess/float/site4_bit52.err,,,,,,,,,,,,,,,
8,25,MASKED,0,/home/mdunlavy/GPU_FI/HeCBench/results/llvm17_inject/randomAccess/float/site8_bit25.out,/home/mdunlavy/GPU_FI/HeCBench/results/llvm17_inject/randomAccess/float/site8_bit25.err,,,,,,,,,,,,,,,
9,58,SDC,0,/home/mdunlavy/GPU_FI/HeCBench/results/llvm17_inject/randomAccess/float/site9_bit58.out,/home/mdunlavy/GPU_FI/HeCBench/results/llvm17_inject/randomAccess/float/site9_bit58.err,,,,,,,,,,,,,6,5,536870920
13,31,FAILURE,1,/home/mdunlavy/GPU_FI/HeCBench/results/llvm17_inject/randomAccess/float/site13_bit31.out,/home/mdunlavy/GPU_FI/HeCBench/results/llvm17_inject/randomAccess/float/site13_bit31.err,,,,,,,,,,,,,,,
15,42,FAILURE,1,/home/mdunlavy/GPU_FI/HeCBench/results/llvm17_inject/randomAccess/float/site15_bit42.out,/home/mdunlavy/GPU_FI/HeCBench/results/llvm17_inject/randomAccess/float/site15_bit42.err,,,,,,,,,,,,,,,
18,8,MASKED,0,/home/mdunlavy/GPU_FI/HeCBench/results/llvm17_inject/randomAccess/float/site18_bit8.out,/home/mdunlavy/GPU_FI/HeCBench/results/llvm17_inject/randomAccess/float/site18_bit8.err,,,,,,,,,,,,,,,
19,50,FAILURE,1,/home/mdunlavy/GPU_FI/HeCBench/results/llvm17_inject/randomAccess/float/site19_bit50.out,/home/mdunlavy/GPU_FI/HeCBench/results/llvm17_inject/randomAccess/float/site19_bit50.err,,,,,,,,,,,,,,,
21,22,FAILURE,1,/home/mdunlavy/GPU_FI/HeCBench/results/llvm17_inject/randomAccess/float/site21_bit22.out,/home/mdunlavy/GPU_FI/HeCBench/results/llvm17_inject/randomAccess/float/site21_bit22.err,,,,,,,,,,,,,,,
23,56,FAILURE,1,/home/mdunlavy/GPU_FI/HeCBench/results/llvm17_inject/randomAccess/float/site23_bit56.out,/home/mdunlavy/GPU_FI/HeCBench/results/llvm17_inject/randomAccess/float/site23_bit56.err,,,,,,,,,,,,,,,
25,28,MASKED,0,/home/mdunlavy/GPU_FI/HeCBench/results/llvm17_inject/randomAccess/float/site25_bit28.out,/home/mdunlavy/GPU_FI/HeCBench/results/llvm17_inject/randomAccess/float/site25_bit28.err,,,,,,,,,,,,,,,
43,0,FAILURE,1,/home/mdunlavy/GPU_FI/HeCBench/results/llvm17_inject/randomAccess/float/site43_bit0.out,/home/mdunlavy/GPU_FI/HeCBench/results/llvm17_inject/randomAccess/float/site43_bit0.err,,,,,,,,,,,,,,,
45,0,FAILURE,1,/home/mdunlavy/GPU_FI/HeCBench/results/llvm17_inject/randomAccess/float/site45_bit0.out,/home/mdunlavy/GPU_FI/HeCBench/results/llvm17_inject/randomAccess/float/site45_bit0.err,,,,,,,,,,,,,,,
46,31,FAILURE,1,/home/mdunlavy/GPU_FI/HeCBench/results/llvm17_inject/randomAccess/float/site46_bit31.out,/home/mdunlavy/GPU_FI/HeCBench/results/llvm17_inject/randomAccess/float/site46_bit31.err,,,,,,,,,,,,,,,
48,63,MASKED,0,/home/mdunlavy/GPU_FI/HeCBench/results/llvm17_inject/randomAccess/float/site48_bit63.out,/home/mdunlavy/GPU_FI/HeCBench/results/llvm17_inject/randomAccess/float/site48_bit63.err,,,,,,,,,,,,,,,
51,34,FAILURE,1,/home/mdunlavy/GPU_FI/HeCBench/results/llvm17_inject/randomAccess/float/site51_bit34.out,/home/mdunlavy/GPU_FI/HeCBench/results/llvm17_inject/randomAccess/float/site51_bit34.err,,,,,,,,,,,,,,,
53,11,FAILURE,1,/home/mdunlavy/GPU_FI/HeCBench/results/llvm17_inject/randomAccess/float/site53_bit11.out,/home/mdunlavy/GPU_FI/HeCBench/results/llvm17_inject/randomAccess/float/site53_bit11.err,,,,,,,,,,,,,,,
54,49,FAILURE,1,/home/mdunlavy/GPU_FI/HeCBench/results/llvm17_inject/randomAccess/float/site54_bit49.out,/home/mdunlavy/GPU_FI/HeCBench/results/llvm17_inject/randomAccess/float/site54_bit49.err,,,,,,,,,,,,,,,
57,11,FAILURE,1,/home/mdunlavy/GPU_FI/HeCBench/results/llvm17_inject/randomAccess/float/site57_bit11.out,/home/mdunlavy/GPU_FI/HeCBench/results/llvm17_inject/randomAccess/float/site57_bit11.err,,,,,,,,,,,,,,,
58,47,FAILURE,1,/home/mdunlavy/GPU_FI/HeCBench/results/llvm17_inject/randomAccess/float/site58_bit47.out,/home/mdunlavy/GPU_FI/HeCBench/results/llvm17_inject/randomAccess/float/site58_bit47.err,,,,,,,,,,,,,,,
60,10,FAILURE,1,/home/mdunlavy/GPU_FI/HeCBench/results/llvm17_inject/randomAccess/float/site60_bit10.out,/home/mdunlavy/GPU_FI/HeCBench/results/llvm17_inject/randomAccess/float/site60_bit10.err,,,,,,,,,,,,,,,
62,45,MASKED,0,/home/mdunlavy/GPU_FI/HeCBench/results/llvm17_inject/randomAccess/float/site62_bit45.out,/home/mdunlavy/GPU_FI/HeCBench/results/llvm17_inject/randomAccess/float/site62_bit45.err,,,,,,,,,,,,,,,
63,58,FAILURE,1,/home/mdunlavy/GPU_FI/HeCBench/results/llvm17_inject/randomAccess/float/site63_bit58.out,/home/mdunlavy/GPU_FI/HeCBench/results/llvm17_inject/randomAccess/float/site63_bit58.err,,,,,,,,,,,,,,,
66,29,FAILURE,1,/home/mdunlavy/GPU_FI/HeCBench/results/llvm17_inject/randomAccess/float/site66_bit29.out,/home/mdunlavy/GPU_FI/HeCBench/results/llvm17_inject/randomAccess/float/site66_bit29.err,,,,,,,,,,,,,,,
67,59,FAILURE,1,/home/mdunlavy/GPU_FI/HeCBench/results/llvm17_inject/randomAccess/float/site67_bit59.out,/home/mdunlavy/GPU_FI/HeCBench/results/llvm17_inject/randomAccess/float/site67_bit59.err,,,,,,,,,,,,,,,
69,26,FAILURE,1,/home/mdunlavy/GPU_FI/HeCBench/results/llvm17_inject/randomAccess/float/site69_bit26.out,/home/mdunlavy/GPU_FI/HeCBench/results/llvm17_inject/randomAccess/float/site69_bit26.err,,,,,,,,,,,,,,,
70,56,MASKED,0,/home/mdunlavy/GPU_FI/HeCBench/results/llvm17_inject/randomAccess/float/site70_bit56.out,/home/mdunlavy/GPU_FI/HeCBench/results/llvm17_inject/randomAccess/float/site70_bit56.err,,,,,,,,,,,,,,,
72,24,MASKED,0,/home/mdunlavy/GPU_FI/HeCBench/results/llvm17_inject/randomAccess/float/site72_bit24.out,/home/mdunlavy/GPU_FI/HeCBench/results/llvm17_inject/randomAccess/float/site72_bit24.err,,,,,,,,,,,,,,,
73,55,FAILURE,1,/home/mdunlavy/GPU_FI/HeCBench/results/llvm17_inject/randomAccess/float/site73_bit55.out,/home/mdunlavy/GPU_FI/HeCBench/results/llvm17_inject/randomAccess/float/site73_bit55.err,,,,,,,,,,,,,,,
76,19,FAILURE,1,/home/mdunlavy/GPU_FI/HeCBench/results/llvm17_inject/randomAccess/float/site76_bit19.out,/home/mdunlavy/GPU_FI/HeCBench/results/llvm17_inject/randomAccess/float/site76_bit19.err,,,,,,,,,,,,,,,
77,50,MASKED,0,/home/mdunlavy/GPU_FI/HeCBench/results/llvm17_inject/randomAccess/float/site77_bit50.out,/home/mdunlavy/GPU_FI/HeCBench/results/llvm17_inject/randomAccess/float/site77_bit50.err,,,,,,,,,,,,,,,
80,15,SDC,0,/home/mdunlavy/GPU_FI/HeCBench/results/llvm17_inject/randomAccess/float/site80_bit15.out,/home/mdunlavy/GPU_FI/HeCBench/results/llvm17_inject/randomAccess/float/site80_bit15.err,,,,,,,,,,,,,245760,65152,536870920
83,30,FAILURE,1,/home/mdunlavy/GPU_FI/HeCBench/results/llvm17_inject/randomAccess/float/site83_bit30.out,/home/mdunlavy/GPU_FI/HeCBench/results/llvm17_inject/randomAccess/float/site83_bit30.err,,,,,,,,,,,,,,,
84,61,MASKED,0,/home/mdunlavy/GPU_FI/HeCBench/results/llvm17_inject/randomAccess/float/site84_bit61.out,/home/mdunlavy/GPU_FI/HeCBench/results/llvm17_inject/randomAccess/float/site84_bit61.err,,,,,,,,,,,,,,,
87,21,FAILURE,1,/home/mdunlavy/GPU_FI/HeCBench/results/llvm17_inject/randomAccess/float/site87_bit21.out,/home/mdunlavy/GPU_FI/HeCBench/results/llvm17_inject/randomAccess/float/site87_bit21.err,,,,,,,,,,,,,,,
91,13,SDC,0,/home/mdunlavy/GPU_FI/HeCBench/results/llvm17_inject/randomAccess/float/site91_bit13.out,/home/mdunlavy/GPU_FI/HeCBench/results/llvm17_inject/randomAccess/float/site91_bit13.err,,,,,,,,,,,,,1802816,462942,536870920
93,20,FAILURE,1,/home/mdunlavy/GPU_FI/HeCBench/results/llvm17_inject/randomAccess/float/site93_bit20.out,/home/mdunlavy/GPU_FI/HeCBench/results/llvm17_inject/randomAccess/float/site93_bit20.err,,,,,,,,,,,,,,,
94,43,FAILURE,1,/home/mdunlavy/GPU_FI/HeCBench/results/llvm17_inject/randomAccess/float/site94_bit43.out,/home/mdunlavy/GPU_FI/HeCBench/results/llvm17_inject/randomAccess/float/site94_bit43.err,,,,,,,,,,,,,,,
97,6,FAILURE,1,/home/mdunlavy/GPU_FI/HeCBench/results/llvm17_inject/randomAccess/float/site97_bit6.out,/home/mdunlavy/GPU_FI/HeCBench/results/llvm17_inject/randomAccess/float/site97_bit6.err,,,,,,,,,,,,,,,
98,31,FAILURE,1,/home/mdunlavy/GPU_FI/HeCBench/results/llvm17_inject/randomAccess/float/site98_bit31.out,/home/mdunlavy/GPU_FI/HeCBench/results/llvm17_inject/randomAccess/float/site98_bit31.err,,,,,,,,,,,,,,,
99,4,MASKED,0,/home/mdunlavy/GPU_FI/HeCBench/results/llvm17_inject/randomAccess/float/site99_bit4.out,/home/mdunlavy/GPU_FI/HeCBench/results/llvm17_inject/randomAccess/float/site99_bit4.err,,,,,,,,,,,,,,,
100,35,FAILURE,1,/home/mdunlavy/GPU_FI/HeCBench/results/llvm17_inject/randomAccess/float/site100_bit35.out,/home/mdunlavy/GPU_FI/HeCBench/results/llvm17_inject/randomAccess/float/site100_bit35.err,,,,,,,,,,,,,,,
102,0,FAILURE,1,/home/mdunlavy/GPU_FI/HeCBench/results/llvm17_inject/randomAccess/float/site102_bit0.out,/home/mdunlavy/GPU_FI/HeCBench/results/llvm17_inject/randomAccess/float/site102_bit0.err,,,,,,,,,,,,,,,
103,0,FAILURE,1,/home/mdunlavy/GPU_FI/HeCBench/results/llvm17_inject/randomAccess/float/site103_bit0.out,/home/mdunlavy/GPU_FI/HeCBench/results/llvm17_inject/randomAccess/float/site103_bit0.err,,,,,,,,,,,,,,,
103,1,FAILURE,1,/home/mdunlavy/GPU_FI/HeCBench/results/llvm17_inject/randomAccess/float/site103_bit1.out,/home/mdunlavy/GPU_FI/HeCBench/results/llvm17_inject/randomAccess/float/site103_bit1.err,,,,,,,,,,,,,,,
103,3,FAILURE,1,/home/mdunlavy/GPU_FI/HeCBench/results/llvm17_inject/randomAccess/float/site103_bit3.out,/home/mdunlavy/GPU_FI/HeCBench/results/llvm17_inject/randomAccess/float/site103_bit3.err,,,,,,,,,,,,,,,
103,5,FAILURE,1,/home/mdunlavy/GPU_FI/HeCBench/results/llvm17_inject/randomAccess/float/site103_bit5.out,/home/mdunlavy/GPU_FI/HeCBench/results/llvm17_inject/randomAccess/float/site103_bit5.err,,,,,,,,,,,,,,,
103,7,FAILURE,1,/home/mdunlavy/GPU_FI/HeCBench/results/llvm17_inject/randomAccess/float/site103_bit7.out,/home/mdunlavy/GPU_FI/HeCBench/results/llvm17_inject/randomAccess/float/site103_bit7.err,,,,,,,,,,,,,,,
103,9,FAILURE,1,/home/mdunlavy/GPU_FI/HeCBench/results/llvm17_inject/randomAccess/float/site103_bit9.out,/home/mdunlavy/GPU_FI/HeCBench/results/llvm17_inject/randomAccess/float/site103_bit9.err,,,,,,,,,,,,,,,
103,11,FAILURE,1,/home/mdunlavy/GPU_FI/HeCBench/results/llvm17_inject/randomAccess/float/site103_bit11.out,/home/mdunlavy/GPU_FI/HeCBench/results/llvm17_inject/randomAccess/float/site103_bit11.err,,,,,,,,,,,,,,,
103,13,FAILURE,1,/home/mdunlavy/GPU_FI/HeCBench/results/llvm17_inject/randomAccess/float/site103_bit13.out,/home/mdunlavy/GPU_FI/HeCBench/results/llvm17_inject/randomAccess/float/site103_bit13.err,,,,,,,,,,,,,,,
103,15,FAILURE,1,/home/mdunlavy/GPU_FI/HeCBench/results/llvm17_inject/randomAccess/float/site103_bit15.out,/home/mdunlavy/GPU_FI/HeCBench/results/llvm17_inject/randomAccess/float/site103_bit15.err,,,,,,,,,,,,,,,
103,17,FAILURE,1,/home/mdunlavy/GPU_FI/HeCBench/results/llvm17_inject/randomAccess/float/site103_bit17.out,/home/mdunlavy/GPU_FI/HeCBench/results/llvm17_inject/randomAccess/float/site103_bit17.err,,,,,,,,,,,,,,,
103,19,FAILURE,1,/home/mdunlavy/GPU_FI/HeCBench/results/llvm17_inject/randomAccess/float/site103_bit19.out,/home/mdunlavy/GPU_FI/HeCBench/results/llvm17_inject/randomAccess/float/site103_bit19.err,,,,,,,,,,,,,,,
103,21,FAILURE,1,/home/mdunlavy/GPU_FI/HeCBench/results/llvm17_inject/randomAccess/float/site103_bit21.out,/home/mdunlavy/GPU_FI/HeCBench/results/llvm17_inject/randomAccess/float/site103_bit21.err,,,,,,,,,,,,,,,
103,23,FAILURE,1,/home/mdunlavy/GPU_FI/HeCBench/results/llvm17_inject/randomAccess/float/site103_bit23.out,/home/mdunlavy/GPU_FI/HeCBench/results/llvm17_inject/randomAccess/float/site103_bit23.err,,,,,,,,,,,,,,,
103,25,FAILURE,1,/home/mdunlavy/GPU_FI/HeCBench/results/llvm17_inject/randomAccess/float/site103_bit25.out,/home/mdunlavy/GPU_FI/HeCBench/results/llvm17_inject/randomAccess/float/site103_bit25.err,,,,,,,,,,,,,,,
103,27,FAILURE,1,/home/mdunlavy/GPU_FI/HeCBench/results/llvm17_inject/randomAccess/float/site103_bit27.out,/home/mdunlavy/GPU_FI/HeCBench/results/llvm17_inject/randomAccess/float/site103_bit27.err,,,,,,,,,,,,,,,
103,29,FAILURE,1,/home/mdunlavy/GPU_FI/HeCBench/results/llvm17_inject/randomAccess/float/site103_bit29.out,/home/mdunlavy/GPU_FI/HeCBench/results/llvm17_inject/randomAccess/float/site103_bit29.err,,,,,,,,,,,,,,,
103,31,FAILURE,1,/home/mdunlavy/GPU_FI/HeCBench/results/llvm17_inject/randomAccess/float/site103_bit31.out,/home/mdunlavy/GPU_FI/HeCBench/results/llvm17_inject/randomAccess/float/site103_bit31.err,,,,,,,,,,,,,,,
103,33,FAILURE,1,/home/mdunlavy/GPU_FI/HeCBench/results/llvm17_inject/randomAccess/float/site103_bit33.out,/home/mdunlavy/GPU_FI/HeCBench/results/llvm17_inject/randomAccess/float/site103_bit33.err,,,,,,,,,,,,,,,
103,35,FAILURE,1,/home/mdunlavy/GPU_FI/HeCBench/results/llvm17_inject/randomAccess/float/site103_bit35.out,/home/mdunlavy/GPU_FI/HeCBench/results/llvm17_inject/randomAccess/float/site103_bit35.err,,,,,,,,,,,,,,,
103,37,FAILURE,1,/home/mdunlavy/GPU_FI/HeCBench/results/llvm17_inject/randomAccess/float/site103_bit37.out,/home/mdunlavy/GPU_FI/HeCBench/results/llvm17_inject/randomAccess/float/site103_bit37.err,,,,,,,,,,,,,,,
103,39,FAILURE,1,/home/mdunlavy/GPU_FI/HeCBench/results/llvm17_inject/randomAccess/float/site103_bit39.out,/home/mdunlavy/GPU_FI/HeCBench/results/llvm17_inject/randomAccess/float/site103_bit39.err,,,,,,,,,,,,,,,
103,41,FAILURE,1,/home/mdunlavy/GPU_FI/HeCBench/results/llvm17_inject/randomAccess/float/site103_bit41.out,/home/mdunlavy/GPU_FI/HeCBench/results/llvm17_inject/randomAccess/float/site103_bit41.err,,,,,,,,,,,,,,,
103,43,FAILURE,1,/home/mdunlavy/GPU_FI/HeCBench/results/llvm17_inject/randomAccess/float/site103_bit43.out,/home/mdunlavy/GPU_FI/HeCBench/results/llvm17_inject/randomAccess/float/site103_bit43.err,,,,,,,,,,,,,,,
103,45,FAILURE,1,/home/mdunlavy/GPU_FI/HeCBench/results/llvm17_inject/randomAccess/float/site103_bit45.out,/home/mdunlavy/GPU_FI/HeCBench/results/llvm17_inject/randomAccess/float/site103_bit45.err,,,,,,,,,,,,,,,
103,47,FAILURE,1,/home/mdunlavy/GPU_FI/HeCBench/results/llvm17_inject/randomAccess/float/site103_bit47.out,/home/mdunlavy/GPU_FI/HeCBench/results/llvm17_inject/randomAccess/float/site103_bit47.err,,,,,,,,,,,,,,,
103,49,FAILURE,1,/home/mdunlavy/GPU_FI/HeCBench/results/llvm17_inject/randomAccess/float/site103_bit49.out,/home/mdunlavy/GPU_FI/HeCBench/results/llvm17_inject/randomAccess/float/site103_bit49.err,,,,,,,,,,,,,,,
103,51,FAILURE,1,/home/mdunlavy/GPU_FI/HeCBench/results/llvm17_inject/randomAccess/float/site103_bit51.out,/home/mdunlavy/GPU_FI/HeCBench/results/llvm17_inject/randomAccess/float/site103_bit51.err,,,,,,,,,,,,,,,
103,53,FAILURE,1,/home/mdunlavy/GPU_FI/HeCBench/results/llvm17_inject/randomAccess/float/site103_bit53.out,/home/mdunlavy/GPU_FI/HeCBench/results/llvm17_inject/randomAccess/float/site103_bit53.err,,,,,,,,,,,,,,,
103,55,FAILURE,1,/home/mdunlavy/GPU_FI/HeCBench/results/llvm17_inject/randomAccess/float/site103_bit55.out,/home/mdunlavy/GPU_FI/HeCBench/results/llvm17_inject/randomAccess/float/site103_bit55.err,,,,,,,,,,,,,,,
103,57,FAILURE,1,/home/mdunlavy/GPU_FI/HeCBench/results/llvm17_inject/randomAccess/float/site103_bit57.out,/home/mdunlavy/GPU_FI/HeCBench/results/llvm17_inject/randomAccess/float/site103_bit57.err,,,,,,,,,,,,,,,
103,59,FAILURE,1,/home/mdunlavy/GPU_FI/HeCBench/results/llvm17_inject/randomAccess/float/site103_bit59.out,/home/mdunlavy/GPU_FI/HeCBench/results/llvm17_inject/randomAccess/float/site103_bit59.err,,,,,,,,,,,,,,,
103,61,FAILURE,1,/home/mdunlavy/GPU_FI/HeCBench/results/llvm17_inject/randomAccess/float/site103_bit61.out,/home/mdunlavy/GPU_FI/HeCBench/results/llvm17_inject/randomAccess/float/site103_bit61.err,,,,,,,,,,,,,,,
103,63,MASKED,0,/home/mdunlavy/GPU_FI/HeCBench/results/llvm17_inject/randomAccess/float/site103_bit63.out,/home/mdunlavy/GPU_FI/HeCBench/results/llvm17_inject/randomAccess/float/site103_bit63.err,,,,,,,,,,,,,,,
104,1,FAILURE,1,/home/mdunlavy/GPU_FI/HeCBench/results/llvm17_inject/randomAccess/float/site104_bit1.out,/home/mdunlavy/GPU_FI/HeCBench/results/llvm17_inject/randomAccess/float/site104_bit1.err,,,,,,,,,,,,,,,
104,3,FAILURE,1,/home/mdunlavy/GPU_FI/HeCBench/results/llvm17_inject/randomAccess/float/site104_bit3.out,/home/mdunlavy/GPU_FI/HeCBench/results/llvm17_inject/randomAccess/float/site104_bit3.err,,,,,,,,,,,,,,,
104,5,FAILURE,1,/home/mdunlavy/GPU_FI/HeCBench/results/llvm17_inject/randomAccess/float/site104_bit5.out,/home/mdunlavy/GPU_FI/HeCBench/results/llvm17_inject/randomAccess/float/site104_bit5.err,,,,,,,,,,,,,,,
104,7,FAILURE,1,/home/mdunlavy/GPU_FI/HeCBench/results/llvm17_inject/randomAccess/float/site104_bit7.out,/home/mdunlavy/GPU_FI/HeCBench/results/llvm17_inject/randomAccess/float/site104_bit7.err,,,,,,,,,,,,,,,
104,9,FAILURE,1,/home/mdunlavy/GPU_FI/HeCBench/results/llvm17_inject/randomAccess/float/site104_bit9.out,/home/mdunlavy/GPU_FI/HeCBench/results/llvm17_inject/randomAccess/float/site104_bit9.err,,,,,,,,,,,,,,,
104,11,FAILURE,1,/home/mdunlavy/GPU_FI/HeCBench/results/llvm17_inject/randomAccess/float/site104_bit11.out,/home/mdunlavy/GPU_FI/HeCBench/results/llvm17_inject/randomAccess/float/site104_bit11.err,,,,,,,,,,,,,,,
104,13,FAILURE,1,/home/mdunlavy/GPU_FI/HeCBench/results/llvm17_inject/randomAccess/float/site104_bit13.out,/home/mdunlavy/GPU_FI/HeCBench/results/llvm17_inject/randomAccess/float/site104_bit13.err,,,,,,,,,,,,,,,
104,15,FAILURE,1,/home/mdunlavy/GPU_FI/HeCBench/results/llvm17_inject/randomAccess/float/site104_bit15.out,/home/mdunlavy/GPU_FI/HeCBench/results/llvm17_inject/randomAccess/float/site104_bit15.err,,,,,,,,,,,,,,,
104,17,FAILURE,1,/home/mdunlavy/GPU_FI/HeCBench/results/llvm17_inject/randomAccess/float/site104_bit17.out,/home/mdunlavy/GPU_FI/HeCBench/results/llvm17_inject/randomAccess/float/site104_bit17.err,,,,,,,,,,,,,,,
104,19,FAILURE,1,/home/mdunlavy/GPU_FI/HeCBench/results/llvm17_inject/randomAccess/float/site104_bit19.out,/home/mdunlavy/GPU_FI/HeCBench/results/llvm17_inject/randomAccess/float/site104_bit19.err,,,,,,,,,,,,,,,
104,21,FAILURE,1,/home/mdunlavy/GPU_FI/HeCBench/results/llvm17_inject/randomAccess/float/site104_bit21.out,/home/mdunlavy/GPU_FI/HeCBench/results/llvm17_inject/randomAccess/float/site104_bit21.err,,,,,,,,,,,,,,,
104,23,FAILURE,1,/home/mdunlavy/GPU_FI/HeCBench/results/llvm17_inject/randomAccess/float/site104_bit23.out,/home/mdunlavy/GPU_FI/HeCBench/results/llvm17_inject/randomAccess/float/site104_bit23.err,,,,,,,,,,,,,,,
104,25,FAILURE,1,/home/mdunlavy/GPU_FI/HeCBench/results/llvm17_inject/randomAccess/float/site104_bit25.out,/home/mdunlavy/GPU_FI/HeCBench/results/llvm17_inject/randomAccess/float/site104_bit25.err,,,,,,,,,,,,,,,
104,27,FAILURE,1,/home/mdunlavy/GPU_FI/HeCBench/results/llvm17_inject/randomAccess/float/site104_bit27.out,/home/mdunlavy/GPU_FI/HeCBench/results/llvm17_inject/randomAccess/float/site104_bit27.err,,,,,,,,,,,,,,,
104,29,FAILURE,1,/home/mdunlavy/GPU_FI/HeCBench/results/llvm17_inject/randomAccess/float/site104_bit29.out,/home/mdunlavy/GPU_FI/HeCBench/results/llvm17_inject/randomAccess/float/site104_bit29.err,,,,,,,,,,,,,,,
104,31,FAILURE,1,/home/mdunlavy/GPU_FI/HeCBench/results/llvm17_inject/randomAccess/float/site104_bit31.out,/home/mdunlavy/GPU_FI/HeCBench/results/llvm17_inject/randomAccess/float/site104_bit31.err,,,,,,,,,,,,,,,
104,33,FAILURE,1,/home/mdunlavy/GPU_FI/HeCBench/results/llvm17_inject/randomAccess/float/site104_bit33.out,/home/mdunlavy/GPU_FI/HeCBench/results/llvm17_inject/randomAccess/float/site104_bit33.err,,,,,,,,,,,,,,,
104,35,FAILURE,1,/home/mdunlavy/GPU_FI/HeCBench/results/llvm17_inject/randomAccess/float/site104_bit35.out,/home/mdunlavy/GPU_FI/HeCBench/results/llvm17_inject/randomAccess/float/site104_bit35.err,,,,,,,,,,,,,,,
104,37,FAILURE,1,/home/mdunlavy/GPU_FI/HeCBench/results/llvm17_inject/randomAccess/float/site104_bit37.out,/home/mdunlavy/GPU_FI/HeCBench/results/llvm17_inject/randomAccess/float/site104_bit37.err,,,,,,,,,,,,,,,
104,39,FAILURE,1,/home/mdunlavy/GPU_FI/HeCBench/results/llvm17_inject/randomAccess/float/site104_bit39.out,/home/mdunlavy/GPU_FI/HeCBench/results/llvm17_inject/randomAccess/float/site104_bit39.err,,,,,,,,,,,,,,,
104,41,FAILURE,1,/home/mdunlavy/GPU_FI/HeCBench/results/llvm17_inject/randomAccess/float/site104_bit41.out,/home/mdunlavy/GPU_FI/HeCBench/results/llvm17_inject/randomAccess/float/site104_bit41.err,,,,,,,,,,,,,,,
104,43,FAILURE,1,/home/mdunlavy/GPU_FI/HeCBench/results/llvm17_inject/randomAccess/float/site104_bit43.out,/home/mdunlavy/GPU_FI/HeCBench/results/llvm17_inject/randomAccess/float/site104_bit43.err,,,,,,,,,,,,,,,
104,45,FAILURE,1,/home/mdunlavy/GPU_FI/HeCBench/results/llvm17_inject/randomAccess/float/site104_bit45.out,/home/mdunlavy/GPU_FI/HeCBench/results/llvm17_inject/randomAccess/float/site104_bit45.err,,,,,,,,,,,,,,,
104,47,FAILURE,1,/home/mdunlavy/GPU_FI/HeCBench/results/llvm17_inject/randomAccess/float/site104_bit47.out,/home/mdunlavy/GPU_FI/HeCBench/results/llvm17_inject/randomAccess/float/site104_bit47.err,,,,,,,,,,,,,,,
104,49,FAILURE,1,/home/mdunlavy/GPU_FI/HeCBench/results/llvm17_inject/randomAccess/float/site104_bit49.out,/home/mdunlavy/GPU_FI/HeCBench/results/llvm17_inject/randomAccess/float/site104_bit49.err,,,,,,,,,,,,,,,
104,51,FAILURE,1,/home/mdunlavy/GPU_FI/HeCBench/results/llvm17_inject/randomAccess/float/site104_bit51.out,/home/mdunlavy/GPU_FI/HeCBench/results/llvm17_inject/randomAccess/float/site104_bit51.err,,,,,,,,,,,,,,,
104,53,FAILURE,1,/home/mdunlavy/GPU_FI/HeCBench/results/llvm17_inject/randomAccess/float/site104_bit53.out,/home/mdunlavy/GPU_FI/HeCBench/results/llvm17_inject/randomAccess/float/site104_bit53.err,,,,,,,,,,,,,,,
104,55,FAILURE,1,/home/mdunlavy/GPU_FI/HeCBench/results/llvm17_inject/randomAccess/float/site104_bit55.out,/home/mdunlavy/GPU_FI/HeCBench/results/llvm17_inject/randomAccess/float/site104_bit55.err,,,,,,,,,,,,,,,
104,57,FAILURE,1,/home/mdunlavy/GPU_FI/HeCBench/results/llvm17_inject/randomAccess/float/site104_bit57.out,/home/mdunlavy/GPU_FI/HeCBench/results/llvm17_inject/randomAccess/float/site104_bit57.err,,,,,,,,,,,,,,,
104,59,FAILURE,1,/home/mdunlavy/GPU_FI/HeCBench/results/llvm17_inject/randomAccess/float/site104_bit59.out,/home/mdunlavy/GPU_FI/HeCBench/results/llvm17_inject/randomAccess/float/site104_bit59.err,,,,,,,,,,,,,,,
104,61,FAILURE,1,/home/mdunlavy/GPU_FI/HeCBench/results/llvm17_inject/randomAccess/float/site104_bit61.out,/home/mdunlavy/GPU_FI/HeCBench/results/llvm17_inject/randomAccess/float/site104_bit61.err,,,,,,,,,,,,,,,
104,63,FAILURE,1,/home/mdunlavy/GPU_FI/HeCBench/results/llvm17_inject/randomAccess/float/site104_bit63.out,/home/mdunlavy/GPU_FI/HeCBench/results/llvm17_inject/randomAccess/float/site104_bit63.err,,,,,,,,,,,,,,,
105,1,MASKED,0,/home/mdunlavy/GPU_FI/HeCBench/results/llvm17_inject/randomAccess/float/site105_bit1.out,/home/mdunlavy/GPU_FI/HeCBench/results/llvm17_inject/randomAccess/float/site105_bit1.err,,,,,,,,,,,,,,,
105,3,MASKED,0,/home/mdunlavy/GPU_FI/HeCBench/results/llvm17_inject/randomAccess/float/site105_bit3.out,/home/mdunlavy/GPU_FI/HeCBench/results/llvm17_inject/randomAccess/float/site105_bit3.err,,,,,,,,,,,,,,,
105,5,MASKED,0,/home/mdunlavy/GPU_FI/HeCBench/results/llvm17_inject/randomAccess/float/site105_bit5.out,/home/mdunlavy/GPU_FI/HeCBench/results/llvm17_inject/randomAccess/float/site105_bit5.err,,,,,,,,,,,,,,,
105,7,MASKED,0,/home/mdunlavy/GPU_FI/HeCBench/results/llvm17_inject/randomAccess/float/site105_bit7.out,/home/mdunlavy/GPU_FI/HeCBench/results/llvm17_inject/randomAccess/float/site105_bit7.err,,,,,,,,,,,,,,,
105,9,MASKED,0,/home/mdunlavy/GPU_FI/HeCBench/results/llvm17_inject/randomAccess/float/site105_bit9.out,/home/mdunlavy/GPU_FI/HeCBench/results/llvm17_inject/randomAccess/float/site105_bit9.err,,,,,,,,,,,,,,,
105,11,MASKED,0,/home/mdunlavy/GPU_FI/HeCBench/results/llvm17_inject/randomAccess/float/site105_bit11.out,/home/mdunlavy/GPU_FI/HeCBench/results/llvm17_inject/randomAccess/float/site105_bit11.err,,,,,,,,,,,,,,,
105,13,MASKED,0,/home/mdunlavy/GPU_FI/HeCBench/results/llvm17_inject/randomAccess/float/site105_bit13.out,/home/mdunlavy/GPU_FI/HeCBench/results/llvm17_inject/randomAccess/float/site105_bit13.err,,,,,,,,,,,,,,,
105,15,MASKED,0,/home/mdunlavy/GPU_FI/HeCBench/results/llvm17_inject/randomAccess/float/site105_bit15.out,/home/mdunlavy/GPU_FI/HeCBench/results/llvm17_inject/randomAccess/float/site105_bit15.err,,,,,,,,,,,,,,,
105,17,MASKED,0,/home/mdunlavy/GPU_FI/HeCBench/results/llvm17_inject/randomAccess/float/site105_bit17.out,/home/mdunlavy/GPU_FI/HeCBench/results/llvm17_inject/randomAccess/float/site105_bit17.err,,,,,,,,,,,,,,,
105,19,MASKED,0,/home/mdunlavy/GPU_FI/HeCBench/results/llvm17_inject/randomAccess/float/site105_bit19.out,/home/mdunlavy/GPU_FI/HeCBench/results/llvm17_inject/randomAccess/float/site105_bit19.err,,,,,,,,,,,,,,,
105,21,MASKED,0,/home/mdunlavy/GPU_FI/HeCBench/results/llvm17_inject/randomAccess/float/site105_bit21.out,/home/mdunlavy/GPU_FI/HeCBench/results/llvm17_inject/randomAccess/float/site105_bit21.err,,,,,,,,,,,,,,,
105,23,MASKED,0,/home/mdunlavy/GPU_FI/HeCBench/results/llvm17_inject/randomAccess/float/site105_bit23.out,/home/mdunlavy/GPU_FI/HeCBench/results/llvm17_inject/randomAccess/float/site105_bit23.err,,,,,,,,,,,,,,,
105,25,MASKED,0,/home/mdunlavy/GPU_FI/HeCBench/results/llvm17_inject/randomAccess/float/site105_bit25.out,/home/mdunlavy/GPU_FI/HeCBench/results/llvm17_inject/randomAccess/float/site105_bit25.err,,,,,,,,,,,,,,,
105,27,MASKED,0,/home/mdunlavy/GPU_FI/HeCBench/results/llvm17_inject/randomAccess/float/site105_bit27.out,/home/mdunlavy/GPU_FI/HeCBench/results/llvm17_inject/randomAccess/float/site105_bit27.err,,,,,,,,,,,,,,,
105,29,MASKED,0,/home/mdunlavy/GPU_FI/HeCBench/results/llvm17_inject/randomAccess/float/site105_bit29.out,/home/mdunlavy/GPU_FI/HeCBench/results/llvm17_inject/randomAccess/float/site105_bit29.err,,,,,,,,,,,,,,,
105,31,MASKED,0,/home/mdunlavy/GPU_FI/HeCBench/results/llvm17_inject/randomAccess/float/site105_bit31.out,/home/mdunlavy/GPU_FI/HeCBench/results/llvm17_inject/randomAccess/float/site105_bit31.err,,,,,,,,,,,,,,,
105,33,MASKED,0,/home/mdunlavy/GPU_FI/HeCBench/results/llvm17_inject/randomAccess/float/site105_bit33.out,/home/mdunlavy/GPU_FI/HeCBench/results/llvm17_inject/randomAccess/float/site105_bit33.err,,,,,,,,,,,,,,,
105,35,MASKED,0,/home/mdunlavy/GPU_FI/HeCBench/results/llvm17_inject/randomAccess/float/site105_bit35.out,/home/mdunlavy/GPU_FI/HeCBench/results/llvm17_inject/randomAccess/float/site105_bit35.err,,,,,,,,,,,,,,,
105,37,MASKED,0,/home/mdunlavy/GPU_FI/HeCBench/results/llvm17_inject/randomAccess/float/site105_bit37.out,/home/mdunlavy/GPU_FI/HeCBench/results/llvm17_inject/randomAccess/float/site105_bit37.err,,,,,,,,,,,,,,,
105,39,MASKED,0,/home/mdunlavy/GPU_FI/HeCBench/results/llvm17_inject/randomAccess/float/site105_bit39.out,/home/mdunlavy/GPU_FI/HeCBench/results/llvm17_inject/randomAccess/float/site105_bit39.err,,,,,,,,,,,,,,,
105,41,MASKED,0,/home/mdunlavy/GPU_FI/HeCBench/results/llvm17_inject/randomAccess/float/site105_bit41.out,/home/mdunlavy/GPU_FI/HeCBench/results/llvm17_inject/randomAccess/float/site105_bit41.err,,,,,,,,,,,,,,,
105,43,MASKED,0,/home/mdunlavy/GPU_FI/HeCBench/results/llvm17_inject/randomAccess/float/site105_bit43.out,/home/mdunlavy/GPU_FI/HeCBench/results/llvm17_inject/randomAccess/float/site105_bit43.err,,,,,,,,,,,,,,,
105,45,MASKED,0,/home/mdunlavy/GPU_FI/HeCBench/results/llvm17_inject/randomAccess/float/site105_bit45.out,/home/mdunlavy/GPU_FI/HeCBench/results/llvm17_inject/randomAccess/float/site105_bit45.err,,,,,,,,,,,,,,,
112,31,FAILURE,1,/home/mdunlavy/GPU_FI/HeCBench/results/llvm17_inject/randomAccess/float/site112_bit31.out,/home/mdunlavy/GPU_FI/HeCBench/results/llvm17_inject/randomAccess/float/site112_bit31.err,,,,,,,,,,,,,,,
112,33,FAILURE,1,/home/mdunlavy/GPU_FI/HeCBench/results/llvm17_inject/randomAccess/float/site112_bit33.out,/home/mdunlavy/GPU_FI/HeCBench/results/llvm17_inject/randomAccess/float/site112_bit33.err,,,,,,,,,,,,,,,
112,35,FAILURE,1,/home/mdunlavy/GPU_FI/HeCBench/results/llvm17_inject/randomAccess/float/site112_bit35.out,/home/mdunlavy/GPU_FI/HeCBench/results/llvm17_inject/randomAccess/float/site112_bit35.err,,,,,,,,,,,,,,,
112,37,FAILURE,1,/home/mdunlavy/GPU_FI/HeCBench/results/llvm17_inject/randomAccess/float/site112_bit37.out,/home/mdunlavy/GPU_FI/HeCBench/results/llvm17_inject/randomAccess/float/site112_bit37.err,,,,,,,,,,,,,,,
112,39,FAILURE,1,/home/mdunlavy/GPU_FI/HeCBench/results/llvm17_inject/randomAccess/float/site112_bit39.out,/home/mdunlavy/GPU_FI/HeCBench/results/llvm17_inject/randomAccess/float/site112_bit39.err,,,,,,,,,,,,,,,
112,41,FAILURE,1,/home/mdunlavy/GPU_FI/HeCBench/results/llvm17_inject/randomAccess/float/site112_bit41.out,/home/mdunlavy/GPU_FI/HeCBench/results/llvm17_inject/randomAccess/float/site112_bit41.err,,,,,,,,,,,,,,,
112,43,FAILURE,1,/home/mdunlavy/GPU_FI/HeCBench/results/llvm17_inject/randomAccess/float/site112_bit43.out,/home/mdunlavy/GPU_FI/HeCBench/results/llvm17_inject/randomAccess/float/site112_bit43.err,,,,,,,,,,,,,,,
112,45,FAILURE,1,/home/mdunlavy/GPU_FI/HeCBench/results/llvm17_inject/randomAccess/float/site112_bit45.out,/home/mdunlavy/GPU_FI/HeCBench/results/llvm17_inject/randomAccess/float/site112_bit45.err,,,,,,,,,,,,,,,
112,47,FAILURE,1,/home/mdunlavy/GPU_FI/HeCBench/results/llvm17_inject/randomAccess/float/site112_bit47.out,/home/mdunlavy/GPU_FI/HeCBench/results/llvm17_inject/randomAccess/float/site112_bit47.err,,,,,,,,,,,,,,,
112,49,FAILURE,1,/home/mdunlavy/GPU_FI/HeCBench/results/llvm17_inject/randomAccess/float/site112_bit49.out,/home/mdunlavy/GPU_FI/HeCBench/results/llvm17_inject/randomAccess/float/site112_bit49.err,,,,,,,,,,,,,,,
112,51,FAILURE,1,/home/mdunlavy/GPU_FI/HeCBench/results/llvm17_inject/randomAccess/float/site112_bit51.out,/home/mdunlavy/GPU_FI/HeCBench/results/llvm17_inject/randomAccess/float/site112_bit51.err,,,,,,,,,,,,,,,
112,53,FAILURE,1,/home/mdunlavy/GPU_FI/HeCBench/results/llvm17_inject/randomAccess/float/site112_bit53.out,/home/mdunlavy/GPU_FI/HeCBench/results/llvm17_inject/randomAccess/float/site112_bit53.err,,,,,,,,,,,,,,,
112,55,FAILURE,1,/home/mdunlavy/GPU_FI/HeCBench/results/llvm17_inject/randomAccess/float/site112_bit55.out,/home/mdunlavy/GPU_FI/HeCBench/results/llvm17_inject/randomAccess/float/site112_bit55.err,,,,,,,,,,,,,,,
112,57,FAILURE,1,/home/mdunlavy/GPU_FI/HeCBench/results/llvm17_inject/randomAccess/float/site112_bit57.out,/home/mdunlavy/GPU_FI/HeCBench/results/llvm17_inject/randomAccess/float/site112_bit57.err,,,,,,,,,,,,,,,
112,59,FAILURE,1,/home/mdunlavy/GPU_FI/HeCBench/results/llvm17_inject/randomAccess/float/site112_bit59.out,/home/mdunlavy/GPU_FI/HeCBench/results/llvm17_inject/randomAccess/float/site112_bit59.err,,,,,,,,,,,,,,,
112,61,MASKED,0,/home/mdunlavy/GPU_FI/HeCBench/results/llvm17_inject/randomAccess/float/site112_bit61.out,/home/mdunlavy/GPU_FI/HeCBench/results/llvm17_inject/randomAccess/float/site112_bit61.err,,,,,,,,,,,,,,,
112,63,MASKED,0,/home/mdunlavy/GPU_FI/HeCBench/results/llvm17_inject/randomAccess/float/site112_bit63.out,/home/mdunlavy/GPU_FI/HeCBench/results/llvm17_inject/randomAccess/float/site112_bit63.err,,,,,,,,,,,,,,,
113,1,FAILURE,1,/home/mdunlavy/GPU_FI/HeCBench/results/llvm17_inject/randomAccess/float/site113_bit1.out,/home/mdunlavy/GPU_FI/HeCBench/results/llvm17_inject/randomAccess/float/site113_bit1.err,,,,,,,,,,,,,,,
113,3,FAILURE,1,/home/mdunlavy/GPU_FI/HeCBench/results/llvm17_inject/randomAccess/float/site113_bit3.out,/home/mdunlavy/GPU_FI/HeCBench/results/llvm17_inject/randomAccess/float/site113_bit3.err,,,,,,,,,,,,,,,
113,5,FAILURE,1,/home/mdunlavy/GPU_FI/HeCBench/results/llvm17_inject/randomAccess/float/site113_bit5.out,/home/mdunlavy/GPU_FI/HeCBench/results/llvm17_inject/randomAccess/float/site113_bit5.err,,,,,,,,,,,,,,,
113,7,FAILURE,1,/home/mdunlavy/GPU_FI/HeCBench/results/llvm17_inject/randomAccess/float/site113_bit7.out,/home/mdunlavy/GPU_FI/HeCBench/results/llvm17_inject/randomAccess/float/site113_bit7.err,,,,,,,,,,,,,,,
113,9,FAILURE,1,/home/mdunlavy/GPU_FI/HeCBench/results/llvm17_inject/randomAccess/float/site113_bit9.out,/home/mdunlavy/GPU_FI/HeCBench/results/llvm17_inject/randomAccess/float/site113_bit9.err,,,,,,,,,,,,,,,
113,11,FAILURE,1,/home/mdunlavy/GPU_FI/HeCBench/results/llvm17_inject/randomAccess/float/site113_bit11.out,/home/mdunlavy/GPU_FI/HeCBench/results/llvm17_inject/randomAccess/float/site113_bit11.err,,,,,,,,,,,,,,,
113,13,FAILURE,1,/home/mdunlavy/GPU_FI/HeCBench/results/llvm17_inject/randomAccess/float/site113_bit13.out,/home/mdunlavy/GPU_FI/HeCBench/results/llvm17_inject/randomAccess/float/site113_bit13.err,,,,,,,,,,,,,,,
113,15,FAILURE,1,/home/mdunlavy/GPU_FI/HeCBench/results/llvm17_inject/randomAccess/float/site113_bit15.out,/home/mdunlavy/GPU_FI/HeCBench/results/llvm17_inject/randomAccess/float/site113_bit15.err,,,,,,,,,,,,,,,
113,17,FAILURE,1,/home/mdunlavy/GPU_FI/HeCBench/results/llvm17_inject/randomAccess/float/site113_bit17.out,/home/mdunlavy/GPU_FI/HeCBench/results/llvm17_inject/randomAccess/float/site113_bit17.err,,,,,,,,,,,,,,,
113,19,FAILURE,1,/home/mdunlavy/GPU_FI/HeCBench/results/llvm17_inject/randomAccess/float/site113_bit19.out,/home/mdunlavy/GPU_FI/HeCBench/results/llvm17_inject/randomAccess/float/site113_bit19.err,,,,,,,,,,,,,,,
113,21,FAILURE,1,/home/mdunlavy/GPU_FI/HeCBench/results/llvm17_inject/randomAccess/float/site113_bit21.out,/home/mdunlavy/GPU_FI/HeCBench/results/llvm17_inject/randomAccess/float/site113_bit21.err,,,,,,,,,,,,,,,
113,23,FAILURE,1,/home/mdunlavy/GPU_FI/HeCBench/results/llvm17_inject/randomAccess/float/site113_bit23.out,/home/mdunlavy/GPU_FI/HeCBench/results/llvm17_inject/randomAccess/float/site113_bit23.err,,,,,,,,,,,,,,,
113,25,FAILURE,1,/home/mdunlavy/GPU_FI/HeCBench/results/llvm17_inject/randomAccess/float/site113_bit25.out,/home/mdunlavy/GPU_FI/HeCBench/results/llvm17_inject/randomAccess/float/site113_bit25.err,,,,,,,,,,,,,,,
113,30,FAILURE,1,/home/mdunlavy/GPU_FI/HeCBench/results/llvm17_inject/randomAccess/float/site113_bit30.out,/home/mdunlavy/GPU_FI/HeCBench/results/llvm17_inject/randomAccess/float/site113_bit30.err,,,,,,,,,,,,,,,
113,32,FAILURE,1,/home/mdunlavy/GPU_FI/HeCBench/results/llvm17_inject/randomAccess/float/site113_bit32.out,/home/mdunlavy/GPU_FI/HeCBench/results/llvm17_inject/randomAccess/float/site113_bit32.err,,,,,,,,,,,,,,,
113,34,FAILURE,1,/home/mdunlavy/GPU_FI/HeCBench/results/llvm17_inject/randomAccess/float/site113_bit34.out,/home/mdunlavy/GPU_FI/HeCBench/results/llvm17_inject/randomAccess/float/site113_bit34.err,,,,,,,,,,,,,,,
113,36,FAILURE,1,/home/mdunlavy/GPU_FI/HeCBench/results/llvm17_inject/randomAccess/float/site113_bit36.out,/home/mdunlavy/GPU_FI/HeCBench/results/llvm17_inject/randomAccess/float/site113_bit36.err,,,,,,,,,,,,,,,
113,38,FAILURE,1,/home/mdunlavy/GPU_FI/HeCBench/results/llvm17_inject/randomAccess/float/site113_bit38.out,/home/mdunlavy/GPU_FI/HeCBench/results/llvm17_inject/randomAccess/float/site113_bit38.err,,,,,,,,,,,,,,,
113,40,FAILURE,1,/home/mdunlavy/GPU_FI/HeCBench/results/llvm17_inject/randomAccess/float/site113_bit40.out,/home/mdunlavy/GPU_FI/HeCBench/results/llvm17_inject/randomAccess/float/site113_bit40.err,,,,,,,,,,,,,,,
113,42,FAILURE,1,/home/mdunlavy/GPU_FI/HeCBench/results/llvm17_inject/randomAccess/float/site113_bit42.out,/home/mdunlavy/GPU_FI/HeCBench/results/llvm17_inject/randomAccess/float/site113_bit42.err,,,,,,,,,,,,,,,
113,44,FAILURE,1,/home/mdunlavy/GPU_FI/HeCBench/results/llvm17_inject/randomAccess/float/site113_bit44.out,/home/mdunlavy/GPU_FI/HeCBench/results/llvm17_inject/randomAccess/float/site113_bit44.err,,,,,,,,,,,,,,,
113,46,FAILURE,1,/home/mdunlavy/GPU_FI/HeCBench/results/llvm17_inject/randomAccess/float/site113_bit46.out,/home/mdunlavy/GPU_FI/HeCBench/results/llvm17_inject/randomAccess/float/site113_bit46.err,,,,,,,,,,,,,,,
113,48,FAILURE,1,/home/mdunlavy/GPU_FI/HeCBench/results/llvm17_inject/randomAccess/float/site113_bit48.out,/home/mdunlavy/GPU_FI/HeCBench/results/llvm17_inject/randomAccess/float/site113_bit48.err,,,,,,,,,,,,,,,
113,50,FAILURE,1,/home/mdunlavy/GPU_FI/HeCBench/results/llvm17_inject/randomAccess/float/site113_bit50.out,/home/mdunlavy/GPU_FI/HeCBench/results/llvm17_inject/randomAccess/float/site113_bit50.err,,,,,,,,,,,,,,,
113,52,FAILURE,1,/home/mdunlavy/GPU_FI/HeCBench/results/llvm17_inject/randomAccess/float/site113_bit52.out,/home/mdunlavy/GPU_FI/HeCBench/results/llvm17_inject/randomAccess/float/site113_bit52.err,,,,,,,,,,,,,,,
113,54,FAILURE,1,/home/mdunlavy/GPU_FI/HeCBench/results/llvm17_inject/randomAccess/float/site113_bit54.out,/home/mdunlavy/GPU_FI/HeCBench/results/llvm17_inject/randomAccess/float/site113_bit54.err,,,,,,,,,,,,,,,
113,56,FAILURE,1,/home/mdunlavy/GPU_FI/HeCBench/results/llvm17_inject/randomAccess/float/site113_bit56.out,/home/mdunlavy/GPU_FI/HeCBench/results/llvm17_inject/randomAccess/float/site113_bit56.err,,,,,,,,,,,,,,,
113,58,FAILURE,1,/home/mdunlavy/GPU_FI/HeCBench/results/llvm17_inject/randomAccess/float/site113_bit58.out,/home/mdunlavy/GPU_FI/HeCBench/results/llvm17_inject/randomAccess/float/site113_bit58.err,,,,,,,,,,,,,,,
113,60,FAILURE,1,/home/mdunlavy/GPU_FI/HeCBench/results/llvm17_inject/randomAccess/float/site113_bit60.out,/home/mdunlavy/GPU_FI/HeCBench/results/llvm17_inject/randomAccess/float/site113_bit60.err,,,,,,,,,,,,,,,
113,62,MASKED,0,/home/mdunlavy/GPU_FI/HeCBench/results/llvm17_inject/randomAccess/float/site113_bit62.out,/home/mdunlavy/GPU_FI/HeCBench/results/llvm17_inject/randomAccess/float/site113_bit62.err,,,,,,,,,,,,,,,
114,0,FAILURE,1,/home/mdunlavy/GPU_FI/HeCBench/results/llvm17_inject/randomAccess/float/site114_bit0.out,/home/mdunlavy/GPU_FI/HeCBench/results/llvm17_inject/randomAccess/float/site114_bit0.err,,,,,,,,,,,,,,,
114,2,FAILURE,1,/home/mdunlavy/GPU_FI/HeCBench/results/llvm17_inject/randomAccess/float/site114_bit2.out,/home/mdunlavy/GPU_FI/HeCBench/results/llvm17_inject/randomAccess/float/site114_bit2.err,,,,,,,,,,,,,,,
114,4,FAILURE,1,/home/mdunlavy/GPU_FI/HeCBench/results/llvm17_inject/randomAccess/float/site114_bit4.out,/home/mdunlavy/GPU_FI/HeCBench/results/llvm17_inject/randomAccess/float/site114_bit4.err,,,,,,,,,,,,,,,
114,6,FAILURE,1,/home/mdunlavy/GPU_FI/HeCBench/results/llvm17_inject/randomAccess/float/site114_bit6.out,/home/mdunlavy/GPU_FI/HeCBench/results/llvm17_inject/randomAccess/float/site114_bit6.err,,,,,,,,,,,,,,,
114,10,FAILURE,1,/home/mdunlavy/GPU_FI/HeCBench/results/llvm17_inject/randomAccess/float/site114_bit10.out,/home/mdunlavy/GPU_FI/HeCBench/results/llvm17_inject/randomAccess/float/site114_bit10.err,,,,,,,,,,,,,,,
114,12,FAILURE,1,/home/mdunlavy/GPU_FI/HeCBench/results/llvm17_inject/randomAccess/float/site114_bit12.out,/home/mdunlavy/GPU_FI/HeCBench/results/llvm17_inject/randomAccess/float/site114_bit12.err,,,,,,,,,,,,,,,
114,14,FAILURE,1,/home/mdunlavy/GPU_FI/HeCBench/results/llvm17_inject/randomAccess/float/site114_bit14.out,/home/mdunlavy/GPU_FI/HeCBench/results/llvm17_inject/randomAccess/float/site114_bit14.err,,,,,,,,,,,,,,,
114,16,FAILURE,1,/home/mdunlavy/GPU_FI/HeCBench/results/llvm17_inject/randomAccess/float/site114_bit16.out,/home/mdunlavy/GPU_FI/HeCBench/results/llvm17_inject/randomAccess/float/site114_bit16.err,,,,,,,,,,,,,,,
114,18,FAILURE,1,/home/mdunlavy/GPU_FI/HeCBench/results/llvm17_inject/randomAccess/float/site114_bit18.out,/home/mdunlavy/GPU_FI/HeCBench/results/llvm17_inject/randomAccess/float/site114_bit18.err,,,,,,,,,,,,,,,
114,20,FAILURE,1,/home/mdunlavy/GPU_FI/HeCBench/results/llvm17_inject/randomAccess/float/site114_bit20.out,/home/mdunlavy/GPU_FI/HeCBench/results/llvm17_inject/randomAccess/float/site114_bit20.err,,,,,,,,,,,,,,,
114,22,FAILURE,1,/home/mdunlavy/GPU_FI/HeCBench/results/llvm17_inject/randomAccess/float/site114_bit22.out,/home/mdunlavy/GPU_FI/HeCBench/results/llvm17_inject/randomAccess/float/site114_bit22.err,,,,,,,,,,,,,,,
114,24,FAILURE,1,/home/mdunlavy/GPU_FI/HeCBench/results/llvm17_inject/randomAccess/float/site114_bit24.out,/home/mdunlavy/GPU_FI/HeCBench/results/llvm17_inject/randomAccess/float/site114_bit24.err,,,,,,,,,,,,,,,
114,26,FAILURE,1,/home/mdunlavy/GPU_FI/HeCBench/results/llvm17_inject/randomAccess/float/site114_bit26.out,/home/mdunlavy/GPU_FI/HeCBench/results/llvm17_inject/randomAccess/float/site114_bit26.err,,,,,,,,,,,,,,,
114,28,FAILURE,1,/home/mdunlavy/GPU_FI/HeCBench/results/llvm17_inject/randomAccess/float/site114_bit28.out,/home/mdunlavy/GPU_FI/HeCBench/results/llvm17_inject/randomAccess/float/site114_bit28.err,,,,,,,,,,,,,,,
114,30,FAILURE,1,/home/mdunlavy/GPU_FI/HeCBench/results/llvm17_inject/randomAccess/float/site114_bit30.out,/home/mdunlavy/GPU_FI/HeCBench/results/llvm17_inject/randomAccess/float/site114_bit30.err,,,,,,,,,,,,,,,
114,32,FAILURE,1,/home/mdunlavy/GPU_FI/HeCBench/results/llvm17_inject/randomAccess/float/site114_bit32.out,/home/mdunlavy/GPU_FI/HeCBench/results/llvm17_inject/randomAccess/float/site114_bit32.err,,,,,,,,,,,,,,,
114,34,FAILURE,1,/home/mdunlavy/GPU_FI/HeCBench/results/llvm17_inject/randomAccess/float/site114_bit34.out,/home/mdunlavy/GPU_FI/HeCBench/results/llvm17_inject/randomAccess/float/site114_bit34.err,,,,,,,,,,,,,,,
114,36,FAILURE,1,/home/mdunlavy/GPU_FI/HeCBench/results/llvm17_inject/randomAccess/float/site114_bit36.out,/home/mdunlavy/GPU_FI/HeCBench/results/llvm17_inject/randomAccess/float/site114_bit36.err,,,,,,,,,,,,,,,
114,38,FAILURE,1,/home/mdunlavy/GPU_FI/HeCBench/results/llvm17_inject/randomAccess/float/site114_bit38.out,/home/mdunlavy/GPU_FI/HeCBench/results/llvm17_inject/randomAccess/float/site114_bit38.err,,,,,,,,,,,,,,,
114,40,FAILURE,1,/home/mdunlavy/GPU_FI/HeCBench/results/llvm17_inject/randomAccess/float/site114_bit40.out,/home/mdunlavy/GPU_FI/HeCBench/results/llvm17_inject/randomAccess/float/site114_bit40.err,,,,,,,,,,,,,,,
114,42,FAILURE,1,/home/mdunlavy/GPU_FI/HeCBench/results/llvm17_inject/randomAccess/float/site114_bit42.out,/home/mdunlavy/GPU_FI/HeCBench/results/llvm17_inject/randomAccess/float/site114_bit42.err,,,,,,,,,,,,,,,
114,44,FAILURE,1,/home/mdunlavy/GPU_FI/HeCBench/results/llvm17_inject/randomAccess/float/site114_bit44.out,/home/mdunlavy/GPU_FI/HeCBench/results/llvm17_inject/randomAccess/float/site114_bit44.err,,,,,,,,,,,,,,,
114,46,FAILURE,1,/home/mdunlavy/GPU_FI/HeCBench/results/llvm17_inject/randomAccess/float/site114_bit46.out,/home/mdunlavy/GPU_FI/HeCBench/results/llvm17_inject/randomAccess/float/site114_bit46.err,,,,,,,,,,,,,,,
114,48,FAILURE,1,/home/mdunlavy/GPU_FI/HeCBench/results/llvm17_inject/randomAccess/float/site114_bit48.out,/home/mdunlavy/GPU_FI/HeCBench/results/llvm17_inject/randomAccess/float/site114_bit48.err,,,,,,,,,,,,,,,
114,50,FAILURE,1,/home/mdunlavy/GPU_FI/HeCBench/results/llvm17_inject/randomAccess/float/site114_bit50.out,/home/mdunlavy/GPU_FI/HeCBench/results/llvm17_inject/randomAccess/float/site114_bit50.err,,,,,,,,,,,,,,,
114,52,FAILURE,1,/home/mdunlavy/GPU_FI/HeCBench/results/llvm17_inject/randomAccess/float/site114_bit52.out,/home/mdunlavy/GPU_FI/HeCBench/results/llvm17_inject/randomAccess/float/site114_bit52.err,,,,,,,,,,,,,,,
114,54,FAILURE,1,/home/mdunlavy/GPU_FI/HeCBench/results/llvm17_inject/randomAccess/float/site114_bit54.out,/home/mdunlavy/GPU_FI/HeCBench/results/llvm17_inject/randomAccess/float/site114_bit54.err,,,,,,,,,,,,,,,
114,56,FAILURE,1,/home/mdunlavy/GPU_FI/HeCBench/results/llvm17_inject/randomAccess/float/site114_bit56.out,/home/mdunlavy/GPU_FI/HeCBench/results/llvm17_inject/randomAccess/float/site114_bit56.err,,,,,,,,,,,,,,,
114,58,FAILURE,1,/home/mdunlavy/GPU_FI/HeCBench/results/llvm17_inject/randomAccess/float/site114_bit58.out,/home/mdunlavy/GPU_FI/HeCBench/results/llvm17_inject/randomAccess/float/site114_bit58.err,,,,,,,,,,,,,,,
114,60,FAILURE,1,/home/mdunlavy/GPU_FI/HeCBench/results/llvm17_inject/randomAccess/float/site114_bit60.out,/home/mdunlavy/GPU_FI/HeCBench/results/llvm17_inject/randomAccess/float/site114_bit60.err,,,,,,,,,,,,,,,
114,62,FAILURE,1,/home/mdunlavy/GPU_FI/HeCBench/results/llvm17_inject/randomAccess/float/site114_bit62.out,/home/mdunlavy/GPU_FI/HeCBench/results/llvm17_inject/randomAccess/float/site114_bit62.err,,,,,,,,,,,,,,,
115,0,MASKED,0,/home/mdunlavy/GPU_FI/HeCBench/results/llvm17_inject/randomAccess/float/site115_bit0.out,/home/mdunlavy/GPU_FI/HeCBench/results/llvm17_inject/randomAccess/float/site115_bit0.err,,,,,,,,,,,,,,,
116,1,MASKED,0,/home/mdunlavy/GPU_FI/HeCBench/results/llvm17_inject/randomAccess/float/site116_bit1.out,/home/mdunlavy/GPU_FI/HeCBench/results/llvm17_inject/randomAccess/float/site116_bit1.err,,,,,,,,,,,,,,,
116,3,MASKED,0,/home/mdunlavy/GPU_FI/HeCBench/results/llvm17_inject/randomAccess/float/site116_bit3.out,/home/mdunlavy/GPU_FI/HeCBench/results/llvm17_inject/randomAccess/float/site116_bit3.err,,,,,,,,,,,,,,,
116,5,MASKED,0,/home/mdunlavy/GPU_FI/HeCBench/results/llvm17_inject/randomAccess/float/site116_bit5.out,/home/mdunlavy/GPU_FI/HeCBench/results/llvm17_inject/randomAccess/float/site116_bit5.err,,,,,,,,,,,,,,,
116,7,MASKED,0,/home/mdunlavy/GPU_FI/HeCBench/results/llvm17_inject/randomAccess/float/site116_bit7.out,/home/mdunlavy/GPU_FI/HeCBench/results/llvm17_inject/randomAccess/float/site116_bit7.err,,,,,,,,,,,,,,,
116,9,MASKED,0,/home/mdunlavy/GPU_FI/HeCBench/results/llvm17_inject/randomAccess/float/site116_bit9.out,/home/mdunlavy/GPU_FI/HeCBench/results/llvm17_inject/randomAccess/float/site116_bit9.err,,,,,,,,,,,,,,,
116,11,MASKED,0,/home/mdunlavy/GPU_FI/HeCBench/results/llvm17_inject/randomAccess/float/site116_bit11.out,/home/mdunlavy/GPU_FI/HeCBench/results/llvm17_inject/randomAccess/float/site116_bit11.err,,,,,,,,,,,,,,,
116,13,MASKED,0,/home/mdunlavy/GPU_FI/HeCBench/results/llvm17_inject/randomAccess/float/site116_bit13.out,/home/mdunlavy/GPU_FI/HeCBench/results/llvm17_inject/randomAccess/float/site116_bit13.err,,,,,,,,,,,,,,,
116,15,MASKED,0,/home/mdunlavy/GPU_FI/HeCBench/results/llvm17_inject/randomAccess/float/site116_bit15.out,/home/mdunlavy/GPU_FI/HeCBench/results/llvm17_inject/randomAccess/float/site116_bit15.err,,,,,,,,,,,,,,,
116,17,MASKED,0,/home/mdunlavy/GPU_FI/HeCBench/results/llvm17_inject/randomAccess/float/site116_bit17.out,/home/mdunlavy/GPU_FI/HeCBench/results/llvm17_inject/randomAccess/float/site116_bit17.err,,,,,,,,,,,,,,,
116,19,MASKED,0,/home/mdunlavy/GPU_FI/HeCBench/results/llvm17_inject/randomAccess/float/site116_bit19.out,/home/mdunlavy/GPU_FI/HeCBench/results/llvm17_inject/randomAccess/float/site116_bit19.err,,,,,,,,,,,,,,,
116,21,FAILURE,1,/home/mdunlavy/GPU_FI/HeCBench/results/llvm17_inject/randomAccess/float/site116_bit21.out,/home/mdunlavy/GPU_FI/HeCBench/results/llvm17_inject/randomAccess/float/site116_bit21.err,,,,,,,,,,,,,,,
116,22,FAILURE,1,/home/mdunlavy/GPU_FI/HeCBench/results/llvm17_inject/randomAccess/float/site116_bit22.out,/home/mdunlavy/GPU_FI/HeCBench/results/llvm17_inject/randomAccess/float/site116_bit22.err,,,,,,,,,,,,,,,
116,24,FAILURE,1,/home/mdunlavy/GPU_FI/HeCBench/results/llvm17_inject/randomAccess/float/site116_bit24.out,/home/mdunlavy/GPU_FI/HeCBench/results/llvm17_inject/randomAccess/float/site116_bit24.err,,,,,,,,,,,,,,,
116,26,FAILURE,1,/home/mdunlavy/GPU_FI/HeCBench/results/llvm17_inject/randomAccess/float/site116_bit26.out,/home/mdunlavy/GPU_FI/HeCBench/results/llvm17_inject/randomAccess/float/site116_bit26.err,,,,,,,,,,,,,,,
116,28,FAILURE,1,/home/mdunlavy/GPU_FI/HeCBench/results/llvm17_inject/randomAccess/float/site116_bit28.out,/home/mdunlavy/GPU_FI/HeCBench/results/llvm17_inject/randomAccess/float/site116_bit28.err,,,,,,,,,,,,,,,
116,30,FAILURE,1,/home/mdunlavy/GPU_FI/HeCBench/results/llvm17_inject/randomAccess/float/site116_bit30.out,/home/mdunlavy/GPU_FI/HeCBench/results/llvm17_inject/randomAccess/float/site116_bit30.err,,,,,,,,,,,,,,,
15,40,FAILURE,1,/home/mdunlavy/GPU_FI/HeCBench/results/llvm17_inject/randomAccess/float/site15_bit40.out,/home/mdunlavy/GPU_FI/HeCBench/results/llvm17_inject/randomAccess/float/site15_bit40.err,,,,,,,,,,,,,,,
21,29,FAILURE,1,/home/mdunlavy/GPU_FI/HeCBench/results/llvm17_inject/randomAccess/float/site21_bit29.out,/home/mdunlavy/GPU_FI/HeCBench/results/llvm17_inject/randomAccess/float/site21_bit29.err,,,,,,,,,,,,,,,
46,10,FAILURE,1,/home/mdunlavy/GPU_FI/HeCBench/results/llvm17_inject/randomAccess/float/site46_bit10.out,/home/mdunlavy/GPU_FI/HeCBench/results/llvm17_inject/randomAccess/float/site46_bit10.err,,,,,,,,,,,,,,,
53,15,FAILURE,1,/home/mdunlavy/GPU_FI/HeCBench/results/llvm17_inject/randomAccess/float/site53_bit15.out,/home/mdunlavy/GPU_FI/HeCBench/results/llvm17_inject/randomAccess/float/site53_bit15.err,,,,,,,,,,,,,,,
55,23,FAILURE,1,/home/mdunlavy/GPU_FI/HeCBench/results/llvm17_inject/randomAccess/float/site55_bit23.out,/home/mdunlavy/GPU_FI/HeCBench/results/llvm17_inject/randomAccess/float/site55_bit23.err,,,,,,,,,,,,,,,
62,20,FAILURE,1,/home/mdunlavy/GPU_FI/HeCBench/results/llvm17_inject/randomAccess/float/site62_bit20.out,/home/mdunlavy/GPU_FI/HeCBench/results/llvm17_inject/randomAccess/float/site62_bit20.err,,,,,,,,,,,,,,,
69,1,FAILURE,1,/home/mdunlavy/GPU_FI/HeCBench/results/llvm17_inject/randomAccess/float/site69_bit1.out,/home/mdunlavy/GPU_FI/HeCBench/results/llvm17_inject/randomAccess/float/site69_bit1.err,,,,,,,,,,,,,,,
76,3,FAILURE,1,/home/mdunlavy/GPU_FI/HeCBench/results/llvm17_inject/randomAccess/float/site76_bit3.out,/home/mdunlavy/GPU_FI/HeCBench/results/llvm17_inject/randomAccess/float/site76_bit3.err,,,,,,,,,,,,,,,
89,31,FAILURE,1,/home/mdunlavy/GPU_FI/HeCBench/results/llvm17_inject/randomAccess/float/site89_bit31.out,/home/mdunlavy/GPU_FI/HeCBench/results/llvm17_inject/randomAccess/float/site89_bit31.err,,,,,,,,,,,,,,,
90,9,FAILURE,1,/home/mdunlavy/GPU_FI/HeCBench/results/llvm17_inject/randomAccess/float/site90_bit9.out,/home/mdunlavy/GPU_FI/HeCBench/results/llvm17_inject/randomAccess/float/site90_bit9.err,,,,,,,,,,,,,,,
96,33,FAILURE,1,/home/mdunlavy/GPU_FI/HeCBench/results/llvm17_inject/randomAccess/float/site96_bit33.out,/home/mdunlavy/GPU_FI/HeCBench/results/llvm17_inject/randomAccess/float/site96_bit33.err,,,,,,,,,,,,,,,
101,30,FAILURE,1,/home/mdunlavy/GPU_FI/HeCBench/results/llvm17_inject/randomAccess/float/site101_bit30.out,/home/mdunlavy/GPU_FI/HeCBench/results/llvm17_inject/randomAccess/float/site101_bit30.err,,,,,,,,,,,,,,,
14,0,FAILURE,1,/home/mdunlavy/GPU_FI/HeCBench/results/llvm17_inject/randomAccess/float/site14_bit0.out,/home/mdunlavy/GPU_FI/HeCBench/results/llvm17_inject/randomAccess/float/site14_bit0.err,,,,,,,,,,,,,,,
23,46,FAILURE,1,/home/mdunlavy/GPU_FI/HeCBench/results/llvm17_inject/randomAccess/float/site23_bit46.out,/home/mdunlavy/GPU_FI/HeCBench/results/llvm17_inject/randomAccess/float/site23_bit46.err,,,,,,,,,,,,,,,
48,20,FAILURE,1,/home/mdunlavy/GPU_FI/HeCBench/results/llvm17_inject/randomAccess/float/site48_bit20.out,/home/mdunlavy/GPU_FI/HeCBench/results/llvm17_inject/randomAccess/float/site48_bit20.err,,,,,,,,,,,,,,,
55,5,FAILURE,1,/home/mdunlavy/GPU_FI/HeCBench/results/llvm17_inject/randomAccess/float/site55_bit5.out,/home/mdunlavy/GPU_FI/HeCBench/results/llvm17_inject/randomAccess/float/site55_bit5.err,,,,,,,,,,,,,,,
60,19,FAILURE,1,/home/mdunlavy/GPU_FI/HeCBench/results/llvm17_inject/randomAccess/float/site60_bit19.out,/home/mdunlavy/GPU_FI/HeCBench/results/llvm17_inject/randomAccess/float/site60_bit19.err,,,,,,,,,,,,,,,
68,50,FAILURE,1,/home/mdunlavy/GPU_FI/HeCBench/results/llvm17_inject/randomAccess/float/site68_bit50.out,/home/mdunlavy/GPU_FI/HeCBench/results/llvm17_inject/randomAccess/float/site68_bit50.err,,,,,,,,,,,,,,,
75,57,FAILURE,1,/home/mdunlavy/GPU_FI/HeCBench/results/llvm17_inject/randomAccess/float/site75_bit57.out,/home/mdunlavy/GPU_FI/HeCBench/results/llvm17_inject/randomAccess/float/site75_bit57.err,,,,,,,,,,,,,,,
89,25,FAILURE,1,/home/mdunlavy/GPU_FI/HeCBench/results/llvm17_inject/randomAccess/float/site89_bit25.out,/home/mdunlavy/GPU_FI/HeCBench/results/llvm17_inject/randomAccess/float/site89_bit25.err,,,,,,,,,,,,,,,
96,30,FAILURE,1,/home/mdunlavy/GPU_FI/HeCBench/results/llvm17_inject/randomAccess/float/site96_bit30.out,/home/mdunlavy/GPU_FI/HeCBench/results/llvm17_inject/randomAccess/float/site96_bit30.err,,,,,,,,,,,,,,,
