site_id,bit_index,trial,result,exit_code,stdout,stderr,dump
137,3,1,BASELINE,0,/home/mdunlavy/GPU_FI/divergence_cases/full_trace_results/polaris_nvidia_TRACE029_rerun_20260722T005959Z/pathfinder/baseline.out,/home/mdunlavy/GPU_FI/divergence_cases/full_trace_results/polaris_nvidia_TRACE029_rerun_20260722T005959Z/pathfinder/baseline.err,
137,3,1,MASKED,0,/home/mdunlavy/GPU_FI/divergence_cases/full_trace_results/polaris_nvidia_TRACE029_rerun_20260722T005959Z/pathfinder/site137_bit3.out,/home/mdunlavy/GPU_FI/divergence_cases/full_trace_results/polaris_nvidia_TRACE029_rerun_20260722T005959Z/pathfinder/site137_bit3.err,/home/mdunlavy/GPU_FI/divergence_cases/full_trace_results/polaris_nvidia_TRACE029_rerun_20260722T005959Z/pathfinder/pathfinder_site137_bit3.bin
137,17,1,MASKED,0,/home/mdunlavy/GPU_FI/divergence_cases/full_trace_results/polaris_nvidia_TRACE029_rerun_20260722T005959Z/pathfinder/site137_bit17.out,/home/mdunlavy/GPU_FI/divergence_cases/full_trace_results/polaris_nvidia_TRACE029_rerun_20260722T005959Z/pathfinder/site137_bit17.err,/home/mdunlavy/GPU_FI/divergence_cases/full_trace_results/polaris_nvidia_TRACE029_rerun_20260722T005959Z/pathfinder/pathfinder_site137_bit17.bin
116,3,1,MASKED,0,/home/mdunlavy/GPU_FI/divergence_cases/full_trace_results/polaris_nvidia_TRACE029_rerun_20260722T005959Z/pathfinder/site116_bit3.out,/home/mdunlavy/GPU_FI/divergence_cases/full_trace_results/polaris_nvidia_TRACE029_rerun_20260722T005959Z/pathfinder/site116_bit3.err,/home/mdunlavy/GPU_FI/divergence_cases/full_trace_results/polaris_nvidia_TRACE029_rerun_20260722T005959Z/pathfinder/pathfinder_site116_bit3.bin
116,17,1,MASKED,0,/home/mdunlavy/GPU_FI/divergence_cases/full_trace_results/polaris_nvidia_TRACE029_rerun_20260722T005959Z/pathfinder/site116_bit17.out,/home/mdunlavy/GPU_FI/divergence_cases/full_trace_results/polaris_nvidia_TRACE029_rerun_20260722T005959Z/pathfinder/site116_bit17.err,/home/mdunlavy/GPU_FI/divergence_cases/full_trace_results/polaris_nvidia_TRACE029_rerun_20260722T005959Z/pathfinder/pathfinder_site116_bit17.bin
9,3,1,MASKED,0,/home/mdunlavy/GPU_FI/divergence_cases/full_trace_results/polaris_nvidia_TRACE029_rerun_20260722T005959Z/pathfinder/site9_bit3.out,/home/mdunlavy/GPU_FI/divergence_cases/full_trace_results/polaris_nvidia_TRACE029_rerun_20260722T005959Z/pathfinder/site9_bit3.err,/home/mdunlavy/GPU_FI/divergence_cases/full_trace_results/polaris_nvidia_TRACE029_rerun_20260722T005959Z/pathfinder/pathfinder_site9_bit3.bin
9,31,1,MASKED,0,/home/mdunlavy/GPU_FI/divergence_cases/full_trace_results/polaris_nvidia_TRACE029_rerun_20260722T005959Z/pathfinder/site9_bit31.out,/home/mdunlavy/GPU_FI/divergence_cases/full_trace_results/polaris_nvidia_TRACE029_rerun_20260722T005959Z/pathfinder/site9_bit31.err,/home/mdunlavy/GPU_FI/divergence_cases/full_trace_results/polaris_nvidia_TRACE029_rerun_20260722T005959Z/pathfinder/pathfinder_site9_bit31.bin
64,3,1,MASKED,0,/home/mdunlavy/GPU_FI/divergence_cases/full_trace_results/polaris_nvidia_TRACE029_rerun_20260722T005959Z/pathfinder/site64_bit3.out,/home/mdunlavy/GPU_FI/divergence_cases/full_trace_results/polaris_nvidia_TRACE029_rerun_20260722T005959Z/pathfinder/site64_bit3.err,/home/mdunlavy/GPU_FI/divergence_cases/full_trace_results/polaris_nvidia_TRACE029_rerun_20260722T005959Z/pathfinder/pathfinder_site64_bit3.bin
64,17,1,MASKED,0,/home/mdunlavy/GPU_FI/divergence_cases/full_trace_results/polaris_nvidia_TRACE029_rerun_20260722T005959Z/pathfinder/site64_bit17.out,/home/mdunlavy/GPU_FI/divergence_cases/full_trace_results/polaris_nvidia_TRACE029_rerun_20260722T005959Z/pathfinder/site64_bit17.err,/home/mdunlavy/GPU_FI/divergence_cases/full_trace_results/polaris_nvidia_TRACE029_rerun_20260722T005959Z/pathfinder/pathfinder_site64_bit17.bin
53,3,1,MASKED,0,/home/mdunlavy/GPU_FI/divergence_cases/full_trace_results/polaris_nvidia_TRACE029_rerun_20260722T005959Z/pathfinder/site53_bit3.out,/home/mdunlavy/GPU_FI/divergence_cases/full_trace_results/polaris_nvidia_TRACE029_rerun_20260722T005959Z/pathfinder/site53_bit3.err,/home/mdunlavy/GPU_FI/divergence_cases/full_trace_results/polaris_nvidia_TRACE029_rerun_20260722T005959Z/pathfinder/pathfinder_site53_bit3.bin
53,17,1,MASKED,0,/home/mdunlavy/GPU_FI/divergence_cases/full_trace_results/polaris_nvidia_TRACE029_rerun_20260722T005959Z/pathfinder/site53_bit17.out,/home/mdunlavy/GPU_FI/divergence_cases/full_trace_results/polaris_nvidia_TRACE029_rerun_20260722T005959Z/pathfinder/site53_bit17.err,/home/mdunlavy/GPU_FI/divergence_cases/full_trace_results/polaris_nvidia_TRACE029_rerun_20260722T005959Z/pathfinder/pathfinder_site53_bit17.bin
56,62,1,MASKED,0,/home/mdunlavy/GPU_FI/divergence_cases/full_trace_results/polaris_nvidia_TRACE029_rerun_20260722T005959Z/pathfinder/site56_bit62.out,/home/mdunlavy/GPU_FI/divergence_cases/full_trace_results/polaris_nvidia_TRACE029_rerun_20260722T005959Z/pathfinder/site56_bit62.err,/home/mdunlavy/GPU_FI/divergence_cases/full_trace_results/polaris_nvidia_TRACE029_rerun_20260722T005959Z/pathfinder/pathfinder_site56_bit62.bin
56,63,1,MASKED,0,/home/mdunlavy/GPU_FI/divergence_cases/full_trace_results/polaris_nvidia_TRACE029_rerun_20260722T005959Z/pathfinder/site56_bit63.out,/home/mdunlavy/GPU_FI/divergence_cases/full_trace_results/polaris_nvidia_TRACE029_rerun_20260722T005959Z/pathfinder/site56_bit63.err,/home/mdunlavy/GPU_FI/divergence_cases/full_trace_results/polaris_nvidia_TRACE029_rerun_20260722T005959Z/pathfinder/pathfinder_site56_bit63.bin
