worklist_id,bench,site_id,bit_index,comparison,expected_original_result,nvidia_site_id,amd_site_id,intel_site_id,nvidia_result,amd_result,intel_result,match_tier,notes,baseline_status,rerun_status,rerun_result,rerun_exit_code,matches_original_nvidia_result,comparison_status,results_path,pbs_job_id,campaign_commit
1,colorwheel,26,3,all_three_anchor,SDC,26,153,81,SDC,MASKED,SDC,family_full,,PASS,COMPLETED,SDC,0,true,MATCH,/home/mdunlavy/GPU_FI/divergence_analysis_outputs/nvidia_rerun_results_20260717_193944,7260877.polaris-pbs-01.hsn.cm.polaris.alcf.anl.gov,136d0779e99889ca2709d27ae7f42d81cf57238a
2,colorwheel,26,7,all_three_anchor,SDC,26,153,81,SDC,MASKED,SDC,family_full,,PASS,COMPLETED,SDC,0,true,MATCH,/home/mdunlavy/GPU_FI/divergence_analysis_outputs/nvidia_rerun_results_20260717_193944,7260877.polaris-pbs-01.hsn.cm.polaris.alcf.anl.gov,136d0779e99889ca2709d27ae7f42d81cf57238a
3,colorwheel,28,3,all_three_anchor,SDC,28,157,83,SDC,MASKED,SDC,family_full,,PASS,COMPLETED,SDC,0,true,MATCH,/home/mdunlavy/GPU_FI/divergence_analysis_outputs/nvidia_rerun_results_20260717_193944,7260877.polaris-pbs-01.hsn.cm.polaris.alcf.anl.gov,136d0779e99889ca2709d27ae7f42d81cf57238a
4,colorwheel,28,7,all_three_anchor,SDC,28,157,83,SDC,MASKED,SDC,family_full,,PASS,COMPLETED,SDC,0,true,MATCH,/home/mdunlavy/GPU_FI/divergence_analysis_outputs/nvidia_rerun_results_20260717_193944,7260877.polaris-pbs-01.hsn.cm.polaris.alcf.anl.gov,136d0779e99889ca2709d27ae7f42d81cf57238a
5,colorwheel,20,2,all_three_anchor,SDC,20,141,75,SDC,MASKED,SDC,family_full,,PASS,COMPLETED,SDC,0,true,MATCH,/home/mdunlavy/GPU_FI/divergence_analysis_outputs/nvidia_rerun_results_20260717_193944,7260877.polaris-pbs-01.hsn.cm.polaris.alcf.anl.gov,136d0779e99889ca2709d27ae7f42d81cf57238a
6,colorwheel,20,6,all_three_anchor,SDC,20,141,75,SDC,MASKED,SDC,family_full,,PASS,COMPLETED,SDC,0,true,MATCH,/home/mdunlavy/GPU_FI/divergence_analysis_outputs/nvidia_rerun_results_20260717_193944,7260877.polaris-pbs-01.hsn.cm.polaris.alcf.anl.gov,136d0779e99889ca2709d27ae7f42d81cf57238a
7,colorwheel,19,3,all_three_anchor,SDC,19,139,74,SDC,MASKED,SDC,family_full,,PASS,COMPLETED,SDC,0,true,MATCH,/home/mdunlavy/GPU_FI/divergence_analysis_outputs/nvidia_rerun_results_20260717_193944,7260877.polaris-pbs-01.hsn.cm.polaris.alcf.anl.gov,136d0779e99889ca2709d27ae7f42d81cf57238a
8,colorwheel,19,7,all_three_anchor,SDC,19,139,74,SDC,MASKED,SDC,family_full,,PASS,COMPLETED,SDC,0,true,MATCH,/home/mdunlavy/GPU_FI/divergence_analysis_outputs/nvidia_rerun_results_20260717_193944,7260877.polaris-pbs-01.hsn.cm.polaris.alcf.anl.gov,136d0779e99889ca2709d27ae7f42d81cf57238a
9,colorwheel,21,2,all_three_anchor,SDC,21,143,76,SDC,MASKED,SDC,family_full,,PASS,COMPLETED,SDC,0,true,MATCH,/home/mdunlavy/GPU_FI/divergence_analysis_outputs/nvidia_rerun_results_20260717_193944,7260877.polaris-pbs-01.hsn.cm.polaris.alcf.anl.gov,136d0779e99889ca2709d27ae7f42d81cf57238a
10,colorwheel,21,6,all_three_anchor,SDC,21,143,76,SDC,MASKED,SDC,family_full,,PASS,COMPLETED,SDC,0,true,MATCH,/home/mdunlavy/GPU_FI/divergence_analysis_outputs/nvidia_rerun_results_20260717_193944,7260877.polaris-pbs-01.hsn.cm.polaris.alcf.anl.gov,136d0779e99889ca2709d27ae7f42d81cf57238a
11,colorwheel,25,3,all_three_anchor,SDC,25,151,80,SDC,MASKED,SDC,family_full,,PASS,COMPLETED,SDC,0,true,MATCH,/home/mdunlavy/GPU_FI/divergence_analysis_outputs/nvidia_rerun_results_20260717_193944,7260877.polaris-pbs-01.hsn.cm.polaris.alcf.anl.gov,136d0779e99889ca2709d27ae7f42d81cf57238a
12,colorwheel,25,7,all_three_anchor,SDC,25,151,80,SDC,MASKED,SDC,family_full,,PASS,COMPLETED,SDC,0,true,MATCH,/home/mdunlavy/GPU_FI/divergence_analysis_outputs/nvidia_rerun_results_20260717_193944,7260877.polaris-pbs-01.hsn.cm.polaris.alcf.anl.gov,136d0779e99889ca2709d27ae7f42d81cf57238a
13,colorwheel,27,3,all_three_anchor,SDC,27,155,82,SDC,MASKED,SDC,family_full,,PASS,COMPLETED,SDC,0,true,MATCH,/home/mdunlavy/GPU_FI/divergence_analysis_outputs/nvidia_rerun_results_20260717_193944,7260877.polaris-pbs-01.hsn.cm.polaris.alcf.anl.gov,136d0779e99889ca2709d27ae7f42d81cf57238a
14,colorwheel,27,7,all_three_anchor,SDC,27,155,82,SDC,MASKED,SDC,family_full,,PASS,COMPLETED,SDC,0,true,MATCH,/home/mdunlavy/GPU_FI/divergence_analysis_outputs/nvidia_rerun_results_20260717_193944,7260877.polaris-pbs-01.hsn.cm.polaris.alcf.anl.gov,136d0779e99889ca2709d27ae7f42d81cf57238a
15,colorwheel,22,2,all_three_anchor,SDC,22,145,77,SDC,MASKED,SDC,family_full,,PASS,COMPLETED,SDC,0,true,MATCH,/home/mdunlavy/GPU_FI/divergence_analysis_outputs/nvidia_rerun_results_20260717_193944,7260877.polaris-pbs-01.hsn.cm.polaris.alcf.anl.gov,136d0779e99889ca2709d27ae7f42d81cf57238a
16,colorwheel,22,6,all_three_anchor,SDC,22,145,77,SDC,MASKED,SDC,family_full,,PASS,COMPLETED,SDC,0,true,MATCH,/home/mdunlavy/GPU_FI/divergence_analysis_outputs/nvidia_rerun_results_20260717_193944,7260877.polaris-pbs-01.hsn.cm.polaris.alcf.anl.gov,136d0779e99889ca2709d27ae7f42d81cf57238a
17,colorwheel,23,0,all_three_anchor,SDC,23,147,78,SDC,MASKED,SDC,family_full,,PASS,COMPLETED,SDC,0,true,MATCH,/home/mdunlavy/GPU_FI/divergence_analysis_outputs/nvidia_rerun_results_20260717_193944,7260877.polaris-pbs-01.hsn.cm.polaris.alcf.anl.gov,136d0779e99889ca2709d27ae7f42d81cf57238a
18,colorwheel,23,4,all_three_anchor,SDC,23,147,78,SDC,MASKED,SDC,family_full,,PASS,COMPLETED,SDC,0,true,MATCH,/home/mdunlavy/GPU_FI/divergence_analysis_outputs/nvidia_rerun_results_20260717_193944,7260877.polaris-pbs-01.hsn.cm.polaris.alcf.anl.gov,136d0779e99889ca2709d27ae7f42d81cf57238a
19,colorwheel,24,0,all_three_anchor,SDC,24,149,79,SDC,MASKED,SDC,family_full,,PASS,COMPLETED,SDC,0,true,MATCH,/home/mdunlavy/GPU_FI/divergence_analysis_outputs/nvidia_rerun_results_20260717_193944,7260877.polaris-pbs-01.hsn.cm.polaris.alcf.anl.gov,136d0779e99889ca2709d27ae7f42d81cf57238a
20,colorwheel,24,4,all_three_anchor,SDC,24,149,79,SDC,MASKED,SDC,family_full,,PASS,COMPLETED,SDC,0,true,MATCH,/home/mdunlavy/GPU_FI/divergence_analysis_outputs/nvidia_rerun_results_20260717_193944,7260877.polaris-pbs-01.hsn.cm.polaris.alcf.anl.gov,136d0779e99889ca2709d27ae7f42d81cf57238a
21,colorwheel,145,2,all_three_anchor,SDC,145,293,146,SDC,MASKED,SDC,family_full,,PASS,COMPLETED,SDC,0,true,MATCH,/home/mdunlavy/GPU_FI/divergence_analysis_outputs/nvidia_rerun_results_20260717_193944,7260877.polaris-pbs-01.hsn.cm.polaris.alcf.anl.gov,136d0779e99889ca2709d27ae7f42d81cf57238a
22,colorwheel,145,6,all_three_anchor,SDC,145,293,146,SDC,MASKED,SDC,family_full,,PASS,COMPLETED,SDC,0,true,MATCH,/home/mdunlavy/GPU_FI/divergence_analysis_outputs/nvidia_rerun_results_20260717_193944,7260877.polaris-pbs-01.hsn.cm.polaris.alcf.anl.gov,136d0779e99889ca2709d27ae7f42d81cf57238a
23,colorwheel,146,7,all_three_anchor,SDC,146,295,147,SDC,MASKED,SDC,family_full,,PASS,COMPLETED,SDC,0,true,MATCH,/home/mdunlavy/GPU_FI/divergence_analysis_outputs/nvidia_rerun_results_20260717_193944,7260877.polaris-pbs-01.hsn.cm.polaris.alcf.anl.gov,136d0779e99889ca2709d27ae7f42d81cf57238a
24,colorwheel,7,1,all_three_anchor,SDC,7,115,210,SDC,MASKED,SDC,family_full,,PASS,COMPLETED,SDC,0,true,MATCH,/home/mdunlavy/GPU_FI/divergence_analysis_outputs/nvidia_rerun_results_20260717_193944,7260877.polaris-pbs-01.hsn.cm.polaris.alcf.anl.gov,136d0779e99889ca2709d27ae7f42d81cf57238a
25,randomAccess,100,0,all_three_or_pairwise_anchor,MASKED,100,316,59,MASKED,MASKED,SDC,family_full,,PASS,COMPLETED,MASKED,0,true,MATCH,/home/mdunlavy/GPU_FI/divergence_analysis_outputs/nvidia_rerun_results_20260717_193944,7260877.polaris-pbs-01.hsn.cm.polaris.alcf.anl.gov,136d0779e99889ca2709d27ae7f42d81cf57238a
26,randomAccess,102,1,all_three_or_pairwise_anchor,MASKED,102,320,61,MASKED,SDC,SDC,source_context_type_family,,PASS,COMPLETED,SDC,1,false,MISMATCH,/home/mdunlavy/GPU_FI/divergence_analysis_outputs/nvidia_rerun_results_20260717_193944,7260877.polaris-pbs-01.hsn.cm.polaris.alcf.anl.gov,136d0779e99889ca2709d27ae7f42d81cf57238a
27,randomAccess,102,2,all_three_or_pairwise_anchor,MASKED,102,320,61,MASKED,SDC,SDC,source_context_type_family,,PASS,COMPLETED,SDC,1,false,MISMATCH,/home/mdunlavy/GPU_FI/divergence_analysis_outputs/nvidia_rerun_results_20260717_193944,7260877.polaris-pbs-01.hsn.cm.polaris.alcf.anl.gov,136d0779e99889ca2709d27ae7f42d81cf57238a
28,randomAccess,117,0,all_three_or_pairwise_anchor,DUE,117,354,76,DUE,SDC,SDC,family_full,,PASS,COMPLETED,FAILURE,124,false,MISMATCH,/home/mdunlavy/GPU_FI/divergence_analysis_outputs/nvidia_rerun_results_20260717_193944,7260877.polaris-pbs-01.hsn.cm.polaris.alcf.anl.gov,136d0779e99889ca2709d27ae7f42d81cf57238a
29,randomAccess,19,0,all_three_or_pairwise_anchor,SDC,19,139,95,SDC,,MASKED,family_full,,PASS,COMPLETED,SDC,1,true,MATCH,/home/mdunlavy/GPU_FI/divergence_analysis_outputs/nvidia_rerun_results_20260717_193944,7260877.polaris-pbs-01.hsn.cm.polaris.alcf.anl.gov,136d0779e99889ca2709d27ae7f42d81cf57238a
30,randomAccess,16,0,all_three_or_pairwise_anchor,SDC,16,133,92,SDC,,MASKED,family_full,,PASS,COMPLETED,SDC,1,true,MATCH,/home/mdunlavy/GPU_FI/divergence_analysis_outputs/nvidia_rerun_results_20260717_193944,7260877.polaris-pbs-01.hsn.cm.polaris.alcf.anl.gov,136d0779e99889ca2709d27ae7f42d81cf57238a
31,randomAccess,16,1,all_three_or_pairwise_anchor,SDC,16,133,92,SDC,,MASKED,family_full,,PASS,COMPLETED,SDC,1,true,MATCH,/home/mdunlavy/GPU_FI/divergence_analysis_outputs/nvidia_rerun_results_20260717_193944,7260877.polaris-pbs-01.hsn.cm.polaris.alcf.anl.gov,136d0779e99889ca2709d27ae7f42d81cf57238a
32,randomAccess,18,7,all_three_or_pairwise_anchor,MASKED,18,137,94,MASKED,,SDC,family_full,,PASS,COMPLETED,MASKED,0,true,MATCH,/home/mdunlavy/GPU_FI/divergence_analysis_outputs/nvidia_rerun_results_20260717_193944,7260877.polaris-pbs-01.hsn.cm.polaris.alcf.anl.gov,136d0779e99889ca2709d27ae7f42d81cf57238a
33,randomAccess,18,8,all_three_or_pairwise_anchor,MASKED,18,137,94,MASKED,,SDC,family_full,,PASS,COMPLETED,MASKED,0,true,MATCH,/home/mdunlavy/GPU_FI/divergence_analysis_outputs/nvidia_rerun_results_20260717_193944,7260877.polaris-pbs-01.hsn.cm.polaris.alcf.anl.gov,136d0779e99889ca2709d27ae7f42d81cf57238a
34,randomAccess,22,0,all_three_or_pairwise_anchor,SDC,22,145,98,SDC,,MASKED,family_full,,PASS,COMPLETED,SDC,1,true,MATCH,/home/mdunlavy/GPU_FI/divergence_analysis_outputs/nvidia_rerun_results_20260717_193944,7260877.polaris-pbs-01.hsn.cm.polaris.alcf.anl.gov,136d0779e99889ca2709d27ae7f42d81cf57238a
35,randomAccess,22,1,all_three_or_pairwise_anchor,SDC,22,145,98,SDC,,MASKED,family_full,,PASS,COMPLETED,SDC,1,true,MATCH,/home/mdunlavy/GPU_FI/divergence_analysis_outputs/nvidia_rerun_results_20260717_193944,7260877.polaris-pbs-01.hsn.cm.polaris.alcf.anl.gov,136d0779e99889ca2709d27ae7f42d81cf57238a
36,randomAccess,20,0,all_three_or_pairwise_anchor,MASKED,20,141,96,MASKED,,SDC,family_full,,PASS,COMPLETED,MASKED,0,true,MATCH,/home/mdunlavy/GPU_FI/divergence_analysis_outputs/nvidia_rerun_results_20260717_193944,7260877.polaris-pbs-01.hsn.cm.polaris.alcf.anl.gov,136d0779e99889ca2709d27ae7f42d81cf57238a
37,randomAccess,20,1,all_three_or_pairwise_anchor,MASKED,20,141,96,MASKED,,SDC,family_full,,PASS,COMPLETED,MASKED,0,true,MATCH,/home/mdunlavy/GPU_FI/divergence_analysis_outputs/nvidia_rerun_results_20260717_193944,7260877.polaris-pbs-01.hsn.cm.polaris.alcf.anl.gov,136d0779e99889ca2709d27ae7f42d81cf57238a
38,randomAccess,71,0,all_three_or_pairwise_anchor,SDC,71,249,147,SDC,,MASKED,family_full,,PASS,COMPLETED,SDC,1,true,MATCH,/home/mdunlavy/GPU_FI/divergence_analysis_outputs/nvidia_rerun_results_20260717_193944,7260877.polaris-pbs-01.hsn.cm.polaris.alcf.anl.gov,136d0779e99889ca2709d27ae7f42d81cf57238a
39,randomAccess,68,0,all_three_or_pairwise_anchor,SDC,68,243,144,SDC,,MASKED,family_full,,PASS,COMPLETED,SDC,1,true,MATCH,/home/mdunlavy/GPU_FI/divergence_analysis_outputs/nvidia_rerun_results_20260717_193944,7260877.polaris-pbs-01.hsn.cm.polaris.alcf.anl.gov,136d0779e99889ca2709d27ae7f42d81cf57238a
40,randomAccess,68,1,all_three_or_pairwise_anchor,SDC,68,243,144,SDC,,MASKED,family_full,,PASS,COMPLETED,SDC,1,true,MATCH,/home/mdunlavy/GPU_FI/divergence_analysis_outputs/nvidia_rerun_results_20260717_193944,7260877.polaris-pbs-01.hsn.cm.polaris.alcf.anl.gov,136d0779e99889ca2709d27ae7f42d81cf57238a
41,randomAccess,70,63,all_three_or_pairwise_anchor,SDC,70,247,146,SDC,,MASKED,family_full,,PASS,COMPLETED,SDC,1,true,MATCH,/home/mdunlavy/GPU_FI/divergence_analysis_outputs/nvidia_rerun_results_20260717_193944,7260877.polaris-pbs-01.hsn.cm.polaris.alcf.anl.gov,136d0779e99889ca2709d27ae7f42d81cf57238a
42,randomAccess,73,0,all_three_or_pairwise_anchor,SDC,73,253,149,SDC,,MASKED,family_full,,PASS,COMPLETED,SDC,1,true,MATCH,/home/mdunlavy/GPU_FI/divergence_analysis_outputs/nvidia_rerun_results_20260717_193944,7260877.polaris-pbs-01.hsn.cm.polaris.alcf.anl.gov,136d0779e99889ca2709d27ae7f42d81cf57238a
43,randomAccess,73,1,all_three_or_pairwise_anchor,SDC,73,253,149,SDC,,MASKED,family_full,,PASS,COMPLETED,SDC,1,true,MATCH,/home/mdunlavy/GPU_FI/divergence_analysis_outputs/nvidia_rerun_results_20260717_193944,7260877.polaris-pbs-01.hsn.cm.polaris.alcf.anl.gov,136d0779e99889ca2709d27ae7f42d81cf57238a
44,randomAccess,69,0,all_three_or_pairwise_anchor,SDC,69,245,145,SDC,,MASKED,family_full,,PASS,COMPLETED,SDC,1,true,MATCH,/home/mdunlavy/GPU_FI/divergence_analysis_outputs/nvidia_rerun_results_20260717_193944,7260877.polaris-pbs-01.hsn.cm.polaris.alcf.anl.gov,136d0779e99889ca2709d27ae7f42d81cf57238a
45,randomAccess,69,1,all_three_or_pairwise_anchor,SDC,69,245,145,SDC,,MASKED,family_full,,PASS,COMPLETED,SDC,1,true,MATCH,/home/mdunlavy/GPU_FI/divergence_analysis_outputs/nvidia_rerun_results_20260717_193944,7260877.polaris-pbs-01.hsn.cm.polaris.alcf.anl.gov,136d0779e99889ca2709d27ae7f42d81cf57238a
46,randomAccess,74,0,all_three_or_pairwise_anchor,SDC,74,255,150,SDC,,MASKED,family_full,,PASS,COMPLETED,SDC,1,true,MATCH,/home/mdunlavy/GPU_FI/divergence_analysis_outputs/nvidia_rerun_results_20260717_193944,7260877.polaris-pbs-01.hsn.cm.polaris.alcf.anl.gov,136d0779e99889ca2709d27ae7f42d81cf57238a
47,randomAccess,74,1,all_three_or_pairwise_anchor,SDC,74,255,150,SDC,,MASKED,family_full,,PASS,COMPLETED,SDC,1,true,MATCH,/home/mdunlavy/GPU_FI/divergence_analysis_outputs/nvidia_rerun_results_20260717_193944,7260877.polaris-pbs-01.hsn.cm.polaris.alcf.anl.gov,136d0779e99889ca2709d27ae7f42d81cf57238a
48,randomAccess,14,0,all_three_or_pairwise_anchor,SDC,14,129,90,SDC,,MASKED,family_full,,PASS,COMPLETED,SDC,1,true,MATCH,/home/mdunlavy/GPU_FI/divergence_analysis_outputs/nvidia_rerun_results_20260717_193944,7260877.polaris-pbs-01.hsn.cm.polaris.alcf.anl.gov,136d0779e99889ca2709d27ae7f42d81cf57238a
49,pathfinder,137,3,nvidia_vs_intel,MASKED,137,395,153,MASKED,,SDC,source_text_type_family,,PASS,COMPLETED,MASKED,0,true,MATCH,/home/mdunlavy/GPU_FI/divergence_analysis_outputs/nvidia_rerun_results_20260717_193944,7260877.polaris-pbs-01.hsn.cm.polaris.alcf.anl.gov,136d0779e99889ca2709d27ae7f42d81cf57238a
50,pathfinder,137,17,nvidia_vs_intel,MASKED,137,395,153,MASKED,,SDC,source_text_type_family,,PASS,COMPLETED,MASKED,0,true,MATCH,/home/mdunlavy/GPU_FI/divergence_analysis_outputs/nvidia_rerun_results_20260717_193944,7260877.polaris-pbs-01.hsn.cm.polaris.alcf.anl.gov,136d0779e99889ca2709d27ae7f42d81cf57238a
51,pathfinder,116,3,nvidia_vs_intel,SDC,116,350,132,SDC,,MASKED,source_text_type_family,,PASS,COMPLETED,MASKED,0,false,MISMATCH,/home/mdunlavy/GPU_FI/divergence_analysis_outputs/nvidia_rerun_results_20260717_193944,7260877.polaris-pbs-01.hsn.cm.polaris.alcf.anl.gov,136d0779e99889ca2709d27ae7f42d81cf57238a
52,pathfinder,116,17,nvidia_vs_intel,SDC,116,350,132,SDC,,MASKED,source_text_type_family,,PASS,COMPLETED,MASKED,0,false,MISMATCH,/home/mdunlavy/GPU_FI/divergence_analysis_outputs/nvidia_rerun_results_20260717_193944,7260877.polaris-pbs-01.hsn.cm.polaris.alcf.anl.gov,136d0779e99889ca2709d27ae7f42d81cf57238a
53,pathfinder,9,3,nvidia_vs_intel,MASKED,9,123,25,MASKED,,SDC,source_text_type_family,,PASS,COMPLETED,MASKED,0,true,MATCH,/home/mdunlavy/GPU_FI/divergence_analysis_outputs/nvidia_rerun_results_20260717_193944,7260877.polaris-pbs-01.hsn.cm.polaris.alcf.anl.gov,136d0779e99889ca2709d27ae7f42d81cf57238a
54,pathfinder,9,31,nvidia_vs_intel,MASKED,9,123,25,MASKED,,SDC,source_text_type_family,,PASS,COMPLETED,MASKED,0,true,MATCH,/home/mdunlavy/GPU_FI/divergence_analysis_outputs/nvidia_rerun_results_20260717_193944,7260877.polaris-pbs-01.hsn.cm.polaris.alcf.anl.gov,136d0779e99889ca2709d27ae7f42d81cf57238a
55,pathfinder,64,3,nvidia_vs_intel,MASKED,64,240,80,MASKED,,SDC,source_context_type_family,,PASS,COMPLETED,MASKED,0,true,MATCH,/home/mdunlavy/GPU_FI/divergence_analysis_outputs/nvidia_rerun_results_20260717_193944,7260877.polaris-pbs-01.hsn.cm.polaris.alcf.anl.gov,136d0779e99889ca2709d27ae7f42d81cf57238a
56,pathfinder,64,17,nvidia_vs_intel,MASKED,64,240,80,MASKED,,SDC,source_context_type_family,,PASS,COMPLETED,MASKED,0,true,MATCH,/home/mdunlavy/GPU_FI/divergence_analysis_outputs/nvidia_rerun_results_20260717_193944,7260877.polaris-pbs-01.hsn.cm.polaris.alcf.anl.gov,136d0779e99889ca2709d27ae7f42d81cf57238a
57,pathfinder,53,3,nvidia_vs_intel,SDC,53,217,69,SDC,,MASKED,source_context_type_family,,PASS,COMPLETED,MASKED,0,false,MISMATCH,/home/mdunlavy/GPU_FI/divergence_analysis_outputs/nvidia_rerun_results_20260717_193944,7260877.polaris-pbs-01.hsn.cm.polaris.alcf.anl.gov,136d0779e99889ca2709d27ae7f42d81cf57238a
58,pathfinder,53,17,nvidia_vs_intel,SDC,53,217,69,SDC,,MASKED,source_context_type_family,,PASS,COMPLETED,MASKED,0,false,MISMATCH,/home/mdunlavy/GPU_FI/divergence_analysis_outputs/nvidia_rerun_results_20260717_193944,7260877.polaris-pbs-01.hsn.cm.polaris.alcf.anl.gov,136d0779e99889ca2709d27ae7f42d81cf57238a
59,pathfinder,56,62,nvidia_vs_intel,SDC,56,224,72,SDC,,MASKED,source_context_type_family,,PASS,COMPLETED,MASKED,0,false,MISMATCH,/home/mdunlavy/GPU_FI/divergence_analysis_outputs/nvidia_rerun_results_20260717_193944,7260877.polaris-pbs-01.hsn.cm.polaris.alcf.anl.gov,136d0779e99889ca2709d27ae7f42d81cf57238a
60,pathfinder,56,63,nvidia_vs_intel,SDC,56,224,72,SDC,,MASKED,source_context_type_family,,PASS,COMPLETED,MASKED,0,false,MISMATCH,/home/mdunlavy/GPU_FI/divergence_analysis_outputs/nvidia_rerun_results_20260717_193944,7260877.polaris-pbs-01.hsn.cm.polaris.alcf.anl.gov,136d0779e99889ca2709d27ae7f42d81cf57238a
61,dense-embedding,114,9,nvidia_vs_amd,SDC,114,362,,SDC,DUE,,pairwise_normalized_metadata,,PASS,COMPLETED,SDC,0,true,MATCH,/home/mdunlavy/GPU_FI/divergence_analysis_outputs/nvidia_rerun_dense_results2_20260717_204656,7261006.polaris-pbs-01.hsn.cm.polaris.alcf.anl.gov,8d4615726
62,dense-embedding,114,16,nvidia_vs_amd,SDC,114,362,,SDC,DUE,,pairwise_normalized_metadata,,PASS,COMPLETED,SDC,0,true,MATCH,/home/mdunlavy/GPU_FI/divergence_analysis_outputs/nvidia_rerun_dense_results2_20260717_204656,7261006.polaris-pbs-01.hsn.cm.polaris.alcf.anl.gov,8d4615726
63,dense-embedding,126,9,nvidia_vs_amd,SDC,126,390,,SDC,DUE,,pairwise_normalized_metadata,,PASS,COMPLETED,SDC,0,true,MATCH,/home/mdunlavy/GPU_FI/divergence_analysis_outputs/nvidia_rerun_dense_results2_20260717_204656,7261006.polaris-pbs-01.hsn.cm.polaris.alcf.anl.gov,8d4615726
64,dense-embedding,126,16,nvidia_vs_amd,SDC,126,390,,SDC,DUE,,pairwise_normalized_metadata,,PASS,COMPLETED,SDC,0,true,MATCH,/home/mdunlavy/GPU_FI/divergence_analysis_outputs/nvidia_rerun_dense_results2_20260717_204656,7261006.polaris-pbs-01.hsn.cm.polaris.alcf.anl.gov,8d4615726
65,dense-embedding,124,9,nvidia_vs_amd,SDC,124,385,,SDC,DUE,,pairwise_normalized_metadata,,PASS,COMPLETED,SDC,0,true,MATCH,/home/mdunlavy/GPU_FI/divergence_analysis_outputs/nvidia_rerun_dense_results2_20260717_204656,7261006.polaris-pbs-01.hsn.cm.polaris.alcf.anl.gov,8d4615726
66,dense-embedding,124,63,nvidia_vs_amd,SDC,124,385,,SDC,DUE,,pairwise_normalized_metadata,,PASS,COMPLETED,SDC,0,true,MATCH,/home/mdunlavy/GPU_FI/divergence_analysis_outputs/nvidia_rerun_dense_results2_20260717_204656,7261006.polaris-pbs-01.hsn.cm.polaris.alcf.anl.gov,8d4615726
67,dense-embedding,132,23,nvidia_vs_amd,SDC,132,404,,SDC,DUE,,pairwise_normalized_metadata,,PASS,COMPLETED,SDC,0,true,MATCH,/home/mdunlavy/GPU_FI/divergence_analysis_outputs/nvidia_rerun_dense_results2_20260717_204656,7261006.polaris-pbs-01.hsn.cm.polaris.alcf.anl.gov,8d4615726
68,dense-embedding,132,18,nvidia_vs_amd,SDC,132,404,,SDC,DUE,,pairwise_normalized_metadata,,PASS,COMPLETED,SDC,0,true,MATCH,/home/mdunlavy/GPU_FI/divergence_analysis_outputs/nvidia_rerun_dense_results2_20260717_204656,7261006.polaris-pbs-01.hsn.cm.polaris.alcf.anl.gov,8d4615726
69,dense-embedding,122,9,nvidia_vs_amd,SDC,122,381,,SDC,DUE,,pairwise_normalized_metadata,,PASS,COMPLETED,SDC,0,true,MATCH,/home/mdunlavy/GPU_FI/divergence_analysis_outputs/nvidia_rerun_dense_results2_20260717_204656,7261006.polaris-pbs-01.hsn.cm.polaris.alcf.anl.gov,8d4615726
70,dense-embedding,122,23,nvidia_vs_amd,SDC,122,381,,SDC,DUE,,pairwise_normalized_metadata,,PASS,COMPLETED,SDC,0,true,MATCH,/home/mdunlavy/GPU_FI/divergence_analysis_outputs/nvidia_rerun_dense_results2_20260717_204656,7261006.polaris-pbs-01.hsn.cm.polaris.alcf.anl.gov,8d4615726
71,dense-embedding,117,9,nvidia_vs_amd,SDC,117,369,,SDC,DUE,,pairwise_normalized_metadata,,PASS,COMPLETED,SDC,0,true,MATCH,/home/mdunlavy/GPU_FI/divergence_analysis_outputs/nvidia_rerun_dense_results2_20260717_204656,7261006.polaris-pbs-01.hsn.cm.polaris.alcf.anl.gov,8d4615726
72,dense-embedding,117,23,nvidia_vs_amd,SDC,117,369,,SDC,DUE,,pairwise_normalized_metadata,,PASS,COMPLETED,SDC,0,true,MATCH,/home/mdunlavy/GPU_FI/divergence_analysis_outputs/nvidia_rerun_dense_results2_20260717_204656,7261006.polaris-pbs-01.hsn.cm.polaris.alcf.anl.gov,8d4615726
73,entropy,156,17,intel_vs_amd,,156,443,226,,DUE,MASKED,source_context_type_family,,PASS,COMPLETED,DUE,0,,ORIGINAL_OUTCOME_MISSING,/home/mdunlavy/GPU_FI/divergence_analysis_outputs/nvidia_rerun_results_20260717_193944,7260877.polaris-pbs-01.hsn.cm.polaris.alcf.anl.gov,136d0779e99889ca2709d27ae7f42d81cf57238a
74,entropy,156,31,intel_vs_amd,,156,443,226,,DUE,MASKED,source_context_type_family,,PASS,COMPLETED,DUE,0,,ORIGINAL_OUTCOME_MISSING,/home/mdunlavy/GPU_FI/divergence_analysis_outputs/nvidia_rerun_results_20260717_193944,7260877.polaris-pbs-01.hsn.cm.polaris.alcf.anl.gov,136d0779e99889ca2709d27ae7f42d81cf57238a
75,entropy,156,4,intel_vs_amd,,156,443,226,,DUE,MASKED,source_context_type_family,,PASS,COMPLETED,DUE,0,,ORIGINAL_OUTCOME_MISSING,/home/mdunlavy/GPU_FI/divergence_analysis_outputs/nvidia_rerun_results_20260717_193944,7260877.polaris-pbs-01.hsn.cm.polaris.alcf.anl.gov,136d0779e99889ca2709d27ae7f42d81cf57238a
76,entropy,156,9,intel_vs_amd,,156,443,226,,DUE,MASKED,source_context_type_family,,PASS,COMPLETED,DUE,0,,ORIGINAL_OUTCOME_MISSING,/home/mdunlavy/GPU_FI/divergence_analysis_outputs/nvidia_rerun_results_20260717_193944,7260877.polaris-pbs-01.hsn.cm.polaris.alcf.anl.gov,136d0779e99889ca2709d27ae7f42d81cf57238a
