site_id,opcode,type_kind,bitwidth,operand_index,function
1,call,int,64,-1,__assert_fail
2,load,int,8,-1,__assert_fail
3,icmp,int,1,-1,__assert_fail
4,ptrtoint,int,64,-1,__assert_fail
5,ptrtoint,int,64,-1,__assert_fail
6,sub,int,64,-1,__assert_fail
7,trunc,int,32,-1,__assert_fail
8,load,int,64,-1,__assert_fail
9,load,int,32,-1,__assert_fail
10,sext,int,64,-1,__assert_fail
11,call,int,64,-1,__assert_fail
12,load,int,8,-1,__assert_fail
13,icmp,int,1,-1,__assert_fail
14,ptrtoint,int,64,-1,__assert_fail
15,ptrtoint,int,64,-1,__assert_fail
16,sub,int,64,-1,__assert_fail
17,trunc,int,32,-1,__assert_fail
18,load,int,64,-1,__assert_fail
19,load,int,32,-1,__assert_fail
20,sext,int,64,-1,__assert_fail
21,call,int,64,-1,__assert_fail
22,load,int,64,-1,__assert_fail
23,load,int,32,-1,__assert_fail
24,zext,int,64,-1,__assert_fail
25,call,int,64,-1,__assert_fail
26,load,int,8,-1,__assert_fail
27,icmp,int,1,-1,__assert_fail
28,ptrtoint,int,64,-1,__assert_fail
29,ptrtoint,int,64,-1,__assert_fail
30,sub,int,64,-1,__assert_fail
31,trunc,int,32,-1,__assert_fail
32,load,int,64,-1,__assert_fail
33,load,int,32,-1,__assert_fail
34,sext,int,64,-1,__assert_fail
35,call,int,64,-1,__assert_fail
36,load,int,8,-1,__assert_fail
37,icmp,int,1,-1,__assert_fail
38,ptrtoint,int,64,-1,__assert_fail
39,ptrtoint,int,64,-1,__assert_fail
40,sub,int,64,-1,__assert_fail
41,trunc,int,32,-1,__assert_fail
42,load,int,64,-1,__assert_fail
43,load,int,32,-1,__assert_fail
44,sext,int,64,-1,__assert_fail
45,call,int,64,-1,__assert_fail
46,call,int,64,-1,_Z7entropyPfPKcii
47,trunc,int,32,-1,_Z7entropyPfPKcii
48,call,int,64,-1,_Z7entropyPfPKcii
49,trunc,int,32,-1,_Z7entropyPfPKcii
50,call,int,64,-1,_Z7entropyPfPKcii
51,trunc,int,32,-1,_Z7entropyPfPKcii
52,mul,int,32,-1,_Z7entropyPfPKcii
53,add,int,32,-1,_Z7entropyPfPKcii
54,call,int,64,-1,_Z7entropyPfPKcii
55,trunc,int,32,-1,_Z7entropyPfPKcii
56,call,int,64,-1,_Z7entropyPfPKcii
57,trunc,int,32,-1,_Z7entropyPfPKcii
58,call,int,64,-1,_Z7entropyPfPKcii
59,trunc,int,32,-1,_Z7entropyPfPKcii
60,mul,int,32,-1,_Z7entropyPfPKcii
61,add,int,32,-1,_Z7entropyPfPKcii
62,load,int,32,-1,_Z7entropyPfPKcii
63,icmp,int,1,-1,_Z7entropyPfPKcii
64,load,int,32,-1,_Z7entropyPfPKcii
65,sext,int,64,-1,_Z7entropyPfPKcii
66,load,int,32,-1,_Z7entropyPfPKcii
67,add,int,32,-1,_Z7entropyPfPKcii
68,load,int,32,-1,_Z7entropyPfPKcii
69,icmp,int,1,-1,_Z7entropyPfPKcii
70,load,int,32,-1,_Z7entropyPfPKcii
71,icmp,int,1,-1,_Z7entropyPfPKcii
72,load,int,32,-1,_Z7entropyPfPKcii
73,load,int,32,-1,_Z7entropyPfPKcii
74,add,int,32,-1,_Z7entropyPfPKcii
75,load,int,32,-1,_Z7entropyPfPKcii
76,load,int,32,-1,_Z7entropyPfPKcii
77,add,int,32,-1,_Z7entropyPfPKcii
78,load,int,32,-1,_Z7entropyPfPKcii
79,icmp,int,1,-1,_Z7entropyPfPKcii
80,load,int,32,-1,_Z7entropyPfPKcii
81,icmp,int,1,-1,_Z7entropyPfPKcii
82,load,int,32,-1,_Z7entropyPfPKcii
83,load,int,32,-1,_Z7entropyPfPKcii
84,icmp,int,1,-1,_Z7entropyPfPKcii
85,load,int,32,-1,_Z7entropyPfPKcii
86,load,int,32,-1,_Z7entropyPfPKcii
87,icmp,int,1,-1,_Z7entropyPfPKcii
88,load,int,32,-1,_Z7entropyPfPKcii
89,load,int,32,-1,_Z7entropyPfPKcii
90,mul,int,32,-1,_Z7entropyPfPKcii
91,load,int,32,-1,_Z7entropyPfPKcii
92,add,int,32,-1,_Z7entropyPfPKcii
93,sext,int,64,-1,_Z7entropyPfPKcii
94,load,int,8,-1,_Z7entropyPfPKcii
95,sext,int,64,-1,_Z7entropyPfPKcii
96,load,int,8,-1,_Z7entropyPfPKcii
97,add,int,8,-1,_Z7entropyPfPKcii
98,load,int,8,-1,_Z7entropyPfPKcii
99,add,int,8,-1,_Z7entropyPfPKcii
100,load,int,32,-1,_Z7entropyPfPKcii
101,add,int,32,-1,_Z7entropyPfPKcii
102,load,int,32,-1,_Z7entropyPfPKcii
103,add,int,32,-1,_Z7entropyPfPKcii
104,load,int,8,-1,_Z7entropyPfPKcii
105,sext,int,32,-1,_Z7entropyPfPKcii
106,icmp,int,1,-1,_Z7entropyPfPKcii
107,load,int,32,-1,_Z7entropyPfPKcii
108,icmp,int,1,-1,_Z7entropyPfPKcii
109,load,int,32,-1,_Z7entropyPfPKcii
110,sext,int,64,-1,_Z7entropyPfPKcii
111,load,int,8,-1,_Z7entropyPfPKcii
112,sitofp,float,32,-1,_Z7entropyPfPKcii
113,load,int,8,-1,_Z7entropyPfPKcii
114,sitofp,float,32,-1,_Z7entropyPfPKcii
115,load,float,32,-1,_Z7entropyPfPKcii
116,load,float,32,-1,_Z7entropyPfPKcii
117,fdiv,float,32,-1,_Z7entropyPfPKcii
118,load,float,32,-1,_Z7entropyPfPKcii
119,load,float,32,-1,_Z7entropyPfPKcii
120,load,float,32,-1,_Z7entropyPfPKcii
121,call,float,32,-1,_Z7entropyPfPKcii
122,fmul,float,32,-1,_Z7entropyPfPKcii
123,load,float,32,-1,_Z7entropyPfPKcii
124,fsub,float,32,-1,_Z7entropyPfPKcii
125,load,int,32,-1,_Z7entropyPfPKcii
126,add,int,32,-1,_Z7entropyPfPKcii
127,load,int,32,-1,_Z7entropyPfPKcii
128,load,int,32,-1,_Z7entropyPfPKcii
129,icmp,int,1,-1,_Z7entropyPfPKcii
130,load,int,32,-1,_Z7entropyPfPKcii
131,load,int,32,-1,_Z7entropyPfPKcii
132,icmp,int,1,-1,_Z7entropyPfPKcii
133,load,float,32,-1,_Z7entropyPfPKcii
134,load,int,32,-1,_Z7entropyPfPKcii
135,load,int,32,-1,_Z7entropyPfPKcii
136,mul,int,32,-1,_Z7entropyPfPKcii
137,load,int,32,-1,_Z7entropyPfPKcii
138,add,int,32,-1,_Z7entropyPfPKcii
139,sext,int,64,-1,_Z7entropyPfPKcii
140,call,int,64,-1,_Z11entropy_optILi16ELi16EEvPfPKcPKfii
141,trunc,int,32,-1,_Z11entropy_optILi16ELi16EEvPfPKcPKfii
142,call,int,64,-1,_Z11entropy_optILi16ELi16EEvPfPKcPKfii
143,trunc,int,32,-1,_Z11entropy_optILi16ELi16EEvPfPKcPKfii
144,call,int,64,-1,_Z11entropy_optILi16ELi16EEvPfPKcPKfii
145,trunc,int,32,-1,_Z11entropy_optILi16ELi16EEvPfPKcPKfii
146,mul,int,32,-1,_Z11entropy_optILi16ELi16EEvPfPKcPKfii
147,add,int,32,-1,_Z11entropy_optILi16ELi16EEvPfPKcPKfii
148,call,int,64,-1,_Z11entropy_optILi16ELi16EEvPfPKcPKfii
149,trunc,int,32,-1,_Z11entropy_optILi16ELi16EEvPfPKcPKfii
150,call,int,64,-1,_Z11entropy_optILi16ELi16EEvPfPKcPKfii
151,trunc,int,32,-1,_Z11entropy_optILi16ELi16EEvPfPKcPKfii
152,call,int,64,-1,_Z11entropy_optILi16ELi16EEvPfPKcPKfii
153,trunc,int,32,-1,_Z11entropy_optILi16ELi16EEvPfPKcPKfii
154,mul,int,32,-1,_Z11entropy_optILi16ELi16EEvPfPKcPKfii
155,add,int,32,-1,_Z11entropy_optILi16ELi16EEvPfPKcPKfii
156,call,int,64,-1,_Z11entropy_optILi16ELi16EEvPfPKcPKfii
157,trunc,int,32,-1,_Z11entropy_optILi16ELi16EEvPfPKcPKfii
158,mul,int,32,-1,_Z11entropy_optILi16ELi16EEvPfPKcPKfii
159,call,int,64,-1,_Z11entropy_optILi16ELi16EEvPfPKcPKfii
160,trunc,int,32,-1,_Z11entropy_optILi16ELi16EEvPfPKcPKfii
161,add,int,32,-1,_Z11entropy_optILi16ELi16EEvPfPKcPKfii
162,load,int,32,-1,_Z11entropy_optILi16ELi16EEvPfPKcPKfii
163,icmp,int,1,-1,_Z11entropy_optILi16ELi16EEvPfPKcPKfii
164,load,int,32,-1,_Z11entropy_optILi16ELi16EEvPfPKcPKfii
165,sext,int,64,-1,_Z11entropy_optILi16ELi16EEvPfPKcPKfii
166,load,int,32,-1,_Z11entropy_optILi16ELi16EEvPfPKcPKfii
167,sext,int,64,-1,_Z11entropy_optILi16ELi16EEvPfPKcPKfii
168,load,int,32,-1,_Z11entropy_optILi16ELi16EEvPfPKcPKfii
169,add,int,32,-1,_Z11entropy_optILi16ELi16EEvPfPKcPKfii
170,load,int,32,-1,_Z11entropy_optILi16ELi16EEvPfPKcPKfii
171,icmp,int,1,-1,_Z11entropy_optILi16ELi16EEvPfPKcPKfii
172,load,int,32,-1,_Z11entropy_optILi16ELi16EEvPfPKcPKfii
173,icmp,int,1,-1,_Z11entropy_optILi16ELi16EEvPfPKcPKfii
174,load,int,32,-1,_Z11entropy_optILi16ELi16EEvPfPKcPKfii
175,load,int,32,-1,_Z11entropy_optILi16ELi16EEvPfPKcPKfii
176,add,int,32,-1,_Z11entropy_optILi16ELi16EEvPfPKcPKfii
177,load,int,32,-1,_Z11entropy_optILi16ELi16EEvPfPKcPKfii
178,load,int,32,-1,_Z11entropy_optILi16ELi16EEvPfPKcPKfii
179,add,int,32,-1,_Z11entropy_optILi16ELi16EEvPfPKcPKfii
180,load,int,32,-1,_Z11entropy_optILi16ELi16EEvPfPKcPKfii
181,icmp,int,1,-1,_Z11entropy_optILi16ELi16EEvPfPKcPKfii
182,load,int,32,-1,_Z11entropy_optILi16ELi16EEvPfPKcPKfii
183,icmp,int,1,-1,_Z11entropy_optILi16ELi16EEvPfPKcPKfii
184,load,int,32,-1,_Z11entropy_optILi16ELi16EEvPfPKcPKfii
185,load,int,32,-1,_Z11entropy_optILi16ELi16EEvPfPKcPKfii
186,icmp,int,1,-1,_Z11entropy_optILi16ELi16EEvPfPKcPKfii
187,load,int,32,-1,_Z11entropy_optILi16ELi16EEvPfPKcPKfii
188,load,int,32,-1,_Z11entropy_optILi16ELi16EEvPfPKcPKfii
189,icmp,int,1,-1,_Z11entropy_optILi16ELi16EEvPfPKcPKfii
190,load,int,32,-1,_Z11entropy_optILi16ELi16EEvPfPKcPKfii
191,load,int,32,-1,_Z11entropy_optILi16ELi16EEvPfPKcPKfii
192,mul,int,32,-1,_Z11entropy_optILi16ELi16EEvPfPKcPKfii
193,load,int,32,-1,_Z11entropy_optILi16ELi16EEvPfPKcPKfii
194,add,int,32,-1,_Z11entropy_optILi16ELi16EEvPfPKcPKfii
195,sext,int,64,-1,_Z11entropy_optILi16ELi16EEvPfPKcPKfii
196,load,int,8,-1,_Z11entropy_optILi16ELi16EEvPfPKcPKfii
197,sext,int,64,-1,_Z11entropy_optILi16ELi16EEvPfPKcPKfii
198,load,int,32,-1,_Z11entropy_optILi16ELi16EEvPfPKcPKfii
199,sext,int,64,-1,_Z11entropy_optILi16ELi16EEvPfPKcPKfii
200,load,int,32,-1,_Z11entropy_optILi16ELi16EEvPfPKcPKfii
201,add,int,32,-1,_Z11entropy_optILi16ELi16EEvPfPKcPKfii
202,load,int,8,-1,_Z11entropy_optILi16ELi16EEvPfPKcPKfii
203,add,int,8,-1,_Z11entropy_optILi16ELi16EEvPfPKcPKfii
204,load,int,32,-1,_Z11entropy_optILi16ELi16EEvPfPKcPKfii
205,add,int,32,-1,_Z11entropy_optILi16ELi16EEvPfPKcPKfii
206,load,int,32,-1,_Z11entropy_optILi16ELi16EEvPfPKcPKfii
207,add,int,32,-1,_Z11entropy_optILi16ELi16EEvPfPKcPKfii
208,load,int,32,-1,_Z11entropy_optILi16ELi16EEvPfPKcPKfii
209,icmp,int,1,-1,_Z11entropy_optILi16ELi16EEvPfPKcPKfii
210,load,int,32,-1,_Z11entropy_optILi16ELi16EEvPfPKcPKfii
211,sext,int,64,-1,_Z11entropy_optILi16ELi16EEvPfPKcPKfii
212,load,int,32,-1,_Z11entropy_optILi16ELi16EEvPfPKcPKfii
213,sext,int,64,-1,_Z11entropy_optILi16ELi16EEvPfPKcPKfii
214,load,int,32,-1,_Z11entropy_optILi16ELi16EEvPfPKcPKfii
215,sext,int,64,-1,_Z11entropy_optILi16ELi16EEvPfPKcPKfii
216,load,float,32,-1,_Z11entropy_optILi16ELi16EEvPfPKcPKfii
217,load,float,32,-1,_Z11entropy_optILi16ELi16EEvPfPKcPKfii
218,fsub,float,32,-1,_Z11entropy_optILi16ELi16EEvPfPKcPKfii
219,load,int,32,-1,_Z11entropy_optILi16ELi16EEvPfPKcPKfii
220,add,int,32,-1,_Z11entropy_optILi16ELi16EEvPfPKcPKfii
221,load,float,32,-1,_Z11entropy_optILi16ELi16EEvPfPKcPKfii
222,load,int,8,-1,_Z11entropy_optILi16ELi16EEvPfPKcPKfii
223,sext,int,32,-1,_Z11entropy_optILi16ELi16EEvPfPKcPKfii
224,sitofp,float,32,-1,_Z11entropy_optILi16ELi16EEvPfPKcPKfii
225,fdiv,float,32,-1,_Z11entropy_optILi16ELi16EEvPfPKcPKfii
226,load,int,8,-1,_Z11entropy_optILi16ELi16EEvPfPKcPKfii
227,sitofp,float,32,-1,_Z11entropy_optILi16ELi16EEvPfPKcPKfii
228,load,float,32,-1,_Z11entropy_optILi16ELi16EEvPfPKcPKfii
229,call,float,32,-1,_Z11entropy_optILi16ELi16EEvPfPKcPKfii
230,fadd,float,32,-1,_Z11entropy_optILi16ELi16EEvPfPKcPKfii
231,load,int,32,-1,_Z11entropy_optILi16ELi16EEvPfPKcPKfii
232,load,int,32,-1,_Z11entropy_optILi16ELi16EEvPfPKcPKfii
233,icmp,int,1,-1,_Z11entropy_optILi16ELi16EEvPfPKcPKfii
234,load,int,32,-1,_Z11entropy_optILi16ELi16EEvPfPKcPKfii
235,load,int,32,-1,_Z11entropy_optILi16ELi16EEvPfPKcPKfii
236,icmp,int,1,-1,_Z11entropy_optILi16ELi16EEvPfPKcPKfii
237,load,float,32,-1,_Z11entropy_optILi16ELi16EEvPfPKcPKfii
238,load,int,32,-1,_Z11entropy_optILi16ELi16EEvPfPKcPKfii
239,load,int,32,-1,_Z11entropy_optILi16ELi16EEvPfPKcPKfii
240,mul,int,32,-1,_Z11entropy_optILi16ELi16EEvPfPKcPKfii
241,load,int,32,-1,_Z11entropy_optILi16ELi16EEvPfPKcPKfii
242,add,int,32,-1,_Z11entropy_optILi16ELi16EEvPfPKcPKfii
243,sext,int,64,-1,_Z11entropy_optILi16ELi16EEvPfPKcPKfii
244,call,float,32,-1,__ocml_log2_f32
245,call,int,32,-1,__ockl_get_local_id
246,call,int,32,-1,__ockl_get_local_id
247,call,int,32,-1,__ockl_get_local_id
248,phi,int,32,-1,__ockl_get_local_id
249,zext,int,64,-1,__ockl_get_local_id
250,extractelement,int,64,-1,__ockl_fprintf_stderr_begin
251,load,int,32,-1,__ockl_hostcall_preview
252,icmp,int,1,-1,__ockl_hostcall_preview
253,select,int,64,-1,__ockl_hostcall_preview
254,load,int,64,-1,__ockl_hostcall_preview
255,call,int,32,-1,__ockl_hostcall_internal
256,call,int,32,-1,__ockl_hostcall_internal
257,call,int,32,-1,__ockl_hostcall_internal
258,icmp,int,1,-1,__ockl_hostcall_internal
259,load,int,64,-1,__ockl_hostcall_internal
260,load,int,64,-1,__ockl_hostcall_internal
261,and,int,64,-1,__ockl_hostcall_internal
262,load,int,64,-1,__ockl_hostcall_internal
263,extractvalue,int,1,-1,__ockl_hostcall_internal
264,extractvalue,int,64,-1,__ockl_hostcall_internal
265,phi,int,64,-1,__ockl_hostcall_internal
266,load,int,64,-1,__ockl_hostcall_internal
267,and,int,64,-1,__ockl_hostcall_internal
268,load,int,64,-1,__ockl_hostcall_internal
269,extractvalue,int,1,-1,__ockl_hostcall_internal
270,extractvalue,int,64,-1,__ockl_hostcall_internal
271,phi,int,64,-1,__ockl_hostcall_internal
272,trunc,int,32,-1,__ockl_hostcall_internal
273,lshr,int,64,-1,__ockl_hostcall_internal
274,trunc,int,32,-1,__ockl_hostcall_internal
275,call,int,32,-1,__ockl_hostcall_internal
276,call,int,32,-1,__ockl_hostcall_internal
277,zext,int,64,-1,__ockl_hostcall_internal
278,shl,int,64,-1,__ockl_hostcall_internal
279,zext,int,64,-1,__ockl_hostcall_internal
280,or,int,64,-1,__ockl_hostcall_internal
281,load,int,64,-1,__ockl_hostcall_internal
282,and,int,64,-1,__ockl_hostcall_internal
283,call,int,64,-1,__ockl_hostcall_internal
284,zext,int,64,-1,__ockl_hostcall_internal
285,load,int,64,-1,__ockl_hostcall_internal
286,load,int,64,-1,__ockl_hostcall_internal
287,and,int,64,-1,__ockl_hostcall_internal
288,extractvalue,int,1,-1,__ockl_hostcall_internal
289,extractvalue,int,64,-1,__ockl_hostcall_internal
290,extractvalue,int,1,-1,__ockl_hostcall_internal
291,load,int,64,-1,__ockl_hostcall_internal
292,load,int,32,-1,__ockl_hostcall_internal
293,and,int,32,-1,__ockl_hostcall_internal
294,phi,int,32,-1,__ockl_hostcall_internal
295,call,int,32,-1,__ockl_hostcall_internal
296,icmp,int,1,-1,__ockl_hostcall_internal
297,load,int,64,-1,__ockl_hostcall_internal
298,load,int,64,-1,__ockl_hostcall_internal
299,load,int,64,-1,__ockl_hostcall_internal
300,add,int,64,-1,__ockl_hostcall_internal
301,add,int,64,-1,__ockl_hostcall_internal
302,icmp,int,1,-1,__ockl_hostcall_internal
303,select,int,64,-1,__ockl_hostcall_internal
304,load,int,64,-1,__ockl_hostcall_internal
305,and,int,64,-1,__ockl_hostcall_internal
306,extractvalue,int,1,-1,__ockl_hostcall_internal
307,extractvalue,int,64,-1,__ockl_hostcall_internal
308,extractvalue,int,1,-1,__ockl_hostcall_internal
309,atomicrmw,int,64,-1,__ockl_hsa_signal_add
310,atomicrmw,int,64,-1,__ockl_hsa_signal_add
311,atomicrmw,int,64,-1,__ockl_hsa_signal_add
312,atomicrmw,int,64,-1,__ockl_hsa_signal_add
313,atomicrmw,int,64,-1,__ockl_hsa_signal_add
314,load,int,64,-1,__ockl_hsa_signal_add
315,icmp,int,1,-1,__ockl_hsa_signal_add
316,load,int,32,-1,__ockl_hsa_signal_add
317,zext,int,64,-1,__ockl_hsa_signal_add
318,load,int,32,-1,__ockl_hsa_signal_add
319,icmp,int,1,-1,__ockl_hsa_signal_add
320,icmp,int,1,-1,__ockl_hsa_signal_add
321,icmp,int,1,-1,__ockl_hsa_signal_add
322,select,int,32,-1,__ockl_hsa_signal_add
323,select,int,32,-1,__ockl_hsa_signal_add
324,select,int,32,-1,__ockl_hsa_signal_add
325,and,int,32,-1,__ockl_hsa_signal_add
326,call,int,32,-1,__ockl_hsa_signal_add
327,icmp,int,1,-1,__ockl_fprintf_append_args
328,or,int,64,-1,__ockl_fprintf_append_args
329,select,int,64,-1,__ockl_fprintf_append_args
330,and,int,64,-1,__ockl_fprintf_append_args
331,zext,int,64,-1,__ockl_fprintf_append_args
332,shl,int,64,-1,__ockl_fprintf_append_args
333,or,int,64,-1,__ockl_fprintf_append_args
334,extractelement,int,64,-1,__ockl_fprintf_append_args
335,icmp,int,1,-1,__ockl_fprintf_append_string_n
336,or,int,64,-1,__ockl_fprintf_append_string_n
337,select,int,64,-1,__ockl_fprintf_append_string_n
338,icmp,int,1,-1,__ockl_fprintf_append_string_n
339,and,int,64,-1,__ockl_fprintf_append_string_n
340,or,int,64,-1,__ockl_fprintf_append_string_n
341,and,int,64,-1,__ockl_fprintf_append_string_n
342,and,int,64,-1,__ockl_fprintf_append_string_n
343,phi,int,64,-1,__ockl_fprintf_append_string_n
344,icmp,int,1,-1,__ockl_fprintf_append_string_n
345,extractelement,int,64,-1,__ockl_fprintf_append_string_n
346,or,int,64,-1,__ockl_fprintf_append_string_n
347,call,int,64,-1,__ockl_fprintf_append_string_n
348,trunc,int,32,-1,__ockl_fprintf_append_string_n
349,extractelement,int,64,-1,__ockl_fprintf_append_string_n
350,icmp,int,1,-1,__ockl_fprintf_append_string_n
351,icmp,int,1,-1,__ockl_fprintf_append_string_n
352,load,int,8,-1,__ockl_fprintf_append_string_n
353,zext,int,64,-1,__ockl_fprintf_append_string_n
354,load,int,8,-1,__ockl_fprintf_append_string_n
355,zext,int,64,-1,__ockl_fprintf_append_string_n
356,shl,int,64,-1,__ockl_fprintf_append_string_n
357,or,int,64,-1,__ockl_fprintf_append_string_n
358,load,int,8,-1,__ockl_fprintf_append_string_n
359,zext,int,64,-1,__ockl_fprintf_append_string_n
360,shl,int,64,-1,__ockl_fprintf_append_string_n
361,or,int,64,-1,__ockl_fprintf_append_string_n
362,load,int,8,-1,__ockl_fprintf_append_string_n
363,zext,int,64,-1,__ockl_fprintf_append_string_n
364,shl,int,64,-1,__ockl_fprintf_append_string_n
365,or,int,64,-1,__ockl_fprintf_append_string_n
366,load,int,8,-1,__ockl_fprintf_append_string_n
367,zext,int,64,-1,__ockl_fprintf_append_string_n
368,shl,int,64,-1,__ockl_fprintf_append_string_n
369,or,int,64,-1,__ockl_fprintf_append_string_n
370,load,int,8,-1,__ockl_fprintf_append_string_n
371,zext,int,64,-1,__ockl_fprintf_append_string_n
372,shl,int,64,-1,__ockl_fprintf_append_string_n
373,or,int,64,-1,__ockl_fprintf_append_string_n
374,load,int,8,-1,__ockl_fprintf_append_string_n
375,zext,int,64,-1,__ockl_fprintf_append_string_n
376,shl,int,64,-1,__ockl_fprintf_append_string_n
377,or,int,64,-1,__ockl_fprintf_append_string_n
378,load,int,8,-1,__ockl_fprintf_append_string_n
379,zext,int,64,-1,__ockl_fprintf_append_string_n
380,shl,int,64,-1,__ockl_fprintf_append_string_n
381,or,int,64,-1,__ockl_fprintf_append_string_n
382,add,int,32,-1,__ockl_fprintf_append_string_n
383,phi,int,32,-1,__ockl_fprintf_append_string_n
384,phi,int,64,-1,__ockl_fprintf_append_string_n
385,zext,int,64,-1,__ockl_fprintf_append_string_n
386,load,int,8,-1,__ockl_fprintf_append_string_n
387,zext,int,64,-1,__ockl_fprintf_append_string_n
388,shl,int,32,-1,__ockl_fprintf_append_string_n
389,zext,int,64,-1,__ockl_fprintf_append_string_n
390,shl,int,64,-1,__ockl_fprintf_append_string_n
391,or,int,64,-1,__ockl_fprintf_append_string_n
392,add,int,32,-1,__ockl_fprintf_append_string_n
393,icmp,int,1,-1,__ockl_fprintf_append_string_n
394,phi,int,32,-1,__ockl_fprintf_append_string_n
395,phi,int,64,-1,__ockl_fprintf_append_string_n
396,icmp,int,1,-1,__ockl_fprintf_append_string_n
397,icmp,int,1,-1,__ockl_fprintf_append_string_n
398,load,int,8,-1,__ockl_fprintf_append_string_n
399,zext,int,64,-1,__ockl_fprintf_append_string_n
400,load,int,8,-1,__ockl_fprintf_append_string_n
401,zext,int,64,-1,__ockl_fprintf_append_string_n
402,shl,int,64,-1,__ockl_fprintf_append_string_n
403,or,int,64,-1,__ockl_fprintf_append_string_n
404,load,int,8,-1,__ockl_fprintf_append_string_n
405,zext,int,64,-1,__ockl_fprintf_append_string_n
406,shl,int,64,-1,__ockl_fprintf_append_string_n
407,or,int,64,-1,__ockl_fprintf_append_string_n
408,load,int,8,-1,__ockl_fprintf_append_string_n
409,zext,int,64,-1,__ockl_fprintf_append_string_n
410,shl,int,64,-1,__ockl_fprintf_append_string_n
411,or,int,64,-1,__ockl_fprintf_append_string_n
412,load,int,8,-1,__ockl_fprintf_append_string_n
413,zext,int,64,-1,__ockl_fprintf_append_string_n
414,shl,int,64,-1,__ockl_fprintf_append_string_n
415,or,int,64,-1,__ockl_fprintf_append_string_n
416,load,int,8,-1,__ockl_fprintf_append_string_n
417,zext,int,64,-1,__ockl_fprintf_append_string_n
418,shl,int,64,-1,__ockl_fprintf_append_string_n
419,or,int,64,-1,__ockl_fprintf_append_string_n
420,load,int,8,-1,__ockl_fprintf_append_string_n
421,zext,int,64,-1,__ockl_fprintf_append_string_n
422,shl,int,64,-1,__ockl_fprintf_append_string_n
423,or,int,64,-1,__ockl_fprintf_append_string_n
424,load,int,8,-1,__ockl_fprintf_append_string_n
425,zext,int,64,-1,__ockl_fprintf_append_string_n
426,shl,int,64,-1,__ockl_fprintf_append_string_n
427,or,int,64,-1,__ockl_fprintf_append_string_n
428,add,int,32,-1,__ockl_fprintf_append_string_n
429,phi,int,32,-1,__ockl_fprintf_append_string_n
430,phi,int,64,-1,__ockl_fprintf_append_string_n
431,zext,int,64,-1,__ockl_fprintf_append_string_n
432,load,int,8,-1,__ockl_fprintf_append_string_n
433,zext,int,64,-1,__ockl_fprintf_append_string_n
434,shl,int,32,-1,__ockl_fprintf_append_string_n
435,zext,int,64,-1,__ockl_fprintf_append_string_n
436,shl,int,64,-1,__ockl_fprintf_append_string_n
437,or,int,64,-1,__ockl_fprintf_append_string_n
438,add,int,32,-1,__ockl_fprintf_append_string_n
439,icmp,int,1,-1,__ockl_fprintf_append_string_n
440,phi,int,32,-1,__ockl_fprintf_append_string_n
441,phi,int,64,-1,__ockl_fprintf_append_string_n
442,icmp,int,1,-1,__ockl_fprintf_append_string_n
443,icmp,int,1,-1,__ockl_fprintf_append_string_n
444,load,int,8,-1,__ockl_fprintf_append_string_n
445,zext,int,64,-1,__ockl_fprintf_append_string_n
446,load,int,8,-1,__ockl_fprintf_append_string_n
447,zext,int,64,-1,__ockl_fprintf_append_string_n
448,shl,int,64,-1,__ockl_fprintf_append_string_n
449,or,int,64,-1,__ockl_fprintf_append_string_n
450,load,int,8,-1,__ockl_fprintf_append_string_n
451,zext,int,64,-1,__ockl_fprintf_append_string_n
452,shl,int,64,-1,__ockl_fprintf_append_string_n
453,or,int,64,-1,__ockl_fprintf_append_string_n
454,load,int,8,-1,__ockl_fprintf_append_string_n
455,zext,int,64,-1,__ockl_fprintf_append_string_n
456,shl,int,64,-1,__ockl_fprintf_append_string_n
457,or,int,64,-1,__ockl_fprintf_append_string_n
458,load,int,8,-1,__ockl_fprintf_append_string_n
459,zext,int,64,-1,__ockl_fprintf_append_string_n
460,shl,int,64,-1,__ockl_fprintf_append_string_n
461,or,int,64,-1,__ockl_fprintf_append_string_n
462,load,int,8,-1,__ockl_fprintf_append_string_n
463,zext,int,64,-1,__ockl_fprintf_append_string_n
464,shl,int,64,-1,__ockl_fprintf_append_string_n
465,or,int,64,-1,__ockl_fprintf_append_string_n
466,load,int,8,-1,__ockl_fprintf_append_string_n
467,zext,int,64,-1,__ockl_fprintf_append_string_n
468,shl,int,64,-1,__ockl_fprintf_append_string_n
469,or,int,64,-1,__ockl_fprintf_append_string_n
470,load,int,8,-1,__ockl_fprintf_append_string_n
471,zext,int,64,-1,__ockl_fprintf_append_string_n
472,shl,int,64,-1,__ockl_fprintf_append_string_n
473,or,int,64,-1,__ockl_fprintf_append_string_n
474,add,int,32,-1,__ockl_fprintf_append_string_n
475,phi,int,32,-1,__ockl_fprintf_append_string_n
476,phi,int,64,-1,__ockl_fprintf_append_string_n
477,zext,int,64,-1,__ockl_fprintf_append_string_n
478,load,int,8,-1,__ockl_fprintf_append_string_n
479,zext,int,64,-1,__ockl_fprintf_append_string_n
480,shl,int,32,-1,__ockl_fprintf_append_string_n
481,zext,int,64,-1,__ockl_fprintf_append_string_n
482,shl,int,64,-1,__ockl_fprintf_append_string_n
483,or,int,64,-1,__ockl_fprintf_append_string_n
484,add,int,32,-1,__ockl_fprintf_append_string_n
485,icmp,int,1,-1,__ockl_fprintf_append_string_n
486,phi,int,32,-1,__ockl_fprintf_append_string_n
487,phi,int,64,-1,__ockl_fprintf_append_string_n
488,icmp,int,1,-1,__ockl_fprintf_append_string_n
489,icmp,int,1,-1,__ockl_fprintf_append_string_n
490,load,int,8,-1,__ockl_fprintf_append_string_n
491,zext,int,64,-1,__ockl_fprintf_append_string_n
492,load,int,8,-1,__ockl_fprintf_append_string_n
493,zext,int,64,-1,__ockl_fprintf_append_string_n
494,shl,int,64,-1,__ockl_fprintf_append_string_n
495,or,int,64,-1,__ockl_fprintf_append_string_n
496,load,int,8,-1,__ockl_fprintf_append_string_n
497,zext,int,64,-1,__ockl_fprintf_append_string_n
498,shl,int,64,-1,__ockl_fprintf_append_string_n
499,or,int,64,-1,__ockl_fprintf_append_string_n
500,load,int,8,-1,__ockl_fprintf_append_string_n
501,zext,int,64,-1,__ockl_fprintf_append_string_n
502,shl,int,64,-1,__ockl_fprintf_append_string_n
503,or,int,64,-1,__ockl_fprintf_append_string_n
504,load,int,8,-1,__ockl_fprintf_append_string_n
505,zext,int,64,-1,__ockl_fprintf_append_string_n
506,shl,int,64,-1,__ockl_fprintf_append_string_n
507,or,int,64,-1,__ockl_fprintf_append_string_n
508,load,int,8,-1,__ockl_fprintf_append_string_n
509,zext,int,64,-1,__ockl_fprintf_append_string_n
510,shl,int,64,-1,__ockl_fprintf_append_string_n
511,or,int,64,-1,__ockl_fprintf_append_string_n
512,load,int,8,-1,__ockl_fprintf_append_string_n
513,zext,int,64,-1,__ockl_fprintf_append_string_n
514,shl,int,64,-1,__ockl_fprintf_append_string_n
515,or,int,64,-1,__ockl_fprintf_append_string_n
516,load,int,8,-1,__ockl_fprintf_append_string_n
517,zext,int,64,-1,__ockl_fprintf_append_string_n
518,shl,int,64,-1,__ockl_fprintf_append_string_n
519,or,int,64,-1,__ockl_fprintf_append_string_n
520,add,int,32,-1,__ockl_fprintf_append_string_n
521,phi,int,32,-1,__ockl_fprintf_append_string_n
522,phi,int,64,-1,__ockl_fprintf_append_string_n
523,zext,int,64,-1,__ockl_fprintf_append_string_n
524,load,int,8,-1,__ockl_fprintf_append_string_n
525,zext,int,64,-1,__ockl_fprintf_append_string_n
526,shl,int,32,-1,__ockl_fprintf_append_string_n
527,zext,int,64,-1,__ockl_fprintf_append_string_n
528,shl,int,64,-1,__ockl_fprintf_append_string_n
529,or,int,64,-1,__ockl_fprintf_append_string_n
530,add,int,32,-1,__ockl_fprintf_append_string_n
531,icmp,int,1,-1,__ockl_fprintf_append_string_n
532,phi,int,32,-1,__ockl_fprintf_append_string_n
533,phi,int,64,-1,__ockl_fprintf_append_string_n
534,icmp,int,1,-1,__ockl_fprintf_append_string_n
535,icmp,int,1,-1,__ockl_fprintf_append_string_n
536,load,int,8,-1,__ockl_fprintf_append_string_n
537,zext,int,64,-1,__ockl_fprintf_append_string_n
538,load,int,8,-1,__ockl_fprintf_append_string_n
539,zext,int,64,-1,__ockl_fprintf_append_string_n
540,shl,int,64,-1,__ockl_fprintf_append_string_n
541,or,int,64,-1,__ockl_fprintf_append_string_n
542,load,int,8,-1,__ockl_fprintf_append_string_n
543,zext,int,64,-1,__ockl_fprintf_append_string_n
544,shl,int,64,-1,__ockl_fprintf_append_string_n
545,or,int,64,-1,__ockl_fprintf_append_string_n
546,load,int,8,-1,__ockl_fprintf_append_string_n
547,zext,int,64,-1,__ockl_fprintf_append_string_n
548,shl,int,64,-1,__ockl_fprintf_append_string_n
549,or,int,64,-1,__ockl_fprintf_append_string_n
550,load,int,8,-1,__ockl_fprintf_append_string_n
551,zext,int,64,-1,__ockl_fprintf_append_string_n
552,shl,int,64,-1,__ockl_fprintf_append_string_n
553,or,int,64,-1,__ockl_fprintf_append_string_n
554,load,int,8,-1,__ockl_fprintf_append_string_n
555,zext,int,64,-1,__ockl_fprintf_append_string_n
556,shl,int,64,-1,__ockl_fprintf_append_string_n
557,or,int,64,-1,__ockl_fprintf_append_string_n
558,load,int,8,-1,__ockl_fprintf_append_string_n
559,zext,int,64,-1,__ockl_fprintf_append_string_n
560,shl,int,64,-1,__ockl_fprintf_append_string_n
561,or,int,64,-1,__ockl_fprintf_append_string_n
562,load,int,8,-1,__ockl_fprintf_append_string_n
563,zext,int,64,-1,__ockl_fprintf_append_string_n
564,shl,int,64,-1,__ockl_fprintf_append_string_n
565,or,int,64,-1,__ockl_fprintf_append_string_n
566,add,int,32,-1,__ockl_fprintf_append_string_n
567,phi,int,32,-1,__ockl_fprintf_append_string_n
568,phi,int,64,-1,__ockl_fprintf_append_string_n
569,zext,int,64,-1,__ockl_fprintf_append_string_n
570,load,int,8,-1,__ockl_fprintf_append_string_n
571,zext,int,64,-1,__ockl_fprintf_append_string_n
572,shl,int,32,-1,__ockl_fprintf_append_string_n
573,zext,int,64,-1,__ockl_fprintf_append_string_n
574,shl,int,64,-1,__ockl_fprintf_append_string_n
575,or,int,64,-1,__ockl_fprintf_append_string_n
576,add,int,32,-1,__ockl_fprintf_append_string_n
577,icmp,int,1,-1,__ockl_fprintf_append_string_n
578,phi,int,32,-1,__ockl_fprintf_append_string_n
579,phi,int,64,-1,__ockl_fprintf_append_string_n
580,icmp,int,1,-1,__ockl_fprintf_append_string_n
581,icmp,int,1,-1,__ockl_fprintf_append_string_n
582,load,int,8,-1,__ockl_fprintf_append_string_n
583,zext,int,64,-1,__ockl_fprintf_append_string_n
584,load,int,8,-1,__ockl_fprintf_append_string_n
585,zext,int,64,-1,__ockl_fprintf_append_string_n
586,shl,int,64,-1,__ockl_fprintf_append_string_n
587,or,int,64,-1,__ockl_fprintf_append_string_n
588,load,int,8,-1,__ockl_fprintf_append_string_n
589,zext,int,64,-1,__ockl_fprintf_append_string_n
590,shl,int,64,-1,__ockl_fprintf_append_string_n
591,or,int,64,-1,__ockl_fprintf_append_string_n
592,load,int,8,-1,__ockl_fprintf_append_string_n
593,zext,int,64,-1,__ockl_fprintf_append_string_n
594,shl,int,64,-1,__ockl_fprintf_append_string_n
595,or,int,64,-1,__ockl_fprintf_append_string_n
596,load,int,8,-1,__ockl_fprintf_append_string_n
597,zext,int,64,-1,__ockl_fprintf_append_string_n
598,shl,int,64,-1,__ockl_fprintf_append_string_n
599,or,int,64,-1,__ockl_fprintf_append_string_n
600,load,int,8,-1,__ockl_fprintf_append_string_n
601,zext,int,64,-1,__ockl_fprintf_append_string_n
602,shl,int,64,-1,__ockl_fprintf_append_string_n
603,or,int,64,-1,__ockl_fprintf_append_string_n
604,load,int,8,-1,__ockl_fprintf_append_string_n
605,zext,int,64,-1,__ockl_fprintf_append_string_n
606,shl,int,64,-1,__ockl_fprintf_append_string_n
607,or,int,64,-1,__ockl_fprintf_append_string_n
608,load,int,8,-1,__ockl_fprintf_append_string_n
609,zext,int,64,-1,__ockl_fprintf_append_string_n
610,shl,int,64,-1,__ockl_fprintf_append_string_n
611,or,int,64,-1,__ockl_fprintf_append_string_n
612,add,int,32,-1,__ockl_fprintf_append_string_n
613,phi,int,32,-1,__ockl_fprintf_append_string_n
614,phi,int,64,-1,__ockl_fprintf_append_string_n
615,zext,int,64,-1,__ockl_fprintf_append_string_n
616,load,int,8,-1,__ockl_fprintf_append_string_n
617,zext,int,64,-1,__ockl_fprintf_append_string_n
618,shl,int,32,-1,__ockl_fprintf_append_string_n
619,zext,int,64,-1,__ockl_fprintf_append_string_n
620,shl,int,64,-1,__ockl_fprintf_append_string_n
621,or,int,64,-1,__ockl_fprintf_append_string_n
622,add,int,32,-1,__ockl_fprintf_append_string_n
623,icmp,int,1,-1,__ockl_fprintf_append_string_n
624,phi,int,32,-1,__ockl_fprintf_append_string_n
625,phi,int,64,-1,__ockl_fprintf_append_string_n
626,icmp,int,1,-1,__ockl_fprintf_append_string_n
627,icmp,int,1,-1,__ockl_fprintf_append_string_n
628,load,int,8,-1,__ockl_fprintf_append_string_n
629,zext,int,64,-1,__ockl_fprintf_append_string_n
630,load,int,8,-1,__ockl_fprintf_append_string_n
631,zext,int,64,-1,__ockl_fprintf_append_string_n
632,shl,int,64,-1,__ockl_fprintf_append_string_n
633,or,int,64,-1,__ockl_fprintf_append_string_n
634,load,int,8,-1,__ockl_fprintf_append_string_n
635,zext,int,64,-1,__ockl_fprintf_append_string_n
636,shl,int,64,-1,__ockl_fprintf_append_string_n
637,or,int,64,-1,__ockl_fprintf_append_string_n
638,load,int,8,-1,__ockl_fprintf_append_string_n
639,zext,int,64,-1,__ockl_fprintf_append_string_n
640,shl,int,64,-1,__ockl_fprintf_append_string_n
641,or,int,64,-1,__ockl_fprintf_append_string_n
642,load,int,8,-1,__ockl_fprintf_append_string_n
643,zext,int,64,-1,__ockl_fprintf_append_string_n
644,shl,int,64,-1,__ockl_fprintf_append_string_n
645,or,int,64,-1,__ockl_fprintf_append_string_n
646,load,int,8,-1,__ockl_fprintf_append_string_n
647,zext,int,64,-1,__ockl_fprintf_append_string_n
648,shl,int,64,-1,__ockl_fprintf_append_string_n
649,or,int,64,-1,__ockl_fprintf_append_string_n
650,load,int,8,-1,__ockl_fprintf_append_string_n
651,zext,int,64,-1,__ockl_fprintf_append_string_n
652,shl,int,64,-1,__ockl_fprintf_append_string_n
653,or,int,64,-1,__ockl_fprintf_append_string_n
654,load,int,8,-1,__ockl_fprintf_append_string_n
655,zext,int,64,-1,__ockl_fprintf_append_string_n
656,shl,int,64,-1,__ockl_fprintf_append_string_n
657,or,int,64,-1,__ockl_fprintf_append_string_n
658,phi,int,32,-1,__ockl_fprintf_append_string_n
659,phi,int,64,-1,__ockl_fprintf_append_string_n
660,zext,int,64,-1,__ockl_fprintf_append_string_n
661,load,int,8,-1,__ockl_fprintf_append_string_n
662,zext,int,64,-1,__ockl_fprintf_append_string_n
663,shl,int,32,-1,__ockl_fprintf_append_string_n
664,zext,int,64,-1,__ockl_fprintf_append_string_n
665,shl,int,64,-1,__ockl_fprintf_append_string_n
666,or,int,64,-1,__ockl_fprintf_append_string_n
667,add,int,32,-1,__ockl_fprintf_append_string_n
668,icmp,int,1,-1,__ockl_fprintf_append_string_n
669,phi,int,64,-1,__ockl_fprintf_append_string_n
670,shl,int,64,-1,__ockl_fprintf_append_string_n
671,add,int,64,-1,__ockl_fprintf_append_string_n
672,and,int,64,-1,__ockl_fprintf_append_string_n
673,and,int,64,-1,__ockl_fprintf_append_string_n
674,or,int,64,-1,__ockl_fprintf_append_string_n
675,sub,int,64,-1,__ockl_fprintf_append_string_n
676,icmp,int,1,-1,__ockl_fprintf_append_string_n
677,extractelement,int,64,-1,__ockl_fprintf_append_string_n
678,load,int,32,-1,__ockl_get_local_size
679,icmp,int,1,-1,__ockl_get_local_size
680,call,int,32,-1,__ockl_get_local_size
681,load,int,16,-1,__ockl_get_local_size
682,zext,int,32,-1,__ockl_get_local_size
683,load,int,32,-1,__ockl_get_local_size
684,mul,int,32,-1,__ockl_get_local_size
685,sub,int,32,-1,__ockl_get_local_size
686,call,int,32,-1,__ockl_get_local_size
687,zext,int,64,-1,__ockl_get_local_size
688,call,int,32,-1,__ockl_get_local_size
689,load,int,32,-1,__ockl_get_local_size
690,icmp,int,1,-1,__ockl_get_local_size
691,select,int,64,-1,__ockl_get_local_size
692,load,int,16,-1,__ockl_get_local_size
693,zext,int,64,-1,__ockl_get_local_size
694,load,int,32,-1,__ockl_get_local_size
695,icmp,int,1,-1,__ockl_get_local_size
696,call,int,32,-1,__ockl_get_local_size
697,load,int,16,-1,__ockl_get_local_size
698,zext,int,32,-1,__ockl_get_local_size
699,load,int,32,-1,__ockl_get_local_size
700,mul,int,32,-1,__ockl_get_local_size
701,sub,int,32,-1,__ockl_get_local_size
702,call,int,32,-1,__ockl_get_local_size
703,zext,int,64,-1,__ockl_get_local_size
704,call,int,32,-1,__ockl_get_local_size
705,load,int,32,-1,__ockl_get_local_size
706,icmp,int,1,-1,__ockl_get_local_size
707,select,int,64,-1,__ockl_get_local_size
708,load,int,16,-1,__ockl_get_local_size
709,zext,int,64,-1,__ockl_get_local_size
710,load,int,32,-1,__ockl_get_local_size
711,icmp,int,1,-1,__ockl_get_local_size
712,call,int,32,-1,__ockl_get_local_size
713,load,int,16,-1,__ockl_get_local_size
714,zext,int,32,-1,__ockl_get_local_size
715,load,int,32,-1,__ockl_get_local_size
716,mul,int,32,-1,__ockl_get_local_size
717,sub,int,32,-1,__ockl_get_local_size
718,call,int,32,-1,__ockl_get_local_size
719,zext,int,64,-1,__ockl_get_local_size
720,call,int,32,-1,__ockl_get_local_size
721,load,int,32,-1,__ockl_get_local_size
722,icmp,int,1,-1,__ockl_get_local_size
723,select,int,64,-1,__ockl_get_local_size
724,load,int,16,-1,__ockl_get_local_size
725,zext,int,64,-1,__ockl_get_local_size
726,phi,int,64,-1,__ockl_get_local_size
727,call,int,32,-1,__ockl_get_group_id
728,call,int,32,-1,__ockl_get_group_id
729,call,int,32,-1,__ockl_get_group_id
730,phi,int,32,-1,__ockl_get_group_id
731,zext,int,64,-1,__ockl_get_group_id
